fio,faculty,title,degree
Кузнецов Е.П.,ИТМО,,к.н.
Лебедева Е.П.,ФИВТ,профессор,
Морозов К.М.,ФФ,профессор,д.н.
Алексеев З.Т.,ФПМИ,доцент,к.н.
Волков В.И.,ФМиМ,профессор,к.н.
Иванов Л.О.,ФИТ,ассистент,к.н.
Петров Е.П.,ФРТ,ассистент,
Соколов М.Ю.,ФИВТ,профессор,
Волков М.Ю.,ФИТ,профессор,д.н.
Морозов Ж.Р.,ФУПМ,,к.н.
Иванов И.К.,ФФ,ассистент,
Кузнецов Ж.Р.,ФИТ,доцент,д.н.
Смирнов И.К.,ФПМИ,профессор,
Иванов М.Ю.,ФМиМ,,
Иванов В.И.,ФИТ,,к.н.
Алексеев М.Ю.,ФЭТ,доцент,к.н.
Алексеев Б.В.,ИТМО,,д.н.
Алексеев В.И.,ФМиМ,ассистент,
Кузнецов И.К.,ФРТ,профессор,д.н.
Волков Г.Н.,ФРТ,,д.н.
Попов Л.О.,ФМиМ,доцент,к.н.
Иванов З.Т.,ФМиЕН,,д.н.
Сидоров К.М.,ФМиМ,ассистент,д.н.
Волков Л.О.,ФИТ,профессор,д.н.
Сидоров И.К.,ФМиЕН,ассистент,д.н.
Волков К.М.,ФИТ,ассистент,к.н.
Соколов К.М.,ФПМИ,ассистент,
Попов И.К.,ФРТ,доцент,
Соколов М.Ю.,ФЭТ,ассистент,д.н.
Соколов Л.О.,ФРТ,профессор,д.н.
Лебедев К.М.,ФРТ,профессор,к.н.
Морозов З.Т.,ФФ,профессор,к.н.
Петров З.Т.,ФФ,,к.н.
Морозов Ж.Р.,ФФ,ассистент,д.н.
Лебедев А.А.,ФИВТ,профессор,д.н.
Смирнов Л.О.,ФИВТ,,
Соколов Г.Н.,ФМиЕН,доцент,к.н.
Морозов Е.П.,ФФ,профессор,д.н.
Лебедев Г.Н.,ФУПМ,ассистент,
Козлов З.Т.,ФЭТ,доцент,к.н.
Волков Ж.Р.,ФФ,профессор,к.н.
Попов В.И.,ИТМО,,д.н.
Лебедева Б.В.,ФИТ,профессор,д.н.
Козлов К.М.,ФМиМ,доцент,к.н.
Петров З.Т.,ФРТ,доцент,д.н.
Попов К.М.,ФПМИ,доцент,к.н.
Смирнов Е.П.,ФЭТ,,к.н.
Новиков З.Т.,ФУПМ,профессор,к.н.
Волков Ж.Р.,ФИТ,ассистент,д.н.
Новиков Е.П.,ФЭТ,профессор,к.н.
Смирнов Б.В.,ФМиМ,,к.н.
Алексеев Е.П.,ФФ,,
Новиков К.М.,ФМиМ,ассистент,
Волков Л.О.,ФПМИ,ассистент,д.н.
Егоров М.Ю.,ФУПМ,профессор,д.н.
Лебедев К.М.,ФМиЕН,доцент,к.н.
Козлов Л.О.,ФИТ,,
Лебедев Е.П.,ФРТ,профессор,д.н.
Иванов Д.С.,ФМиЕН,доцент,
Петров Е.П.,ФФ,доцент,к.н.
Лебедев Л.О.,ФФ,доцент,д.н.
Лебедева К.М.,ФИВТ,ассистент,
Смирнов В.И.,ИТМО,профессор,к.н.
Кузнецов В.И.,ФФ,,к.н.
Соколов Г.Н.,ФМиМ,профессор,
Соколов З.Т.,ИТМО,профессор,
Иванов Л.О.,ФМиЕН,ассистент,к.н.
Кузнецов Д.С.,ФИТ,ассистент,к.н.
Смирнов В.И.,ФМиМ,ассистент,д.н.
Петров Б.В.,ФФ,доцент,к.н.
Новиков В.И.,ФРТ,ассистент,
Волков А.А.,ФФ,,к.н.
Морозов Б.В.,ИТМО,ассистент,
Иванов Л.О.,ФФ,профессор,д.н.
Козлов М.Ю.,ФМиЕН,ассистент,к.н.
Лебедев К.М.,ФПМИ,,д.н.
Сидоров К.М.,ФМиЕН,ассистент,к.н.
Смирнов К.М.,ФФ,ассистент,к.н.
Козлов И.К.,ФРТ,доцент,к.н.
Соколов Л.О.,ФЭТ,,
Кузнецов Ж.Р.,ФМиЕН,доцент,к.н.
Лебедев М.Ю.,ФИВТ,,
Попов М.Ю.,ФМиЕН,,к.н.
Алексеев З.Т.,ИТМО,,
Морозов Л.О.,ФИТ,доцент,
Иванов Е.П.,ФИТ,,к.н.
Попов Л.О.,ФИТ,доцент,д.н.
Иванов Д.С.,ФИТ,,к.н.
Лебедева З.Т.,ФЭТ,профессор,
Лебедев М.Ю.,ФМиМ,доцент,д.н.
Попов В.И.,ФМиМ,профессор,
Кузнецов К.М.,ИТМО,профессор,д.н.
Смирнов Л.О.,ФИТ,,к.н.
Смирнов В.И.,ИТМО,,
Алексеев Б.В.,ФМиЕН,доцент,к.н.
Семенов И.К.,ФМиЕН,доцент,к.н.
Егоров Г.Н.,ФМиМ,ассистент,к.н.
Сидоров Л.О.,ФИВТ,,
Кузнецов Л.О.,ФУПМ,доцент,
Петров И.К.,ФИТ,,
Попов А.А.,ФМиМ,профессор,
Семенов К.М.,ФМиМ,профессор,д.н.
Петров Б.В.,ФПМИ,ассистент,к.н.
Семенов И.К.,ФУПМ,ассистент,д.н.
Семенов Б.В.,ФУПМ,ассистент,к.н.
Иванов Г.Н.,ФМиМ,ассистент,к.н.
Петров М.Ю.,ФИВТ,,
Семенов Г.Н.,ФИВТ,доцент,д.н.
Лебедева Г.Н.,ФМиЕН,профессор,
Морозов М.Ю.,ФУПМ,ассистент,
Иванов Б.В.,ФУПМ,профессор,к.н.
Соколов Г.Н.,ФИВТ,доцент,д.н.
Новиков Е.П.,ФМиЕН,ассистент,
Соколов М.Ю.,ФЭТ,профессор,к.н.
Лебедев А.А.,ФМиМ,доцент,к.н.
Попов Ж.Р.,ФИТ,профессор,
Алексеев Г.Н.,ФЭТ,,к.н.
Козлов Л.О.,ФИВТ,ассистент,д.н.
Иванов Г.Н.,ФИВТ,профессор,д.н.
Морозов З.Т.,ФПМИ,профессор,к.н.
Егоров З.Т.,ФИТ,доцент,к.н.
Иванов Г.Н.,ФРТ,,д.н.
Лебедева Е.П.,ФУПМ,профессор,
Лебедев Г.Н.,ФУПМ,,
Лебедев Б.В.,ФЭТ,профессор,д.н.
Попов З.Т.,ФИВТ,ассистент,
Попов А.А.,ФУПМ,ассистент,д.н.
Козлов З.Т.,ФПМИ,ассистент,д.н.
Лебедева Д.С.,ФФ,профессор,
Козлов З.Т.,ФРТ,доцент,д.н.
Алексеев И.К.,ФИВТ,профессор,д.н.
Лебедев Е.П.,ФЭТ,доцент,
Волков Е.П.,ФМиМ,,д.н.
Морозов В.И.,ИТМО,профессор,к.н.
Иванов К.М.,ФИТ,ассистент,
Волков З.Т.,ФРТ,ассистент,к.н.
Соколов Г.Н.,ИТМО,профессор,д.н.
Петров Ж.Р.,ИТМО,доцент,
Смирнов Д.С.,ФФ,ассистент,
Сидоров И.К.,ФИВТ,доцент,к.н.
Соколов М.Ю.,ФЭТ,доцент,д.н.
Волков З.Т.,ФФ,ассистент,
Петров Б.В.,ФМиЕН,профессор,к.н.
Козлов К.М.,ФМиМ,профессор,к.н.
Попов Д.С.,ФМиМ,доцент,к.н.
Алексеев К.М.,ФУПМ,,д.н.
Соколов З.Т.,ФИТ,ассистент,д.н.
Морозов Б.В.,ФМиЕН,ассистент,к.н.
Соколов Г.Н.,ФМиМ,профессор,
Лебедева З.Т.,ФПМИ,,д.н.
Кузнецов Б.В.,ФМиМ,ассистент,
Петров К.М.,ФУПМ,,д.н.
Семенов М.Ю.,ФМиЕН,,д.н.
Семенов А.А.,ФФ,профессор,
Новиков И.К.,ФУПМ,ассистент,д.н.
Новиков А.А.,ФМиЕН,,к.н.
Егоров К.М.,ФИТ,профессор,д.н.
Петров З.Т.,ФЭТ,доцент,к.н.
Смирнов К.М.,ФМиМ,профессор,
Новиков В.И.,ФФ,доцент,д.н.
Новиков Г.Н.,ФМиЕН,профессор,д.н.
Алексеев Л.О.,ФФ,доцент,
Лебедев Г.Н.,ФРТ,доцент,д.н.
Козлов Б.В.,ФПМИ,профессор,д.н.
Кузнецов Е.П.,ФМиЕН,доцент,к.н.
Козлов З.Т.,ФФ,доцент,д.н.
Петров В.И.,ФМиЕН,,
Соколов М.Ю.,ФМиЕН,профессор,
Новиков Л.О.,ФЭТ,ассистент,к.н.
Козлов И.К.,ФМиЕН,профессор,
Смирнов А.А.,ФФ,,
Волков Ж.Р.,ФИВТ,,к.н.
Кузнецов М.Ю.,ФМиМ,ассистент,к.н.
Кузнецов И.К.,ФЭТ,,к.н.
Егоров Л.О.,ФФ,ассистент,к.н.
Соколов Ж.Р.,ФУПМ,профессор,к.н.
Алексеев Ж.Р.,ФРТ,профессор,д.н.
Иванов Г.Н.,ФИВТ,ассистент,
Смирнов И.К.,ФМиЕН,ассистент,
Сидоров Б.В.,ФПМИ,доцент,
Кузнецов З.Т.,ФИВТ,ассистент,д.н.
Морозов Ж.Р.,ФПМИ,профессор,
Новиков Е.П.,ФФ,профессор,к.н.
Волков Е.П.,ФМиЕН,профессор,
Семенов А.А.,ФРТ,ассистент,к.н.
Новиков Б.В.,ИТМО,ассистент,к.н.
Смирнов З.Т.,ФРТ,профессор,к.н.
Морозов Д.С.,ФИВТ,,
Лебедев И.К.,ФРТ,профессор,д.н.
Козлов М.Ю.,ФРТ,доцент,
Попов Д.С.,ФПМИ,доцент,к.н.
Морозов И.К.,ФИВТ,доцент,к.н.
Петров З.Т.,ФИТ,профессор,к.н.
Волков Д.С.,ФИТ,ассистент,к.н.
Алексеев М.Ю.,ФИТ,доцент,к.н.
Сидоров Д.С.,ФФ,ассистент,к.н.
Морозов Ж.Р.,ФМиЕН,доцент,д.н.
Сидоров В.И.,ФЭТ,профессор,д.н.
Лебедева З.Т.,ФИТ,доцент,д.н.
Алексеев Ж.Р.,ФПМИ,профессор,д.н.
Алексеев А.А.,ФИТ,профессор,
Лебедева Г.Н.,ФМиМ,профессор,
Козлов А.А.,ФЭТ,,д.н.
Алексеев Ж.Р.,ФРТ,профессор,
Егоров И.К.,ФМиМ,профессор,к.н.
Егоров В.И.,ФМиМ,,к.н.
Смирнов Г.Н.,ФЭТ,,к.н.
Морозов К.М.,ФФ,,д.н.
Петров В.И.,ФИТ,,к.н.
Лебедева А.А.,ФПМИ,доцент,д.н.
Сидоров В.И.,ФПМИ,профессор,
Лебедев К.М.,ФМиЕН,профессор,к.н.
Иванов К.М.,ФИВТ,доцент,д.н.
Петров Е.П.,ИТМО,профессор,к.н.
Петров М.Ю.,ИТМО,профессор,к.н.
Морозов Б.В.,ФРТ,профессор,
Соколов В.И.,ФМиМ,ассистент,к.н.
Семенов Г.Н.,ФМиМ,профессор,д.н.
Егоров В.И.,ФИТ,ассистент,
Сидоров Г.Н.,ФФ,,к.н.
Смирнов И.К.,ФИВТ,ассистент,д.н.
Смирнов Ж.Р.,ФЭТ,доцент,к.н.
Волков А.А.,ФИТ,доцент,к.н.
Смирнов Г.Н.,ФРТ,доцент,
Козлов К.М.,ФПМИ,,к.н.
Егоров Б.В.,ФМиМ,профессор,д.н.
Иванов Е.П.,ИТМО,профессор,д.н.
Семенов Б.В.,ФМиЕН,,д.н.
Козлов М.Ю.,ФФ,,к.н.
Кузнецов Ж.Р.,ФИТ,доцент,к.н.
Иванов И.К.,ФЭТ,доцент,д.н.
Лебедева Г.Н.,ФРТ,доцент,д.н.
Попов Л.О.,ФМиМ,доцент,
Семенов Б.В.,ФРТ,доцент,к.н.
Семенов К.М.,ФИТ,ассистент,д.н.
Лебедев З.Т.,ФИВТ,,к.н.
Иванов Л.О.,ФУПМ,,д.н.
Попов Д.С.,ФУПМ,доцент,д.н.
Смирнов Б.В.,ФИВТ,,д.н.
Иванов Г.Н.,ФМиМ,профессор,к.н.
Новиков А.А.,ФМиМ,профессор,
Соколов Г.Н.,ФМиЕН,,к.н.
Егоров А.А.,ИТМО,ассистент,
Петров А.А.,ФУПМ,доцент,к.н.
Иванов М.Ю.,ФФ,доцент,д.н.
Сидоров К.М.,ФМиМ,,
Волков А.А.,ИТМО,профессор,к.н.
Соколов И.К.,ФМиМ,профессор,д.н.
Волков М.Ю.,ФИТ,доцент,
Лебедев Е.П.,ФИТ,,
Сидоров З.Т.,ФМиЕН,,
Егоров Л.О.,ФПМИ,ассистент,к.н.
Иванов И.К.,ФЭТ,ассистент,д.н.
Кузнецов М.Ю.,ФРТ,ассистент,к.н.
Лебедев К.М.,ФПМИ,доцент,д.н.
Петров К.М.,ФИВТ,ассистент,к.н.
Петров И.К.,ФИТ,доцент,к.н.
Алексеев Д.С.,ФМиЕН,доцент,д.н.
Иванов З.Т.,ФРТ,,к.н.
Волков М.Ю.,ФРТ,ассистент,к.н.
Сидоров В.И.,ФМиМ,,к.н.
Лебедева Ж.Р.,ФИТ,,к.н.
Алексеев М.Ю.,ФМиМ,,д.н.
Лебедев Д.С.,ФМиМ,доцент,д.н.
Лебедев В.И.,ФРТ,доцент,
Иванов К.М.,ФМиМ,,к.н.
Лебедева Ж.Р.,ФМиМ,профессор,
Козлов Л.О.,ФМиЕН,ассистент,д.н.
Сидоров В.И.,ФУПМ,профессор,к.н.
Егоров К.М.,ФФ,профессор,к.н.
Смирнов Л.О.,ФМиМ,профессор,
Семенов Г.Н.,ФФ,ассистент,к.н.
Морозов Б.В.,ФМиЕН,доцент,к.н.
Петров Ж.Р.,ФПМИ,профессор,к.н.
Иванов Е.П.,ФМиЕН,ассистент,к.н.
Семенов М.Ю.,ИТМО,доцент,к.н.
Семенов Д.С.,ФПМИ,доцент,д.н.
Сидоров И.К.,ИТМО,ассистент,
Соколов В.И.,ФПМИ,профессор,
Иванов З.Т.,ФЭТ,доцент,
Козлов Л.О.,ФМиЕН,профессор,д.н.
Волков А.А.,ФФ,доцент,
Новиков Л.О.,ФИВТ,,
Смирнов Г.Н.,ФИВТ,доцент,д.н.
Иванов Б.В.,ФИВТ,доцент,к.н.
Новиков В.И.,ИТМО,профессор,д.н.
Семенов А.А.,ФЭТ,ассистент,д.н.
Лебедев К.М.,ФРТ,,
Морозов Г.Н.,ФУПМ,,к.н.
Иванов К.М.,ФРТ,ассистент,к.н.
Егоров Л.О.,ФУПМ,ассистент,
Сидоров К.М.,ФФ,ассистент,д.н.
Волков Г.Н.,ФРТ,профессор,к.н.
Соколов М.Ю.,ФРТ,доцент,д.н.
Соколов К.М.,ФУПМ,доцент,к.н.
Сидоров З.Т.,ФУПМ,доцент,
Лебедев И.К.,ФПМИ,,д.н.
Волков Б.В.,ИТМО,ассистент,к.н.
Попов И.К.,ФИТ,,
Петров З.Т.,ФЭТ,профессор,
Егоров Д.С.,ФФ,ассистент,к.н.
Лебедев Е.П.,ФИТ,доцент,
Иванов Б.В.,ФМиМ,ассистент,
Петров А.А.,ФРТ,ассистент,д.н.
Егоров Л.О.,ФФ,ассистент,
Семенов К.М.,ФЭТ,ассистент,к.н.
Лебедев Д.С.,ФРТ,ассистент,к.н.
Петров Д.С.,ФИТ,доцент,
Алексеев Л.О.,ФРТ,профессор,к.н.
Морозов Е.П.,ФИТ,профессор,
Смирнов Ж.Р.,ФМиМ,доцент,д.н.
Егоров Г.Н.,ФИТ,профессор,д.н.
Лебедев Л.О.,ФМиМ,ассистент,к.н.
Егоров Л.О.,ФМиМ,ассистент,к.н.
Алексеев А.А.,ФПМИ,доцент,
Егоров М.Ю.,ФПМИ,профессор,д.н.
Алексеев В.И.,ФИВТ,ассистент,к.н.
Кузнецов Б.В.,ФУПМ,ассистент,
Козлов Б.В.,ФМиЕН,,д.н.
Алексеев Г.Н.,ФИВТ,профессор,
Кузнецов И.К.,ФРТ,,
Иванов Е.П.,ФПМИ,,
Кузнецов З.Т.,ФФ,профессор,
Егоров К.М.,ФМиМ,,д.н.
Сидоров Г.Н.,ФРТ,доцент,д.н.
Козлов И.К.,ФИВТ,,
Петров А.А.,ФМиМ,,
Морозов Л.О.,ФПМИ,доцент,
Козлов Д.С.,ФПМИ,доцент,д.н.
Лебедева А.А.,ФПМИ,профессор,
Кузнецов Д.С.,ФРТ,ассистент,к.н.
Лебедева Л.О.,ФИТ,ассистент,д.н.
Попов М.Ю.,ИТМО,ассистент,
Семенов Д.С.,ФРТ,доцент,
Волков А.А.,ФПМИ,,д.н.
Иванов В.И.,ФПМИ,профессор,д.н.
Лебедев Д.С.,ФЭТ,профессор,д.н.
Семенов Ж.Р.,ФРТ,профессор,
Морозов М.Ю.,ИТМО,профессор,д.н.
Новиков Е.П.,ФФ,доцент,
Попов М.Ю.,ФМиЕН,профессор,д.н.
Соколов Б.В.,ФРТ,профессор,д.н.
Волков Б.В.,ФМиЕН,,
Волков М.Ю.,ИТМО,,
Попов А.А.,ИТМО,,к.н.
Кузнецов Е.П.,ФИТ,ассистент,
Соколов Д.С.,ФИВТ,,
Егоров З.Т.,ФУПМ,профессор,к.н.
Новиков К.М.,ФМиМ,,д.н.
Лебедева В.И.,ФФ,доцент,к.н.
Козлов Г.Н.,ФРТ,профессор,к.н.
Морозов В.И.,ФПМИ,профессор,
Лебедева З.Т.,ФЭТ,доцент,д.н.
Морозов М.Ю.,ФПМИ,доцент,
Новиков Д.С.,ФМиМ,доцент,д.н.
Новиков З.Т.,ИТМО,профессор,к.н.
Новиков И.К.,ФМиМ,,к.н.
Лебедева А.А.,ФИТ,профессор,
Лебедева И.К.,ФИВТ,,к.н.
Новиков И.К.,ФИТ,доцент,
Морозов М.Ю.,ФИТ,профессор,
Иванов В.И.,ФМиМ,,к.н.
Новиков Д.С.,ФФ,профессор,д.н.
Новиков И.К.,ФПМИ,доцент,д.н.
Петров Д.С.,ФУПМ,доцент,к.н.
Волков В.И.,ФРТ,ассистент,д.н.
Сидоров И.К.,ФРТ,ассистент,
Петров Л.О.,ФМиМ,доцент,к.н.
Кузнецов Д.С.,ФПМИ,ассистент,к.н.
Лебедева И.К.,ИТМО,доцент,
Козлов Б.В.,ФЭТ,ассистент,
Петров А.А.,ФИВТ,доцент,д.н.
Новиков И.К.,ФМиЕН,ассистент,д.н.
Петров И.К.,ФУПМ,,д.н.
Сидоров Е.П.,ФМиМ,ассистент,к.н.
Кузнецов Г.Н.,ФМиЕН,профессор,д.н.
Лебедева Л.О.,ФМиЕН,профессор,д.н.
Кузнецов Б.В.,ФЭТ,ассистент,д.н.
Сидоров Е.П.,ФФ,доцент,д.н.
Новиков Б.В.,ФРТ,,к.н.
Попов В.И.,ФУПМ,доцент,д.н.
Козлов И.К.,ФУПМ,доцент,
Лебедева Ж.Р.,ФРТ,доцент,
Морозов А.А.,ИТМО,ассистент,
Лебедева Д.С.,ФЭТ,,
Козлов Ж.Р.,ФМиЕН,профессор,к.н.
Петров Л.О.,ФИТ,,
Алексеев К.М.,ФИТ,ассистент,д.н.
Новиков Е.П.,ФФ,доцент,д.н.
Семенов Ж.Р.,ИТМО,доцент,
Лебедева Л.О.,ФЭТ,доцент,к.н.
Егоров Л.О.,ФПМИ,,д.н.
Семенов Б.В.,ФЭТ,доцент,
Козлов И.К.,ФПМИ,доцент,
Морозов М.Ю.,ФМиЕН,профессор,д.н.
Лебедева Г.Н.,ФПМИ,доцент,
Морозов З.Т.,ФУПМ,профессор,к.н.
Сидоров И.К.,ФМиМ,ассистент,
Попов В.И.,ИТМО,ассистент,
Алексеев Г.Н.,ФПМИ,ассистент,
Петров В.И.,ФРТ,ассистент,
Кузнецов Л.О.,ФЭТ,,д.н.
Семенов И.К.,ФФ,доцент,к.н.
Новиков Д.С.,ФУПМ,доцент,к.н.
Волков Д.С.,ФРТ,доцент,к.н.
Соколов Г.Н.,ФИВТ,ассистент,д.н.
Алексеев Ж.Р.,ФПМИ,ассистент,д.н.
Егоров Д.С.,ФРТ,профессор,д.н.
Новиков Б.В.,ФМиЕН,профессор,д.н.
Смирнов Ж.Р.,ИТМО,профессор,к.н.
Новиков Д.С.,ФИВТ,профессор,д.н.
Новиков В.И.,ФУПМ,ассистент,к.н.
Попов К.М.,ФМиЕН,доцент,к.н.
Козлов В.И.,ИТМО,,
Алексеев К.М.,ФИВТ,ассистент,д.н.
Петров Д.С.,ФПМИ,,к.н.
Лебедева Д.С.,ФМиМ,профессор,д.н.
Волков М.Ю.,ФМиМ,профессор,д.н.
Новиков Л.О.,ФРТ,,к.н.
Волков В.И.,ФЭТ,профессор,
Смирнов В.И.,ФИВТ,ассистент,д.н.
Егоров Л.О.,ФПМИ,ассистент,
Соколов В.И.,ФПМИ,доцент,
Кузнецов Л.О.,ФФ,доцент,к.н.
Соколов В.И.,ФМиЕН,доцент,к.н.
Смирнов Ж.Р.,ФРТ,,к.н.
Попов Б.В.,ФМиМ,ассистент,
Лебедева Л.О.,ФМиМ,,
Попов А.А.,ФРТ,доцент,д.н.
Лебедев Д.С.,ФПМИ,профессор,д.н.
Смирнов Г.Н.,ФУПМ,,д.н.
Смирнов Л.О.,ФМиЕН,профессор,к.н.
Алексеев Л.О.,ФПМИ,ассистент,д.н.
Сидоров К.М.,ФИВТ,,д.н.
Сидоров И.К.,ФИТ,профессор,д.н.
Морозов Д.С.,ИТМО,ассистент,к.н.
Новиков И.К.,ФИВТ,доцент,
Иванов И.К.,ФПМИ,доцент,д.н.
Морозов З.Т.,ФИТ,ассистент,к.н.
Морозов В.И.,ФИВТ,доцент,
Лебедева М.Ю.,ФПМИ,,к.н.
Сидоров Б.В.,ИТМО,ассистент,д.н.
Петров А.А.,ФФ,профессор,д.н.
Козлов К.М.,ФФ,ассистент,к.н.
Петров Ж.Р.,ФУПМ,профессор,к.н.
Новиков В.И.,ФИВТ,доцент,к.н.
Иванов Д.С.,ФПМИ,доцент,д.н.
Семенов Г.Н.,ФМиЕН,ассистент,к.н.
Смирнов И.К.,ФУПМ,доцент,к.н.
Иванов Л.О.,ФЭТ,профессор,
Лебедева М.Ю.,ФРТ,,
Попов Д.С.,ИТМО,доцент,
Лебедев В.И.,ФМиЕН,ассистент,д.н.
Морозов А.А.,ФМиЕН,доцент,к.н.
Волков Л.О.,ФПМИ,доцент,
Петров Г.Н.,ФРТ,доцент,к.н.
Соколов З.Т.,ФЭТ,,
Попов Ж.Р.,ИТМО,доцент,
Новиков А.А.,ФФ,,д.н.
Алексеев И.К.,ФПМИ,доцент,
Кузнецов Д.С.,ФИВТ,ассистент,д.н.
Лебедева З.Т.,ФПМИ,ассистент,д.н.
Кузнецов А.А.,ИТМО,профессор,
Егоров Д.С.,ФРТ,,
Смирнов Е.П.,ФИТ,,к.н.
Иванов Г.Н.,ФМиМ,ассистент,
Лебедев М.Ю.,ФРТ,,
Волков К.М.,ФУПМ,профессор,
Новиков В.И.,ФРТ,,д.н.
Петров Ж.Р.,ФИВТ,доцент,д.н.
Козлов И.К.,ФИВТ,,д.н.
Новиков В.И.,ИТМО,профессор,к.н.
Семенов Л.О.,ФИТ,доцент,
Смирнов Д.С.,ФРТ,ассистент,к.н.
Лебедева М.Ю.,ФИТ,ассистент,
Новиков Б.В.,ИТМО,,
Морозов М.Ю.,ФИВТ,профессор,
Иванов З.Т.,ФМиМ,профессор,к.н.
Лебедев И.К.,ФЭТ,профессор,к.н.
Егоров К.М.,ФМиМ,профессор,
Сидоров Д.С.,ИТМО,профессор,д.н.
Алексеев Е.П.,ФФ,ассистент,д.н.
Егоров З.Т.,ФИТ,доцент,к.н.
Волков Д.С.,ФПМИ,ассистент,к.н.
Смирнов Д.С.,ФРТ,доцент,
Алексеев К.М.,ФПМИ,профессор,к.н.
Лебедева Б.В.,ФМиЕН,доцент,к.н.
Семенов В.И.,ФУПМ,,
Лебедева И.К.,ИТМО,доцент,д.н.
Морозов А.А.,ФЭТ,профессор,
Иванов Ж.Р.,ФМиЕН,,к.н.
Кузнецов И.К.,ФУПМ,ассистент,д.н.
Морозов Е.П.,ФИТ,доцент,д.н.
Петров М.Ю.,ФМиЕН,ассистент,
Морозов Г.Н.,ФЭТ,профессор,
Козлов А.А.,ФМиМ,,
Кузнецов Л.О.,ФФ,,д.н.
Соколов Г.Н.,ФЭТ,ассистент,д.н.
Новиков Л.О.,ФМиЕН,профессор,
Лебедева В.И.,ФИТ,профессор,к.н.
Волков Б.В.,ФЭТ,профессор,к.н.
Волков З.Т.,ФМиМ,профессор,к.н.
Морозов В.И.,ФУПМ,ассистент,д.н.
Петров Б.В.,ФИТ,ассистент,к.н.
Иванов К.М.,ФРТ,,к.н.
Лебедева Л.О.,ФМиЕН,ассистент,к.н.
Кузнецов А.А.,ИТМО,ассистент,к.н.
Козлов Л.О.,ИТМО,доцент,д.н.
Лебедева Е.П.,ФМиМ,доцент,д.н.
Алексеев К.М.,ФПМИ,доцент,к.н.
Лебедева К.М.,ФИВТ,,д.н.
Петров Г.Н.,ФПМИ,доцент,к.н.
Попов М.Ю.,ФФ,профессор,д.н.
Кузнецов Г.Н.,ФРТ,ассистент,д.н.
Соколов И.К.,ФФ,доцент,
Соколов З.Т.,ФИТ,профессор,д.н.
Петров В.И.,ФЭТ,ассистент,д.н.
Новиков Г.Н.,ФМиМ,профессор,д.н.
Сидоров Б.В.,ФЭТ,,к.н.
Лебедева З.Т.,ФИВТ,профессор,
Лебедева И.К.,ФИВТ,профессор,
Егоров М.Ю.,ФМиЕН,профессор,
Кузнецов И.К.,ФРТ,доцент,к.н.
Алексеев Ж.Р.,ФЭТ,,д.н.
Волков Б.В.,ФМиМ,ассистент,
Егоров А.А.,ФИТ,,д.н.
Морозов В.И.,ФИТ,доцент,д.н.
Сидоров Б.В.,ФЭТ,доцент,д.н.
Кузнецов Ж.Р.,ФМиЕН,ассистент,д.н.
Смирнов Е.П.,ФРТ,ассистент,к.н.
Морозов Д.С.,ФРТ,,
Алексеев Ж.Р.,ФИВТ,профессор,
Семенов М.Ю.,ФРТ,ассистент,к.н.
Смирнов Г.Н.,ФФ,ассистент,
Алексеев Д.С.,ФМиЕН,ассистент,д.н.
Волков А.А.,ФПМИ,доцент,к.н.
Кузнецов Г.Н.,ФПМИ,,к.н.
Петров З.Т.,ФМиМ,профессор,к.н.
Кузнецов И.К.,ФМиЕН,профессор,к.н.
Смирнов Ж.Р.,ФИТ,профессор,к.н.
Волков Ж.Р.,ФИТ,профессор,д.н.
Лебедева Л.О.,ФИВТ,ассистент,к.н.
Сидоров К.М.,ИТМО,ассистент,д.н.
Кузнецов М.Ю.,ФУПМ,,д.н.
Егоров Л.О.,ИТМО,,
Егоров Е.П.,ФПМИ,доцент,к.н.
Новиков Г.Н.,ФМиЕН,профессор,к.н.
Козлов Б.В.,ФЭТ,доцент,
Лебедева Б.В.,ФИВТ,профессор,к.н.
Кузнецов В.И.,ИТМО,ассистент,д.н.
Козлов Г.Н.,ФУПМ,профессор,
Лебедев Л.О.,ФИВТ,ассистент,
Алексеев Е.П.,ФМиЕН,доцент,д.н.
Семенов З.Т.,ФИТ,ассистент,
Петров И.К.,ФФ,доцент,д.н.
Морозов Г.Н.,ФМиЕН,доцент,д.н.
Морозов Б.В.,ФФ,,к.н.
Лебедева М.Ю.,ФИТ,ассистент,
Попов Е.П.,ФИТ,ассистент,
Сидоров Л.О.,ФМиЕН,ассистент,д.н.
Морозов Ж.Р.,ФМиЕН,профессор,к.н.
Морозов К.М.,ФИТ,профессор,д.н.
Морозов Л.О.,ФИТ,,
Лебедева К.М.,ФМиЕН,доцент,к.н.
Иванов Ж.Р.,ФФ,доцент,д.н.
Лебедев К.М.,ФРТ,ассистент,к.н.
Петров Ж.Р.,ФФ,доцент,к.н.
Морозов Л.О.,ФЭТ,ассистент,к.н.
Козлов Л.О.,ФИВТ,ассистент,д.н.
Козлов Г.Н.,ИТМО,доцент,
Петров Ж.Р.,ФФ,доцент,
Семенов К.М.,ФРТ,профессор,д.н.
Соколов В.И.,ФИТ,доцент,к.н.
Соколов Ж.Р.,ФИТ,доцент,д.н.
Кузнецов Б.В.,ФИТ,ассистент,к.н.
Новиков Ж.Р.,ФМиМ,профессор,к.н.
Алексеев К.М.,ФИВТ,профессор,к.н.
Попов Ж.Р.,ИТМО,,д.н.
Козлов А.А.,ФМиЕН,профессор,
Егоров Е.П.,ФПМИ,ассистент,
Смирнов Л.О.,ИТМО,ассистент,к.н.
Иванов З.Т.,ФУПМ,,д.н.
Новиков Д.С.,ИТМО,доцент,
Попов Д.С.,ФМиЕН,ассистент,к.н.
Попов К.М.,ФПМИ,доцент,
Лебедева К.М.,ФИВТ,,
Петров Ж.Р.,ФРТ,,д.н.
Кузнецов К.М.,ФИТ,профессор,к.н.
Лебедев Л.О.,ФПМИ,ассистент,д.н.
Морозов Б.В.,ИТМО,ассистент,к.н.
Попов Л.О.,ФРТ,,
Лебедева З.Т.,ФЭТ,,к.н.
Новиков В.И.,ИТМО,профессор,
Козлов Л.О.,ФЭТ,,д.н.
Егоров Г.Н.,ФФ,ассистент,
Кузнецов Е.П.,ФФ,профессор,к.н.
Смирнов А.А.,ИТМО,доцент,д.н.
Лебедев И.К.,ФЭТ,,д.н.
Кузнецов Б.В.,ФФ,ассистент,
Алексеев М.Ю.,ФМиЕН,ассистент,д.н.
Семенов Б.В.,ФРТ,доцент,д.н.
Соколов К.М.,ФМиМ,доцент,к.н.
Соколов Д.С.,ФИТ,ассистент,д.н.
Новиков К.М.,ФПМИ,ассистент,к.н.
Смирнов Г.Н.,ФРТ,профессор,
Семенов М.Ю.,ФМиМ,доцент,к.н.
Петров З.Т.,ФФ,доцент,к.н.
Смирнов В.И.,ФФ,доцент,
Семенов Е.П.,ФИВТ,ассистент,к.н.
Соколов М.Ю.,ФПМИ,ассистент,д.н.
Лебедев М.Ю.,ФМиЕН,доцент,д.н.
Егоров И.К.,ФФ,,к.н.
Козлов Б.В.,ФФ,профессор,д.н.
Козлов К.М.,ФИТ,доцент,д.н.
Семенов Ж.Р.,ФФ,профессор,д.н.
Лебедев З.Т.,ФМиЕН,доцент,к.н.
Новиков З.Т.,ФМиМ,ассистент,
Морозов З.Т.,ФПМИ,профессор,
Волков Г.Н.,ФЭТ,,д.н.
Смирнов В.И.,ФЭТ,профессор,д.н.
Козлов А.А.,ФУПМ,профессор,
Попов В.И.,ФИВТ,доцент,к.н.
Егоров Д.С.,ФИТ,профессор,
Морозов И.К.,ФИВТ,доцент,к.н.
Козлов Ж.Р.,ФИТ,профессор,к.н.
Козлов К.М.,ФМиЕН,ассистент,к.н.
Смирнов Б.В.,ФРТ,,к.н.
Алексеев Л.О.,ФИВТ,профессор,
Лебедев В.И.,ФИТ,,д.н.
Лебедев А.А.,ФУПМ,доцент,
Петров И.К.,ФПМИ,,
Семенов Б.В.,ФФ,профессор,к.н.
Петров М.Ю.,ФМиМ,,д.н.
Петров М.Ю.,ИТМО,доцент,
Кузнецов М.Ю.,ФЭТ,,к.н.
Егоров Л.О.,ФПМИ,профессор,к.н.
Смирнов М.Ю.,ФМиЕН,ассистент,
Волков Д.С.,ФИТ,доцент,
Смирнов К.М.,ИТМО,ассистент,д.н.
Егоров К.М.,ИТМО,ассистент,
Соколов Ж.Р.,ИТМО,ассистент,
Семенов В.И.,ФИВТ,,к.н.
Новиков М.Ю.,ФМиМ,,
Петров В.И.,ФМиЕН,профессор,
Лебедев М.Ю.,ФПМИ,ассистент,к.н.
Соколов Ж.Р.,ФЭТ,,
Сидоров Г.Н.,ФРТ,доцент,к.н.
Петров В.И.,ФМиМ,доцент,к.н.
Семенов М.Ю.,ФМиЕН,,к.н.
Попов З.Т.,ФИТ,,
Лебедева А.А.,ФУПМ,ассистент,д.н.
Волков В.И.,ФПМИ,доцент,
Новиков В.И.,ФМиЕН,доцент,к.н.
Кузнецов Д.С.,ФПМИ,доцент,
Новиков М.Ю.,ФМиЕН,ассистент,к.н.
Волков Ж.Р.,ФУПМ,,
Егоров К.М.,ФПМИ,доцент,д.н.
Соколов Ж.Р.,ФИТ,доцент,д.н.
Сидоров Г.Н.,ФФ,ассистент,к.н.
Семенов Л.О.,ФЭТ,,к.н.
Соколов М.Ю.,ФИВТ,профессор,к.н.
Соколов Г.Н.,ФПМИ,,к.н.
Семенов М.Ю.,ФИВТ,доцент,к.н.
Семенов Л.О.,ИТМО,доцент,д.н.
Егоров Е.П.,ФЭТ,ассистент,к.н.
Сидоров Б.В.,ФПМИ,профессор,д.н.
Алексеев М.Ю.,ФРТ,профессор,к.н.
Кузнецов М.Ю.,ФИТ,профессор,к.н.
Кузнецов И.К.,ФУПМ,доцент,к.н.
Волков И.К.,ИТМО,,д.н.
Новиков Д.С.,ИТМО,профессор,к.н.
Соколов А.А.,ФРТ,,
Петров Е.П.,ИТМО,доцент,д.н.
Новиков И.К.,ФПМИ,,
Лебедев Л.О.,ФИВТ,ассистент,д.н.
Смирнов Д.С.,ИТМО,,д.н.
Новиков Ж.Р.,ФФ,ассистент,
Смирнов А.А.,ИТМО,,к.н.
Егоров К.М.,ФПМИ,доцент,
Волков Ж.Р.,ФИВТ,,к.н.
Иванов Е.П.,ФИВТ,,
Алексеев К.М.,ИТМО,профессор,д.н.
Петров Б.В.,ФИТ,,д.н.
Сидоров Д.С.,ФФ,ассистент,д.н.
Сидоров Б.В.,ФУПМ,доцент,к.н.
Козлов В.И.,ФУПМ,ассистент,
Смирнов З.Т.,ФФ,ассистент,д.н.
Новиков Д.С.,ФФ,профессор,к.н.
Петров Л.О.,ФЭТ,ассистент,к.н.
Кузнецов З.Т.,ФМиЕН,ассистент,д.н.
Лебедева А.А.,ФУПМ,профессор,д.н.
Лебедева В.И.,ФРТ,доцент,
Волков М.Ю.,ФИВТ,доцент,к.н.
Волков И.К.,ФУПМ,,к.н.
Соколов А.А.,ФМиЕН,доцент,
Кузнецов М.Ю.,ФРТ,профессор,
Петров А.А.,ФРТ,,
Лебедева Г.Н.,ФМиЕН,ассистент,к.н.
Лебедев М.Ю.,ФЭТ,доцент,
Волков К.М.,ФМиЕН,,к.н.
Лебедев М.Ю.,ФУПМ,профессор,д.н.
Смирнов А.А.,ФИВТ,профессор,
Лебедева Л.О.,ФМиМ,,к.н.
Соколов А.А.,ФМиЕН,ассистент,
Семенов Л.О.,ФПМИ,профессор,к.н.
Семенов А.А.,ФПМИ,доцент,к.н.
Лебедева М.Ю.,ИТМО,доцент,
Новиков З.Т.,ФУПМ,,
Соколов В.И.,ФФ,профессор,
Козлов К.М.,ФИВТ,профессор,
Иванов Б.В.,ИТМО,доцент,д.н.
Попов Б.В.,ФМиЕН,профессор,д.н.
Смирнов З.Т.,ФИТ,профессор,
Егоров В.И.,ФЭТ,доцент,к.н.
Лебедев Д.С.,ФУПМ,,д.н.
Соколов Г.Н.,ФРТ,профессор,д.н.
Лебедева Ж.Р.,ФМиМ,ассистент,к.н.
Кузнецов А.А.,ФПМИ,,д.н.
Егоров А.А.,ФИВТ,ассистент,
Лебедев Ж.Р.,ФРТ,профессор,
Козлов А.А.,ФРТ,ассистент,д.н.
Семенов Б.В.,ФМиЕН,ассистент,к.н.
Алексеев Ж.Р.,ФЭТ,профессор,д.н.
Попов З.Т.,ФИВТ,ассистент,
Новиков И.К.,ФИТ,доцент,д.н.
Лебедев К.М.,ФФ,,д.н.
Морозов Е.П.,ФЭТ,профессор,
Семенов З.Т.,ФМиЕН,,д.н.
Лебедев И.К.,ФЭТ,,к.н.
Козлов К.М.,ФРТ,доцент,к.н.
Алексеев З.Т.,ИТМО,доцент,
Алексеев З.Т.,ФМиМ,доцент,д.н.
Новиков Д.С.,ФЭТ,ассистент,к.н.
Волков З.Т.,ФРТ,,
Смирнов Л.О.,ФРТ,доцент,д.н.
Козлов Г.Н.,ФФ,,к.н.
Семенов Б.В.,ФФ,доцент,к.н.
Сидоров М.Ю.,ФУПМ,ассистент,
Смирнов Г.Н.,ФУПМ,профессор,
Егоров К.М.,ФРТ,,к.н.
Новиков И.К.,ФПМИ,,д.н.
Алексеев И.К.,ФЭТ,,к.н.
Лебедев М.Ю.,ФИТ,доцент,к.н.
Иванов К.М.,ФИТ,профессор,
Сидоров Г.Н.,ФПМИ,доцент,к.н.
Козлов И.К.,ФУПМ,,д.н.
Иванов М.Ю.,ФИВТ,ассистент,д.н.
Лебедева В.И.,ИТМО,ассистент,к.н.
Егоров В.И.,ИТМО,ассистент,к.н.
Семенов М.Ю.,ИТМО,профессор,д.н.
Кузнецов Л.О.,ФРТ,доцент,д.н.
Волков А.А.,ФФ,,к.н.
Алексеев И.К.,ФМиМ,,д.н.
Смирнов Ж.Р.,ФФ,,
Егоров М.Ю.,ФМиМ,,
Иванов Д.С.,ФПМИ,ассистент,д.н.
Смирнов Л.О.,ФФ,профессор,д.н.
Петров Б.В.,ФФ,ассистент,к.н.
Алексеев Д.С.,ФМиМ,профессор,к.н.
Козлов Д.С.,ФФ,доцент,
Егоров Е.П.,ФУПМ,профессор,к.н.
Петров В.И.,ФИТ,ассистент,к.н.
Смирнов Л.О.,ФИВТ,,д.н.
Иванов В.И.,ФПМИ,доцент,к.н.
Соколов И.К.,ФРТ,профессор,д.н.
Кузнецов Б.В.,ФЭТ,доцент,
Егоров Ж.Р.,ФУПМ,,к.н.
Соколов Г.Н.,ФРТ,,к.н.
Новиков К.М.,ФРТ,,д.н.
Егоров Ж.Р.,ФЭТ,профессор,
Новиков А.А.,ФФ,профессор,
Алексеев Ж.Р.,ФМиМ,ассистент,к.н.
Лебедева Е.П.,ИТМО,,к.н.
Егоров И.К.,ФУПМ,профессор,
Лебедев З.Т.,ФРТ,,к.н.
Егоров Г.Н.,ФФ,,
Лебедев В.И.,ФУПМ,доцент,к.н.
Смирнов И.К.,ФРТ,,д.н.
Сидоров Е.П.,ФИВТ,профессор,д.н.
Петров З.Т.,ФМиЕН,,
Семенов А.А.,ФМиМ,профессор,д.н.
Иванов Ж.Р.,ФФ,доцент,
Попов Л.О.,ФИВТ,доцент,д.н.
Соколов Г.Н.,ФПМИ,,д.н.
Морозов Л.О.,ФПМИ,ассистент,к.н.
Козлов К.М.,ФИВТ,ассистент,д.н.
Кузнецов В.И.,ФИВТ,профессор,к.н.
Петров З.Т.,ФПМИ,доцент,к.н.
Соколов Л.О.,ФУПМ,,к.н.
Морозов И.К.,ФМиМ,,д.н.
Алексеев К.М.,ФИВТ,профессор,к.н.
Иванов Г.Н.,ИТМО,профессор,к.н.
Морозов Д.С.,ФЭТ,доцент,д.н.
Попов М.Ю.,ФФ,профессор,к.н.
Морозов В.И.,ФМиМ,профессор,д.н.
Лебедева И.К.,ФИВТ,,
Алексеев К.М.,ФУПМ,,д.н.
Соколов Ж.Р.,ФРТ,,
Волков А.А.,ФИВТ,ассистент,д.н.
Алексеев А.А.,ИТМО,профессор,д.н.
Соколов Г.Н.,ФПМИ,профессор,
Егоров Ж.Р.,ФЭТ,доцент,к.н.
Лебедев Ж.Р.,ИТМО,профессор,д.н.
Семенов В.И.,ФМиМ,профессор,к.н.
Смирнов Д.С.,ФМиЕН,,
Егоров З.Т.,ФРТ,,к.н.
Попов Г.Н.,ФУПМ,,
Козлов А.А.,ФИТ,,
Сидоров З.Т.,ФУПМ,доцент,д.н.
Соколов М.Ю.,ФПМИ,,
Алексеев Г.Н.,ФУПМ,ассистент,
Иванов М.Ю.,ФФ,ассистент,
Козлов М.Ю.,ФРТ,доцент,
Егоров В.И.,ФМиМ,доцент,д.н.
Соколов А.А.,ИТМО,ассистент,д.н.
Волков В.И.,ФУПМ,профессор,
Кузнецов В.И.,ФРТ,ассистент,
Морозов З.Т.,ИТМО,,д.н.
Петров А.А.,ФУПМ,доцент,
Алексеев М.Ю.,ФУПМ,ассистент,
Морозов К.М.,ФИТ,доцент,
Соколов Б.В.,ФИТ,,
Новиков К.М.,ФИТ,доцент,к.н.
Лебедева К.М.,ФРТ,,к.н.
Кузнецов Г.Н.,ФМиЕН,профессор,
Соколов Л.О.,ФМиМ,,к.н.
Соколов Ж.Р.,ИТМО,профессор,к.н.
Сидоров А.А.,ФФ,ассистент,
Лебедев З.Т.,ФМиЕН,,
Волков К.М.,ФИТ,,
Кузнецов З.Т.,ФПМИ,профессор,
Соколов Д.С.,ФМиЕН,доцент,д.н.
Кузнецов Ж.Р.,ФМиЕН,,
Иванов Л.О.,ИТМО,,
Морозов Д.С.,ФУПМ,профессор,к.н.
Лебедева А.А.,ФУПМ,ассистент,д.н.
Смирнов И.К.,ФФ,доцент,
Егоров К.М.,ФЭТ,ассистент,д.н.
Алексеев Г.Н.,ФФ,доцент,
Егоров З.Т.,ФИТ,,
Соколов Ж.Р.,ФЭТ,профессор,
Попов Е.П.,ФМиЕН,доцент,д.н.
Иванов Г.Н.,ИТМО,доцент,
Егоров В.И.,ФПМИ,,
Волков З.Т.,ФИВТ,профессор,к.н.
Козлов А.А.,ФМиЕН,доцент,к.н.
Иванов Г.Н.,ФИТ,профессор,д.н.
Лебедева И.К.,ФУПМ,профессор,д.н.
Волков Ж.Р.,ФУПМ,,к.н.
Новиков Б.В.,ИТМО,ассистент,д.н.
Смирнов Г.Н.,ФФ,,к.н.
Козлов Е.П.,ФМиЕН,доцент,
Петров К.М.,ФПМИ,профессор,д.н.
Семенов Д.С.,ФУПМ,,
Волков З.Т.,ФУПМ,доцент,д.н.
Сидоров Д.С.,ФРТ,,к.н.
Смирнов Ж.Р.,ФМиЕН,профессор,
Петров Ж.Р.,ФПМИ,,к.н.
Козлов А.А.,ФПМИ,доцент,д.н.
Алексеев З.Т.,ФФ,доцент,д.н.
Волков Д.С.,ФУПМ,профессор,
Морозов Д.С.,ФФ,профессор,д.н.
Сидоров В.И.,ФРТ,профессор,к.н.
Смирнов З.Т.,ФПМИ,доцент,
Семенов К.М.,ФУПМ,доцент,к.н.
Семенов М.Ю.,ФПМИ,доцент,д.н.
Кузнецов А.А.,ФРТ,доцент,д.н.
Козлов А.А.,ФМиЕН,доцент,к.н.
Сидоров И.К.,ФРТ,ассистент,к.н.
Лебедев И.К.,ФФ,профессор,
Семенов З.Т.,ФМиЕН,ассистент,д.н.
Попов Д.С.,ФМиМ,ассистент,
Иванов З.Т.,ФИВТ,профессор,
Алексеев З.Т.,ФЭТ,,к.н.
Иванов М.Ю.,ФИВТ,профессор,
Кузнецов Д.С.,ФФ,профессор,к.н.
Семенов К.М.,ФМиЕН,доцент,
Семенов К.М.,ИТМО,доцент,д.н.
Волков Л.О.,ФЭТ,,к.н.
Иванов Л.О.,ФИТ,ассистент,
Соколов З.Т.,ФМиЕН,,
Петров И.К.,ФФ,,к.н.
Смирнов Л.О.,ФУПМ,ассистент,к.н.
Лебедева Б.В.,ФМиМ,профессор,д.н.
Козлов И.К.,ФФ,,д.н.
Козлов В.И.,ФИВТ,,д.н.
Соколов М.Ю.,ФМиМ,профессор,д.н.
Иванов И.К.,ФИВТ,,
Семенов А.А.,ФМиМ,,к.н.
Волков К.М.,ФРТ,профессор,к.н.
Лебедев Г.Н.,ФПМИ,профессор,д.н.
Морозов Б.В.,ИТМО,,
Лебедева Л.О.,ФПМИ,профессор,к.н.
Смирнов Д.С.,ФИТ,профессор,
Петров Л.О.,ФЭТ,профессор,д.н.
Новиков А.А.,ФИВТ,,д.н.
Козлов К.М.,ФЭТ,доцент,к.н.
Соколов Г.Н.,ФУПМ,,д.н.
Новиков Д.С.,ИТМО,профессор,к.н.
Лебедев Д.С.,ФЭТ,ассистент,к.н.
Алексеев В.И.,ФМиЕН,доцент,д.н.
Козлов З.Т.,ФИВТ,доцент,
Петров Е.П.,ФРТ,,к.н.
Новиков Г.Н.,ФМиМ,доцент,д.н.
Лебедев Д.С.,ФПМИ,профессор,д.н.
Лебедев Л.О.,ФЭТ,доцент,д.н.
Новиков К.М.,ФЭТ,профессор,
Лебедева И.К.,ИТМО,доцент,д.н.
Иванов Б.В.,ФЭТ,ассистент,д.н.
Семенов З.Т.,ИТМО,доцент,д.н.
Смирнов Б.В.,ФМиЕН,профессор,к.н.
Смирнов А.А.,ФПМИ,доцент,д.н.
Алексеев З.Т.,ФПМИ,профессор,
Попов М.Ю.,ФФ,,к.н.
Волков Б.В.,ФИВТ,профессор,
Алексеев М.Ю.,ФПМИ,ассистент,
Иванов Е.П.,ФУПМ,ассистент,
Смирнов И.К.,ФИТ,профессор,д.н.
Лебедев Ж.Р.,ФУПМ,ассистент,к.н.
Смирнов А.А.,ФИВТ,,
Кузнецов В.И.,ФУПМ,профессор,д.н.
Смирнов В.И.,ФУПМ,профессор,д.н.
Сидоров Б.В.,ФИВТ,доцент,к.н.
Иванов Л.О.,ФМиМ,профессор,д.н.
Соколов Ж.Р.,ФЭТ,профессор,
Волков К.М.,ФРТ,доцент,
Иванов Г.Н.,ФИВТ,доцент,д.н.
Сидоров З.Т.,ФРТ,,д.н.
Волков И.К.,ИТМО,ассистент,
Смирнов М.Ю.,ФМиМ,доцент,д.н.
Попов И.К.,ФФ,,
Петров К.М.,ФПМИ,профессор,д.н.
Соколов М.Ю.,ФИВТ,,д.н.
Волков Г.Н.,ФМиЕН,доцент,д.н.
Егоров Ж.Р.,ФИТ,,к.н.
Иванов К.М.,ФРТ,,к.н.
Соколов Ж.Р.,ФМиЕН,,к.н.
Волков Л.О.,ФРТ,,д.н.
Семенов Б.В.,ИТМО,,к.н.
Лебедева Д.С.,ФИВТ,,
Сидоров Д.С.,ФПМИ,доцент,д.н.
Кузнецов Л.О.,ФМиЕН,ассистент,
Попов Д.С.,ФФ,профессор,к.н.
Семенов Л.О.,ФУПМ,ассистент,д.н.
Семенов З.Т.,ФРТ,,д.н.
Морозов Д.С.,ФМиМ,профессор,д.н.
Алексеев И.К.,ФИВТ,,
Попов Г.Н.,ИТМО,профессор,к.н.
Смирнов А.А.,ИТМО,,д.н.
Петров Ж.Р.,ИТМО,ассистент,
Петров Д.С.,ФУПМ,,к.н.
Сидоров И.К.,ФМиМ,,д.н.
Петров Е.П.,ИТМО,,
Смирнов Г.Н.,ИТМО,профессор,
Козлов Г.Н.,ФИТ,доцент,д.н.
Иванов И.К.,ИТМО,ассистент,д.н.
Семенов А.А.,ФИВТ,ассистент,к.н.
Козлов М.Ю.,ИТМО,,д.н.
Волков Г.Н.,ФИВТ,ассистент,
Семенов Б.В.,ФФ,профессор,д.н.
Сидоров В.И.,ФРТ,доцент,д.н.
Лебедева Е.П.,ФРТ,доцент,
Иванов Б.В.,ФМиМ,доцент,
Лебедев З.Т.,ФФ,профессор,
Сидоров И.К.,ФМиЕН,доцент,
Лебедева Б.В.,ФФ,ассистент,
Волков М.Ю.,ФПМИ,ассистент,к.н.
Лебедева В.И.,ФФ,профессор,к.н.
Смирнов Ж.Р.,ФЭТ,,
Петров А.А.,ФФ,ассистент,
Новиков З.Т.,ФМиМ,ассистент,д.н.
Смирнов Л.О.,ФЭТ,,д.н.
Козлов М.Ю.,ФПМИ,профессор,
Лебедева К.М.,ИТМО,ассистент,к.н.
Попов В.И.,ФИТ,профессор,
Иванов З.Т.,ФПМИ,доцент,к.н.
Семенов В.И.,ФМиМ,доцент,к.н.
Сидоров З.Т.,ФИТ,,
Волков Ж.Р.,ФЭТ,ассистент,к.н.
Лебедева А.А.,ФПМИ,,
Соколов Г.Н.,ФФ,профессор,
Иванов Б.В.,ФРТ,профессор,д.н.
Лебедев Л.О.,ФФ,доцент,д.н.
Козлов А.А.,ФУПМ,профессор,к.н.
Морозов Г.Н.,ФИТ,ассистент,к.н.
Морозов А.А.,ФМиМ,профессор,к.н.
Алексеев З.Т.,ФПМИ,,д.н.
Лебедева А.А.,ФУПМ,ассистент,
Морозов Б.В.,ФИВТ,профессор,
Кузнецов В.И.,ФПМИ,,к.н.
Попов В.И.,ФИВТ,профессор,
Новиков Ж.Р.,ФИВТ,ассистент,д.н.
Петров Д.С.,ФПМИ,ассистент,
Иванов К.М.,ФУПМ,доцент,к.н.
Волков М.Ю.,ФМиМ,ассистент,
Новиков Л.О.,ФИВТ,доцент,к.н.
Лебедев К.М.,ФИВТ,профессор,д.н.
Петров К.М.,ФИВТ,доцент,д.н.
Соколов К.М.,ФИВТ,ассистент,к.н.
Сидоров З.Т.,ФЭТ,доцент,к.н.
Соколов З.Т.,ФЭТ,профессор,
Соколов Г.Н.,ФМиЕН,ассистент,д.н.
Лебедев Б.В.,ИТМО,доцент,
Новиков Е.П.,ФРТ,доцент,
Соколов М.Ю.,ФФ,доцент,
Петров Ж.Р.,ФФ,доцент,д.н.
Лебедева А.А.,ФПМИ,профессор,
Егоров Д.С.,ФИТ,,к.н.
Алексеев Д.С.,ФИВТ,доцент,к.н.
Кузнецов И.К.,ФМиЕН,ассистент,к.н.
Егоров В.И.,ФМиЕН,,д.н.
Семенов Д.С.,ФМиМ,ассистент,д.н.
Смирнов К.М.,ФМиМ,ассистент,к.н.
Егоров Ж.Р.,ФМиМ,доцент,д.н.
Алексеев Д.С.,ФИТ,доцент,д.н.
Соколов К.М.,ФУПМ,,
Егоров К.М.,ФПМИ,,д.н.
Смирнов Ж.Р.,ИТМО,,
Соколов Б.В.,ФМиЕН,ассистент,д.н.
Соколов З.Т.,ФПМИ,,д.н.
Волков Е.П.,ФУПМ,ассистент,
Попов А.А.,ФИВТ,,д.н.
Семенов М.Ю.,ФФ,профессор,к.н.
Сидоров К.М.,ФРТ,профессор,
Семенов А.А.,ФИВТ,доцент,д.н.
Смирнов Г.Н.,ФРТ,доцент,д.н.
Волков И.К.,ФПМИ,ассистент,к.н.
Козлов В.И.,ФРТ,доцент,д.н.
Лебедева Б.В.,ФМиМ,доцент,д.н.
Лебедева Ж.Р.,ФУПМ,,
Лебедева Б.В.,ФМиЕН,ассистент,к.н.
Петров И.К.,ФФ,профессор,
Козлов Б.В.,ФМиМ,профессор,
Иванов Е.П.,ФФ,доцент,к.н.
Алексеев З.Т.,ФМиЕН,,
Сидоров К.М.,ФИТ,ассистент,
Семенов Г.Н.,ФУПМ,доцент,к.н.
Новиков Б.В.,ФЭТ,,д.н.
Кузнецов Д.С.,ФИВТ,,к.н.
Петров М.Ю.,ФФ,доцент,к.н.
Волков К.М.,ФМиМ,ассистент,к.н.
Соколов Е.П.,ФЭТ,ассистент,
Волков Д.С.,ФМиЕН,ассистент,
Егоров А.А.,ФПМИ,доцент,
Лебедева М.Ю.,ФЭТ,,
Семенов Г.Н.,ФИТ,,д.н.
Иванов И.К.,ФМиМ,доцент,д.н.
Попов Д.С.,ФПМИ,профессор,
Петров К.М.,ФМиЕН,доцент,
Волков Г.Н.,ФУПМ,,
Иванов Ж.Р.,ФФ,доцент,д.н.
Лебедев Г.Н.,ФМиМ,,д.н.
Кузнецов М.Ю.,ИТМО,профессор,к.н.
Кузнецов Г.Н.,ФФ,,к.н.
Егоров И.К.,ФИТ,,д.н.
Попов Л.О.,ФРТ,ассистент,
Кузнецов Е.П.,ФФ,,д.н.
Лебедева Д.С.,ФРТ,доцент,д.н.
Козлов Д.С.,ФРТ,,д.н.
Новиков А.А.,ФПМИ,ассистент,к.н.
Семенов В.И.,ФФ,ассистент,к.н.
Козлов И.К.,ФМиЕН,доцент,
Алексеев Л.О.,ФИВТ,ассистент,д.н.
Волков В.И.,ФМиМ,доцент,
Козлов Г.Н.,ФРТ,ассистент,к.н.
Алексеев К.М.,ИТМО,профессор,к.н.
Козлов Ж.Р.,ФМиЕН,профессор,
Смирнов З.Т.,ФИТ,доцент,д.н.
Лебедев И.К.,ФИВТ,профессор,д.н.
Лебедев И.К.,ФМиМ,,д.н.
Морозов М.Ю.,ФМиМ,,д.н.
Волков Л.О.,ФИТ,доцент,к.н.
Семенов Л.О.,ФМиЕН,профессор,к.н.
Козлов Д.С.,ФПМИ,доцент,д.н.
Алексеев Л.О.,ФУПМ,ассистент,
Семенов Г.Н.,ФМиМ,ассистент,д.н.
Сидоров А.А.,ФЭТ,профессор,к.н.
Волков Л.О.,ФФ,ассистент,д.н.
Иванов В.И.,ФФ,ассистент,к.н.
Морозов Л.О.,ФПМИ,ассистент,
Лебедева М.Ю.,ФПМИ,профессор,к.н.
Лебедева В.И.,ФУПМ,доцент,к.н.
Волков Ж.Р.,ФФ,,
Попов Ж.Р.,ФИВТ,доцент,
Новиков Ж.Р.,ФУПМ,профессор,д.н.
Кузнецов И.К.,ФЭТ,доцент,к.н.
Сидоров Г.Н.,ФМиМ,профессор,д.н.
Попов З.Т.,ИТМО,доцент,к.н.
Кузнецов А.А.,ФМиМ,профессор,
Семенов Ж.Р.,ИТМО,профессор,д.н.
Лебедев Б.В.,ФМиМ,профессор,д.н.
Попов Д.С.,ФИВТ,ассистент,д.н.
Лебедева Г.Н.,ФИТ,профессор,д.н.
Новиков В.И.,ФМиМ,,
Новиков Е.П.,ФПМИ,,д.н.
Смирнов И.К.,ФМиЕН,профессор,д.н.
Морозов К.М.,ФУПМ,,д.н.
Соколов А.А.,ФМиМ,,к.н.
Попов Л.О.,ФМиЕН,профессор,д.н.
Алексеев И.К.,ФМиЕН,,к.н.
Алексеев Л.О.,ФМиМ,ассистент,д.н.
Егоров Е.П.,ФМиМ,,д.н.
Алексеев Л.О.,ФУПМ,ассистент,к.н.
Лебедева Ж.Р.,ФИТ,ассистент,
Кузнецов Д.С.,ФИВТ,доцент,д.н.
Попов З.Т.,ФМиМ,профессор,к.н.
Волков Г.Н.,ФУПМ,профессор,
Соколов З.Т.,ФФ,ассистент,
Морозов З.Т.,ФИВТ,профессор,к.н.
Алексеев К.М.,ФМиМ,доцент,
Алексеев Г.Н.,ФРТ,профессор,д.н.
Егоров З.Т.,ФМиМ,профессор,к.н.
Егоров И.К.,ФРТ,,
Козлов К.М.,ИТМО,,д.н.
Петров В.И.,ФРТ,,
Алексеев З.Т.,ФИВТ,,д.н.
Семенов Д.С.,ФУПМ,доцент,д.н.
Лебедева З.Т.,ФПМИ,профессор,к.н.
Лебедева Б.В.,ФУПМ,доцент,к.н.
Семенов Д.С.,ФЭТ,профессор,
Попов И.К.,ФРТ,профессор,
Иванов И.К.,ФФ,доцент,к.н.
Лебедева М.Ю.,ФИВТ,профессор,д.н.
Петров И.К.,ФМиМ,,
Соколов Б.В.,ФПМИ,,к.н.
Сидоров Д.С.,ФЭТ,,к.н.
Волков М.Ю.,ФФ,,к.н.
Семенов М.Ю.,ФФ,ассистент,д.н.
Егоров М.Ю.,ИТМО,профессор,д.н.
Иванов Г.Н.,ФФ,профессор,к.н.
Семенов В.И.,ФЭТ,профессор,
Сидоров Б.В.,ФФ,ассистент,д.н.
Лебедев А.А.,ФФ,ассистент,
Смирнов Е.П.,ФФ,профессор,
Морозов М.Ю.,ФМиМ,профессор,к.н.
Попов А.А.,ФИВТ,профессор,д.н.
Попов А.А.,ФПМИ,ассистент,
Соколов А.А.,ФФ,профессор,к.н.
Соколов К.М.,ФПМИ,доцент,
Попов З.Т.,ИТМО,,
Сидоров Б.В.,ФЭТ,,д.н.
Козлов К.М.,ФПМИ,ассистент,
Попов Ж.Р.,ФМиЕН,ассистент,д.н.
Соколов Л.О.,ФПМИ,,к.н.
Новиков Е.П.,ФЭТ,ассистент,к.н.
Петров Е.П.,ФЭТ,ассистент,к.н.
Смирнов Ж.Р.,ФРТ,доцент,к.н.
Лебедев Д.С.,ИТМО,ассистент,д.н.
Кузнецов В.И.,ФИТ,профессор,д.н.
Смирнов В.И.,ФЭТ,доцент,д.н.
Петров З.Т.,ФУПМ,доцент,
Лебедева Г.Н.,ФРТ,профессор,к.н.
Морозов Е.П.,ФФ,,
Петров Д.С.,ФИТ,,
Егоров К.М.,ФУПМ,профессор,д.н.
Алексеев И.К.,ФИВТ,ассистент,к.н.
Лебедев А.А.,ФИВТ,профессор,
Сидоров З.Т.,ФЭТ,профессор,д.н.
Алексеев В.И.,ФИТ,доцент,к.н.
Семенов В.И.,ФУПМ,доцент,д.н.
Алексеев М.Ю.,ФЭТ,ассистент,д.н.
Алексеев В.И.,ИТМО,профессор,д.н.
Алексеев К.М.,ФУПМ,ассистент,д.н.
Семенов Г.Н.,ФИВТ,ассистент,д.н.
Волков И.К.,ФИВТ,профессор,
Морозов К.М.,ФУПМ,ассистент,д.н.
Лебедева Г.Н.,ФМиМ,ассистент,к.н.
Смирнов Л.О.,ФИВТ,,к.н.
Волков И.К.,ФИВТ,доцент,д.н.
Волков Е.П.,ФМиЕН,профессор,к.н.
Сидоров Л.О.,ФУПМ,ассистент,к.н.
Кузнецов Е.П.,ФИТ,,д.н.
Петров А.А.,ФРТ,ассистент,
Егоров Г.Н.,ФРТ,ассистент,к.н.
Егоров Л.О.,ФПМИ,ассистент,к.н.
Новиков И.К.,ФИВТ,профессор,
Алексеев Д.С.,ИТМО,ассистент,д.н.
Кузнецов А.А.,ФИТ,ассистент,
Лебедев З.Т.,ФЭТ,,
Лебедев В.И.,ФФ,,
Волков Б.В.,ИТМО,профессор,к.н.
Волков М.Ю.,ФМиЕН,профессор,д.н.
Петров Д.С.,ФИВТ,ассистент,д.н.
Попов В.И.,ИТМО,доцент,
Соколов И.К.,ФЭТ,,д.н.
Смирнов А.А.,ИТМО,,к.н.
Смирнов З.Т.,ФМиЕН,,д.н.
Лебедев Б.В.,ФПМИ,доцент,к.н.
Егоров А.А.,ФИТ,,
Кузнецов К.М.,ИТМО,профессор,
Егоров И.К.,ФФ,доцент,к.н.
Козлов А.А.,ФИВТ,доцент,д.н.
Петров Л.О.,ФМиЕН,профессор,д.н.
Лебедева Б.В.,ФМиЕН,ассистент,д.н.
Новиков Ж.Р.,ФРТ,,д.н.
Алексеев В.И.,ФУПМ,профессор,к.н.
Лебедев А.А.,ФПМИ,,д.н.
Петров М.Ю.,ФМиМ,ассистент,д.н.
Морозов Д.С.,ФЭТ,,к.н.
Козлов Ж.Р.,ФФ,,
Морозов Л.О.,ФУПМ,доцент,к.н.
Морозов А.А.,ФИВТ,,
Кузнецов Г.Н.,ФУПМ,доцент,к.н.
Лебедева З.Т.,ФРТ,ассистент,д.н.
Морозов Б.В.,ФРТ,,д.н.
Алексеев М.Ю.,ФПМИ,ассистент,
Соколов И.К.,ФРТ,,к.н.
Петров В.И.,ФИТ,доцент,
Егоров Г.Н.,ФФ,профессор,д.н.
Алексеев М.Ю.,ФРТ,доцент,к.н.
Кузнецов И.К.,ФРТ,профессор,к.н.
Попов И.К.,ИТМО,,к.н.
Лебедева Д.С.,ФИВТ,доцент,
Семенов Ж.Р.,ФЭТ,ассистент,д.н.
Кузнецов К.М.,ФРТ,ассистент,д.н.
Иванов Ж.Р.,ФМиМ,доцент,
Смирнов М.Ю.,ФПМИ,доцент,д.н.
Волков В.И.,ФЭТ,,
Петров Б.В.,ФЭТ,профессор,к.н.
Сидоров Г.Н.,ФМиМ,ассистент,к.н.
Кузнецов А.А.,ФИТ,,к.н.
Лебедев Г.Н.,ФМиМ,профессор,к.н.
Семенов Е.П.,ФИТ,доцент,д.н.
Петров З.Т.,ФМиМ,профессор,
Семенов В.И.,ФЭТ,доцент,д.н.
Егоров Ж.Р.,ФМиЕН,профессор,
Алексеев В.И.,ФМиЕН,профессор,д.н.
Петров К.М.,ФИВТ,ассистент,д.н.
Егоров Д.С.,ФФ,профессор,к.н.
Семенов И.К.,ФРТ,профессор,д.н.
Козлов В.И.,ФИТ,ассистент,д.н.
Семенов А.А.,ФУПМ,доцент,к.н.
Соколов Д.С.,ФИТ,доцент,
Алексеев Е.П.,ФМиЕН,профессор,к.н.
Попов Г.Н.,ФФ,ассистент,к.н.
Лебедев Л.О.,ФМиЕН,ассистент,к.н.
Семенов А.А.,ФЭТ,ассистент,
Попов Б.В.,ФИТ,доцент,к.н.
Попов Б.В.,ФФ,профессор,
Петров М.Ю.,ФРТ,профессор,к.н.
Петров В.И.,ФИВТ,,д.н.
Морозов Б.В.,ФРТ,ассистент,
Морозов Л.О.,ФМиМ,,д.н.
Алексеев Ж.Р.,ИТМО,профессор,
Смирнов Д.С.,ФМиЕН,ассистент,д.н.
Морозов К.М.,ФФ,ассистент,к.н.
Козлов Г.Н.,ФУПМ,доцент,
Петров Л.О.,ФИВТ,,
Морозов М.Ю.,ФМиЕН,профессор,к.н.
Лебедева Б.В.,ФЭТ,,
Лебедева И.К.,ФУПМ,,д.н.
Смирнов М.Ю.,ФИВТ,ассистент,к.н.
Семенов М.Ю.,ФМиМ,,
Смирнов Л.О.,ФИТ,профессор,д.н.
Семенов И.К.,ФИТ,,д.н.
Волков Е.П.,ФМиЕН,,к.н.
Лебедева И.К.,ФМиМ,доцент,д.н.
Иванов Л.О.,ФМиЕН,профессор,д.н.
Егоров Г.Н.,ФИТ,ассистент,к.н.
Сидоров А.А.,ФПМИ,,к.н.
Попов К.М.,ФМиМ,профессор,
Морозов Б.В.,ИТМО,доцент,
Козлов И.К.,ИТМО,,к.н.
Иванов З.Т.,ФЭТ,профессор,д.н.
Алексеев И.К.,ФИВТ,профессор,д.н.
Попов И.К.,ФМиЕН,,к.н.
Егоров Е.П.,ФФ,,
Егоров В.И.,ФРТ,,
Петров Ж.Р.,ФФ,профессор,
Кузнецов Ж.Р.,ФМиЕН,,
Морозов Д.С.,ФИВТ,,д.н.
Семенов Е.П.,ФФ,профессор,
Козлов Д.С.,ФУПМ,профессор,
Морозов Л.О.,ФМиМ,доцент,к.н.
Соколов Д.С.,ИТМО,ассистент,д.н.
Кузнецов И.К.,ФИТ,,к.н.
Соколов Д.С.,ФРТ,доцент,к.н.
Алексеев К.М.,ИТМО,профессор,д.н.
Лебедева Е.П.,ФИВТ,,д.н.
Семенов К.М.,ФМиЕН,ассистент,д.н.
Кузнецов Д.С.,ФПМИ,профессор,
Лебедев А.А.,ФПМИ,ассистент,д.н.
Кузнецов И.К.,ФУПМ,ассистент,
Новиков Б.В.,ИТМО,,д.н.
Лебедев Л.О.,ФУПМ,ассистент,
Соколов М.Ю.,ФИТ,профессор,д.н.
Волков Ж.Р.,ФФ,профессор,д.н.
Смирнов З.Т.,ФФ,ассистент,д.н.
Иванов Ж.Р.,ФИВТ,,д.н.
Лебедев Л.О.,ФПМИ,ассистент,д.н.
Новиков Г.Н.,ИТМО,профессор,к.н.
Волков Д.С.,ФМиМ,доцент,д.н.
Козлов К.М.,ФИТ,профессор,
Смирнов Л.О.,ФМиМ,,к.н.
Алексеев Д.С.,ФМиЕН,доцент,к.н.
Соколов И.К.,ИТМО,ассистент,к.н.
Лебедева А.А.,ФИТ,ассистент,к.н.
Лебедева Ж.Р.,ФУПМ,профессор,к.н.
Лебедев Д.С.,ФИВТ,ассистент,
Козлов А.А.,ФПМИ,,к.н.
Сидоров М.Ю.,ФМиМ,профессор,к.н.
Егоров Д.С.,ФПМИ,,
Кузнецов Ж.Р.,ФЭТ,,д.н.
Алексеев З.Т.,ФМиЕН,профессор,д.н.
Соколов А.А.,ФРТ,доцент,д.н.
Морозов З.Т.,ФУПМ,профессор,д.н.
Семенов Д.С.,ФРТ,ассистент,к.н.
Лебедева Ж.Р.,ФУПМ,профессор,
Семенов В.И.,ИТМО,,
Лебедев Ж.Р.,ФМиМ,профессор,д.н.
Петров Б.В.,ФИТ,,к.н.
Козлов Л.О.,ФУПМ,,д.н.
Лебедев А.А.,ФМиМ,ассистент,
Соколов Ж.Р.,ФУПМ,,к.н.
Козлов З.Т.,ФРТ,,
Новиков В.И.,ИТМО,,к.н.
Морозов Д.С.,ФУПМ,,д.н.
Соколов В.И.,ИТМО,профессор,к.н.
Смирнов И.К.,ФИТ,доцент,
Кузнецов Ж.Р.,ФРТ,,к.н.
Лебедева В.И.,ФМиЕН,,
Соколов Л.О.,ФИТ,ассистент,к.н.
Новиков Ж.Р.,ФИТ,,к.н.
Петров Е.П.,ФФ,доцент,д.н.
Сидоров И.К.,ИТМО,профессор,
Алексеев Г.Н.,ФИВТ,профессор,
Смирнов В.И.,ФМиЕН,ассистент,
Кузнецов Ж.Р.,ФРТ,доцент,
Лебедева Л.О.,ФПМИ,доцент,
Попов А.А.,ФЭТ,,д.н.
Алексеев Б.В.,ФИВТ,,
Новиков З.Т.,ФЭТ,профессор,к.н.
Лебедев Л.О.,ФФ,,
Смирнов Ж.Р.,ФИТ,,к.н.
Лебедев Е.П.,ИТМО,ассистент,
Петров Б.В.,ФРТ,ассистент,к.н.
Петров К.М.,ФФ,доцент,д.н.
Лебедев В.И.,ФИВТ,,
Иванов Д.С.,ФРТ,доцент,д.н.
Лебедев Л.О.,ФМиМ,,д.н.
Волков Л.О.,ФЭТ,,д.н.
Егоров В.И.,ФМиЕН,ассистент,к.н.
Семенов В.И.,ФИТ,,
Лебедева Л.О.,ФФ,,
Семенов К.М.,ФМиМ,профессор,
Соколов Ж.Р.,ФФ,ассистент,
Соколов Б.В.,ФМиЕН,доцент,к.н.
Соколов К.М.,ФМиЕН,ассистент,д.н.
Лебедева Л.О.,ИТМО,профессор,к.н.
Морозов Б.В.,ФФ,,д.н.
Соколов А.А.,ФИТ,доцент,д.н.
Козлов З.Т.,ФМиЕН,доцент,д.н.
Новиков Л.О.,ФРТ,ассистент,д.н.
Смирнов К.М.,ФРТ,профессор,
Алексеев З.Т.,ФПМИ,доцент,к.н.
Петров Б.В.,ФМиМ,доцент,к.н.
Кузнецов Ж.Р.,ФЭТ,профессор,
Семенов Л.О.,ИТМО,ассистент,
Козлов А.А.,ФФ,ассистент,
Лебедев Ж.Р.,ФИВТ,,д.н.
Егоров Л.О.,ФПМИ,ассистент,д.н.
Егоров К.М.,ФЭТ,доцент,д.н.
Лебедев Е.П.,ФИВТ,,д.н.
Кузнецов В.И.,ФЭТ,профессор,к.н.
Семенов З.Т.,ФМиЕН,профессор,к.н.
Петров Л.О.,ИТМО,,к.н.
Сидоров И.К.,ФРТ,профессор,
Лебедев Е.П.,ИТМО,профессор,
Соколов В.И.,ФМиЕН,,д.н.
Кузнецов А.А.,ФИТ,,д.н.
Семенов Г.Н.,ФПМИ,доцент,
Соколов Е.П.,ФИТ,профессор,
Лебедева З.Т.,ФПМИ,,д.н.
Алексеев А.А.,ФИВТ,,д.н.
Козлов К.М.,ИТМО,доцент,д.н.
Козлов К.М.,ФПМИ,профессор,
Лебедев К.М.,ФПМИ,,к.н.
Сидоров Г.Н.,ФУПМ,ассистент,к.н.
Сидоров Ж.Р.,ФФ,профессор,к.н.
Семенов И.К.,ФПМИ,ассистент,д.н.
Попов Б.В.,ФИТ,ассистент,д.н.
Попов К.М.,ФРТ,доцент,
Семенов А.А.,ФИТ,ассистент,
Лебедев Л.О.,ФМиЕН,,д.н.
Лебедев Б.В.,ФФ,ассистент,к.н.
Алексеев Г.Н.,ФУПМ,профессор,д.н.
Соколов И.К.,ФФ,доцент,
Попов Л.О.,ФИВТ,профессор,к.н.
Кузнецов И.К.,ФИВТ,,к.н.
Новиков Б.В.,ФРТ,ассистент,к.н.
Волков Б.В.,ФИВТ,доцент,д.н.
Соколов Е.П.,ФУПМ,ассистент,д.н.
Соколов З.Т.,ФЭТ,ассистент,
Попов А.А.,ФМиМ,,д.н.
Новиков В.И.,ИТМО,доцент,
Егоров В.И.,ФИТ,,к.н.
Кузнецов Л.О.,ФИТ,профессор,
Егоров Е.П.,ФРТ,ассистент,к.н.
Кузнецов Л.О.,ФИТ,доцент,к.н.
Семенов Ж.Р.,ИТМО,профессор,д.н.
Волков З.Т.,ФРТ,,к.н.
Соколов Г.Н.,ФИВТ,,
Петров В.И.,ФМиЕН,,к.н.
Алексеев Ж.Р.,ИТМО,ассистент,
Кузнецов Б.В.,ФМиМ,профессор,д.н.
Морозов Г.Н.,ФИВТ,,
Семенов К.М.,ФУПМ,профессор,к.н.
Лебедева В.И.,ФМиМ,доцент,к.н.
Егоров К.М.,ФУПМ,профессор,д.н.
Смирнов К.М.,ФУПМ,,д.н.
Иванов М.Ю.,ФПМИ,доцент,к.н.
Соколов Л.О.,ФРТ,доцент,д.н.
Алексеев И.К.,ФМиЕН,профессор,к.н.
Попов А.А.,ФПМИ,ассистент,к.н.
Попов Ж.Р.,ФМиМ,ассистент,д.н.
Иванов М.Ю.,ФЭТ,профессор,
Лебедев Л.О.,ФРТ,ассистент,д.н.
Новиков А.А.,ФИВТ,ассистент,
Семенов З.Т.,ФРТ,профессор,
Лебедев З.Т.,ФИВТ,ассистент,д.н.
Алексеев В.И.,ФРТ,профессор,
Морозов Б.В.,ФРТ,ассистент,
Соколов Г.Н.,ФМиМ,ассистент,
Лебедева Д.С.,ФИВТ,доцент,д.н.
Лебедев И.К.,ФИТ,профессор,к.н.
Семенов Б.В.,ФУПМ,,
Петров А.А.,ФУПМ,ассистент,
Сидоров Л.О.,ФЭТ,ассистент,к.н.
Алексеев Ж.Р.,ФПМИ,ассистент,д.н.
Соколов Г.Н.,ФМиМ,,д.н.
Морозов З.Т.,ФИТ,профессор,
Лебедев Е.П.,ФИВТ,доцент,к.н.
Волков А.А.,ИТМО,доцент,д.н.
Петров Д.С.,ФПМИ,доцент,
Смирнов Е.П.,ФМиМ,доцент,к.н.
Соколов А.А.,ФМиЕН,доцент,к.н.
Лебедева Ж.Р.,ФПМИ,,к.н.
Алексеев З.Т.,ФИВТ,,к.н.
Новиков И.К.,ФМиМ,доцент,
Новиков Д.С.,ФМиМ,ассистент,д.н.
Попов Е.П.,ФМиМ,доцент,
Сидоров Г.Н.,ФФ,ассистент,
Сидоров Ж.Р.,ФУПМ,ассистент,д.н.
Козлов И.К.,ФФ,,
Семенов А.А.,ФИВТ,профессор,д.н.
Смирнов Г.Н.,ФФ,доцент,к.н.
Егоров В.И.,ФМиЕН,ассистент,д.н.
Смирнов Е.П.,ФМиЕН,ассистент,д.н.
Попов В.И.,ФИВТ,доцент,
Попов И.К.,ФМиЕН,ассистент,д.н.
Козлов Е.П.,ФЭТ,доцент,к.н.
Кузнецов М.Ю.,ФИВТ,профессор,
Кузнецов Д.С.,ФПМИ,доцент,д.н.
Козлов А.А.,ФМиМ,доцент,д.н.
Лебедев Б.В.,ФИТ,доцент,
Попов Л.О.,ФУПМ,,
Морозов В.И.,ФИТ,профессор,к.н.
Новиков М.Ю.,ФМиЕН,,
Попов Б.В.,ФИВТ,профессор,д.н.
Волков Е.П.,ФПМИ,профессор,д.н.
Смирнов М.Ю.,ФЭТ,,д.н.
Соколов Л.О.,ИТМО,,к.н.
Петров М.Ю.,ФМиЕН,ассистент,
Кузнецов Ж.Р.,ФУПМ,,
Попов К.М.,ФМиЕН,доцент,к.н.
Семенов Б.В.,ФМиЕН,ассистент,
Егоров Л.О.,ФФ,профессор,к.н.
Семенов Д.С.,ФИВТ,ассистент,д.н.
Соколов Г.Н.,ИТМО,профессор,
Лебедева К.М.,ФУПМ,,
Сидоров М.Ю.,ФФ,ассистент,к.н.
Иванов В.И.,ФИТ,,
Лебедев М.Ю.,ФМиМ,ассистент,
Попов Д.С.,ФМиМ,доцент,к.н.
Козлов А.А.,ФУПМ,,
Алексеев К.М.,ФИВТ,доцент,
Волков К.М.,ФИТ,доцент,
Соколов Л.О.,ФМиМ,ассистент,к.н.
Сидоров В.И.,ФИВТ,профессор,
Сидоров Е.П.,ФМиМ,доцент,
Егоров З.Т.,ФЭТ,профессор,к.н.
Морозов И.К.,ФРТ,доцент,
Кузнецов Д.С.,ФИВТ,доцент,д.н.
Козлов Е.П.,ФФ,ассистент,к.н.
Попов И.К.,ФМиМ,доцент,к.н.
Петров Ж.Р.,ФФ,профессор,д.н.
Алексеев И.К.,ИТМО,ассистент,д.н.
Морозов Е.П.,ФПМИ,ассистент,д.н.
Волков Б.В.,ФУПМ,профессор,
Егоров Е.П.,ИТМО,ассистент,к.н.
Волков Ж.Р.,ФМиЕН,ассистент,д.н.
Алексеев Г.Н.,ФФ,профессор,д.н.
Иванов А.А.,ФМиЕН,профессор,
Соколов Е.П.,ФМиЕН,,
Лебедев М.Ю.,ФМиЕН,,
Лебедева В.И.,ФУПМ,ассистент,
Новиков А.А.,ФИТ,профессор,
Иванов Д.С.,ФУПМ,,
Новиков Ж.Р.,ФУПМ,доцент,к.н.
Козлов Л.О.,ФУПМ,ассистент,к.н.
Соколов Б.В.,ФМиЕН,,
Семенов З.Т.,ФПМИ,доцент,к.н.
Петров З.Т.,ФЭТ,профессор,к.н.
Сидоров И.К.,ФИТ,профессор,
Лебедев Г.Н.,ФПМИ,,
Лебедев М.Ю.,ФМиМ,,д.н.
Морозов Е.П.,ФИВТ,профессор,
Петров Ж.Р.,ФМиЕН,доцент,
Попов И.К.,ФУПМ,профессор,к.н.
Кузнецов Ж.Р.,ФИТ,ассистент,к.н.
Морозов И.К.,ФИВТ,,д.н.
Кузнецов М.Ю.,ФМиМ,профессор,
Иванов М.Ю.,ФИТ,профессор,к.н.
Сидоров Л.О.,ФИТ,ассистент,к.н.
Лебедева И.К.,ФИТ,ассистент,
Лебедева Г.Н.,ФИВТ,,д.н.
Петров Ж.Р.,ФФ,профессор,д.н.
Соколов Д.С.,ФЭТ,доцент,д.н.
Морозов Ж.Р.,ФМиЕН,ассистент,д.н.
Сидоров И.К.,ФФ,,к.н.
Смирнов Е.П.,ФПМИ,ассистент,
Иванов Е.П.,ФМиМ,,
Волков К.М.,ФМиЕН,ассистент,д.н.
Петров М.Ю.,ИТМО,,к.н.
Волков Г.Н.,ФЭТ,профессор,
Попов Ж.Р.,ИТМО,доцент,к.н.
Лебедева Е.П.,ФРТ,доцент,д.н.
Новиков Д.С.,ФУПМ,ассистент,д.н.
Соколов А.А.,ФПМИ,профессор,к.н.
Соколов Г.Н.,ФПМИ,ассистент,д.н.
Семенов И.К.,ИТМО,профессор,
Соколов К.М.,ФЭТ,ассистент,к.н.
Петров З.Т.,ФУПМ,доцент,д.н.
Егоров В.И.,ФПМИ,,
Алексеев В.И.,ФФ,доцент,к.н.
Волков З.Т.,ИТМО,,д.н.
Петров А.А.,ФЭТ,профессор,
Иванов И.К.,ФМиМ,доцент,д.н.
Новиков Л.О.,ФМиЕН,ассистент,
Лебедев Л.О.,ФИТ,доцент,д.н.
Козлов М.Ю.,ФУПМ,доцент,
Сидоров В.И.,ФМиМ,профессор,
Лебедев И.К.,ФРТ,профессор,
Попов И.К.,ФПМИ,доцент,
Козлов И.К.,ФФ,профессор,
Соколов М.Ю.,ИТМО,профессор,к.н.
Семенов Е.П.,ФЭТ,доцент,к.н.
Соколов И.К.,ФЭТ,ассистент,к.н.
Петров З.Т.,ФМиЕН,ассистент,
Козлов М.Ю.,ФМиЕН,профессор,д.н.
Лебедева В.И.,ФФ,ассистент,
Семенов З.Т.,ФЭТ,доцент,д.н.
Смирнов Б.В.,ФЭТ,,д.н.
Лебедева К.М.,ФИТ,доцент,д.н.
Алексеев Б.В.,ФИТ,профессор,
Волков Д.С.,ФПМИ,профессор,
Лебедев В.И.,ФМиМ,профессор,
Петров Б.В.,ФЭТ,,
Егоров З.Т.,ФМиЕН,ассистент,д.н.
Иванов В.И.,ФМиЕН,профессор,к.н.
Сидоров Г.Н.,ФИВТ,,к.н.
Лебедева Д.С.,ФПМИ,ассистент,д.н.
Лебедев З.Т.,ФУПМ,доцент,
Егоров И.К.,ФМиМ,доцент,к.н.
Алексеев Ж.Р.,ФМиМ,доцент,д.н.
Егоров Л.О.,ФУПМ,профессор,д.н.
Кузнецов З.Т.,ФРТ,ассистент,
Морозов Д.С.,ФРТ,доцент,д.н.
Кузнецов М.Ю.,ФЭТ,,
Лебедева В.И.,ФИТ,профессор,к.н.
Новиков И.К.,ФПМИ,доцент,
Соколов Г.Н.,ФИВТ,,д.н.
Новиков В.И.,ФИТ,доцент,д.н.
Семенов И.К.,ФПМИ,ассистент,к.н.
Алексеев И.К.,ФФ,доцент,к.н.
Егоров Л.О.,ФИТ,ассистент,д.н.
Алексеев Е.П.,ФМиЕН,профессор,д.н.
Семенов И.К.,ИТМО,,к.н.
Новиков Л.О.,ФИВТ,доцент,к.н.
Иванов Г.Н.,ФИВТ,профессор,
Сидоров В.И.,ФФ,профессор,к.н.
Петров Е.П.,ФФ,,
Петров К.М.,ФРТ,,
Волков Ж.Р.,ФЭТ,ассистент,д.н.
Смирнов Е.П.,ФМиМ,ассистент,к.н.
Новиков В.И.,ФФ,,к.н.
Морозов М.Ю.,ФПМИ,,д.н.
Волков И.К.,ФИТ,профессор,
Сидоров М.Ю.,ФМиЕН,ассистент,д.н.
Лебедев А.А.,ФПМИ,,д.н.
Соколов З.Т.,ФРТ,профессор,
Егоров К.М.,ФМиЕН,ассистент,к.н.
Егоров Ж.Р.,ФРТ,,д.н.
Егоров Ж.Р.,ФРТ,профессор,к.н.
Смирнов И.К.,ФМиМ,доцент,к.н.
Семенов З.Т.,ФМиМ,ассистент,к.н.
Козлов Е.П.,ФМиЕН,профессор,д.н.
Семенов Е.П.,ФМиМ,ассистент,
Смирнов З.Т.,ФИТ,ассистент,д.н.
Сидоров Е.П.,ФЭТ,ассистент,к.н.
Волков Ж.Р.,ФПМИ,доцент,к.н.
Новиков А.А.,ФИВТ,доцент,д.н.
Семенов Б.В.,ФМиМ,профессор,к.н.
Лебедева Ж.Р.,ФРТ,доцент,
Новиков Д.С.,ФУПМ,профессор,д.н.
Козлов Л.О.,ФУПМ,доцент,
Морозов Е.П.,ФПМИ,ассистент,д.н.
Волков Е.П.,ФРТ,доцент,д.н.
Сидоров В.И.,ФРТ,,д.н.
Егоров А.А.,ФПМИ,ассистент,
Смирнов К.М.,ФРТ,ассистент,д.н.
Козлов К.М.,ФИТ,,
Иванов И.К.,ФПМИ,профессор,
Смирнов Ж.Р.,ФЭТ,профессор,
Кузнецов Г.Н.,ФФ,,к.н.
Новиков М.Ю.,ФИТ,доцент,к.н.
Лебедев Е.П.,ФИТ,доцент,к.н.
Лебедева Л.О.,ФМиМ,,к.н.
Егоров М.Ю.,ФУПМ,доцент,к.н.
Волков Л.О.,ФМиМ,профессор,
Кузнецов В.И.,ФМиЕН,доцент,д.н.
Козлов Г.Н.,ФУПМ,доцент,
Новиков М.Ю.,ФИВТ,профессор,
Новиков Е.П.,ФУПМ,профессор,
Кузнецов К.М.,ФПМИ,профессор,д.н.
Иванов Ж.Р.,ФПМИ,доцент,
Волков И.К.,ФИТ,доцент,д.н.
Лебедева Г.Н.,ФМиЕН,доцент,
Алексеев А.А.,ФИВТ,,
Алексеев А.А.,ФФ,доцент,д.н.
Сидоров В.И.,ФИТ,профессор,к.н.
Сидоров Д.С.,ФЭТ,ассистент,
Егоров А.А.,ФИВТ,профессор,
Сидоров И.К.,ФМиМ,профессор,
Лебедева Л.О.,ФРТ,ассистент,к.н.
Сидоров И.К.,ФМиМ,,к.н.
Попов В.И.,ФИТ,доцент,
Смирнов Д.С.,ФРТ,ассистент,
Новиков З.Т.,ФФ,ассистент,к.н.
Волков Г.Н.,ФУПМ,профессор,к.н.
Сидоров А.А.,ФУПМ,доцент,
Лебедева Б.В.,ИТМО,профессор,к.н.
Козлов Б.В.,ФФ,,к.н.
Егоров М.Ю.,ФПМИ,,к.н.
Козлов Е.П.,ФПМИ,профессор,д.н.
Семенов Л.О.,ФМиЕН,профессор,д.н.
Кузнецов Л.О.,ФИТ,,
Лебедева М.Ю.,ФРТ,ассистент,д.н.
Семенов З.Т.,ФИТ,профессор,
Волков К.М.,ФИТ,профессор,к.н.
Попов З.Т.,ФМиЕН,ассистент,
Егоров А.А.,ИТМО,профессор,к.н.
Морозов К.М.,ФРТ,ассистент,д.н.
Волков Е.П.,ФРТ,,
Петров Л.О.,ФПМИ,ассистент,
Попов Ж.Р.,ФИТ,профессор,
Сидоров М.Ю.,ФУПМ,,
Морозов З.Т.,ФИТ,профессор,д.н.
Волков Г.Н.,ФИТ,,
Смирнов В.И.,ФИТ,профессор,к.н.
Смирнов И.К.,ФФ,доцент,д.н.
Лебедев А.А.,ФМиЕН,,
Козлов Г.Н.,ФУПМ,ассистент,
Кузнецов Б.В.,ФИВТ,,к.н.
Семенов З.Т.,ФМиЕН,ассистент,к.н.
Волков А.А.,ФРТ,,д.н.
Козлов Л.О.,ФПМИ,доцент,к.н.
Кузнецов И.К.,ФИТ,,д.н.
Иванов Л.О.,ФФ,профессор,д.н.
Соколов А.А.,ФИВТ,доцент,к.н.
Кузнецов З.Т.,ФУПМ,доцент,д.н.
Смирнов Д.С.,ФУПМ,,д.н.
Козлов Ж.Р.,ФФ,профессор,
Сидоров Д.С.,ФЭТ,доцент,к.н.
Семенов Л.О.,ФРТ,,д.н.
Морозов В.И.,ФМиЕН,профессор,к.н.
Сидоров Ж.Р.,ФИВТ,доцент,д.н.
Соколов А.А.,ФМиЕН,ассистент,к.н.
Козлов Л.О.,ФИВТ,ассистент,
Попов К.М.,ФМиМ,ассистент,д.н.
Алексеев Г.Н.,ФМиЕН,доцент,д.н.
Егоров З.Т.,ФИТ,ассистент,к.н.
Лебедева Д.С.,ФФ,профессор,
Иванов Б.В.,ФЭТ,,к.н.
Сидоров М.Ю.,ФМиМ,ассистент,к.н.
Сидоров И.К.,ФИТ,доцент,д.н.
Волков Е.П.,ФЭТ,доцент,
Попов Д.С.,ИТМО,ассистент,д.н.
Козлов Л.О.,ФПМИ,,д.н.
Лебедев М.Ю.,ФМиМ,ассистент,д.н.
Морозов Ж.Р.,ИТМО,профессор,д.н.
Морозов Г.Н.,ФМиЕН,,
Иванов В.И.,ИТМО,,
Сидоров К.М.,ФПМИ,профессор,к.н.
Алексеев К.М.,ФУПМ,профессор,д.н.
Егоров А.А.,ФРТ,,
Попов В.И.,ФРТ,профессор,д.н.
Лебедева В.И.,ФУПМ,доцент,д.н.
Попов Д.С.,ФПМИ,доцент,
Волков В.И.,ФИТ,,
Кузнецов Г.Н.,ФРТ,,
Алексеев И.К.,ФИТ,ассистент,
Смирнов Л.О.,ФПМИ,,к.н.
Морозов А.А.,ФИТ,профессор,д.н.
Соколов Г.Н.,ФМиЕН,профессор,к.н.
Соколов В.И.,ИТМО,,д.н.
Соколов В.И.,ФУПМ,,к.н.
Смирнов Г.Н.,ФУПМ,,д.н.
Семенов Б.В.,ФУПМ,ассистент,к.н.
Новиков В.И.,ФУПМ,,д.н.
Сидоров Л.О.,ФРТ,,к.н.
Соколов М.Ю.,ФЭТ,профессор,
Иванов Д.С.,ФРТ,доцент,к.н.
Петров В.И.,ФИВТ,ассистент,
Петров Е.П.,ФПМИ,профессор,к.н.
Петров Б.В.,ФПМИ,ассистент,
Семенов И.К.,ИТМО,ассистент,д.н.
Волков И.К.,ИТМО,доцент,
Попов Л.О.,ФРТ,профессор,
Соколов И.К.,ФМиМ,,д.н.
Лебедева И.К.,ФУПМ,доцент,к.н.
Иванов М.Ю.,ФИВТ,доцент,
Лебедев Б.В.,ФФ,ассистент,
Лебедева Е.П.,ФРТ,доцент,
Лебедев А.А.,ФРТ,профессор,к.н.
Волков В.И.,ФМиЕН,доцент,
Попов З.Т.,ФИВТ,ассистент,к.н.
Петров Е.П.,ФУПМ,,к.н.
Волков М.Ю.,ФУПМ,профессор,к.н.
Егоров М.Ю.,ФИВТ,,д.н.
Иванов А.А.,ФПМИ,ассистент,к.н.
Смирнов Г.Н.,ФФ,доцент,
Козлов К.М.,ФФ,ассистент,
Соколов Е.П.,ФФ,ассистент,к.н.
Морозов Г.Н.,ФРТ,,
Морозов И.К.,ФУПМ,профессор,
Петров И.К.,ФМиЕН,доцент,к.н.
Смирнов А.А.,ФМиМ,профессор,
Новиков Ж.Р.,ФЭТ,профессор,д.н.
Сидоров Г.Н.,ФИТ,профессор,
Морозов М.Ю.,ФМиМ,доцент,д.н.
Алексеев Д.С.,ФРТ,доцент,
Волков И.К.,ФМиМ,,к.н.
Семенов И.К.,ФИТ,ассистент,
Смирнов В.И.,ФРТ,профессор,
Алексеев К.М.,ФМиЕН,доцент,
Петров Е.П.,ФУПМ,доцент,д.н.
Новиков А.А.,ФИВТ,ассистент,к.н.
Козлов Б.В.,ФИТ,,
Иванов Б.В.,ФЭТ,,
Лебедева В.И.,ФРТ,ассистент,д.н.
Егоров А.А.,ФИВТ,ассистент,к.н.
Соколов Г.Н.,ФУПМ,доцент,
Попов А.А.,ФМиЕН,ассистент,
Морозов Г.Н.,ФРТ,доцент,к.н.
Новиков А.А.,ФИТ,профессор,к.н.
Лебедев В.И.,ФРТ,,
Иванов К.М.,ИТМО,профессор,д.н.
Новиков И.К.,ФФ,доцент,д.н.
Соколов З.Т.,ФМиЕН,доцент,к.н.
Лебедева В.И.,ФУПМ,,д.н.
Лебедев Л.О.,ФЭТ,ассистент,
Попов Б.В.,ФРТ,профессор,
Кузнецов В.И.,ФИВТ,доцент,
Морозов И.К.,ФФ,,
Попов М.Ю.,ФИТ,ассистент,
Волков З.Т.,ФМиЕН,профессор,
Новиков К.М.,ФМиЕН,,д.н.
Соколов Л.О.,ФМиМ,доцент,к.н.
Иванов З.Т.,ФУПМ,,д.н.
Морозов К.М.,ИТМО,доцент,
Козлов Ж.Р.,ФИТ,ассистент,к.н.
Алексеев Б.В.,ФУПМ,ассистент,к.н.
Иванов К.М.,ФИВТ,ассистент,к.н.
Иванов М.Ю.,ФУПМ,доцент,д.н.
Соколов А.А.,ФУПМ,доцент,к.н.
Егоров З.Т.,ФЭТ,доцент,
Семенов Б.В.,ФУПМ,профессор,к.н.
Волков Л.О.,ИТМО,ассистент,
Егоров Л.О.,ФРТ,,д.н.
Иванов Б.В.,ФПМИ,,
Соколов З.Т.,ФИТ,ассистент,к.н.
Смирнов Д.С.,ФФ,профессор,к.н.
Новиков И.К.,ФЭТ,ассистент,д.н.
Морозов М.Ю.,ИТМО,профессор,д.н.
Алексеев В.И.,ФРТ,профессор,
Лебедев З.Т.,ФМиЕН,,к.н.
Сидоров Л.О.,ФИВТ,доцент,д.н.
Козлов Г.Н.,ФИТ,,
Соколов К.М.,ФИТ,,к.н.
Попов В.И.,ФПМИ,профессор,
Сидоров Г.Н.,ФПМИ,ассистент,д.н.
Лебедева И.К.,ФРТ,ассистент,к.н.
Козлов Ж.Р.,ФПМИ,профессор,
Семенов З.Т.,ИТМО,доцент,к.н.
Петров З.Т.,ФПМИ,профессор,д.н.
Петров Л.О.,ФМиМ,ассистент,к.н.
Новиков К.М.,ФИТ,,
Кузнецов И.К.,ФМиМ,доцент,
Петров М.Ю.,ФПМИ,профессор,к.н.
Волков Ж.Р.,ФРТ,ассистент,к.н.
Волков Д.С.,ФПМИ,профессор,
Лебедев К.М.,ИТМО,профессор,к.н.
Новиков Б.В.,ИТМО,профессор,
Иванов Ж.Р.,ФЭТ,доцент,д.н.
Егоров Е.П.,ФФ,,д.н.
Егоров М.Ю.,ФЭТ,,д.н.
Волков Ж.Р.,ФУПМ,доцент,к.н.
Смирнов А.А.,ФИТ,доцент,к.н.
Попов З.Т.,ФУПМ,профессор,д.н.
Семенов Б.В.,ФМиЕН,ассистент,
Новиков Д.С.,ИТМО,,д.н.
Соколов М.Ю.,ФФ,доцент,д.н.
Смирнов Б.В.,ФУПМ,,
Лебедев Ж.Р.,ФМиМ,,д.н.
Соколов Б.В.,ФИВТ,ассистент,
Кузнецов К.М.,ФМиЕН,профессор,
Сидоров З.Т.,ФПМИ,доцент,
Семенов Д.С.,ФМиМ,,д.н.
Попов И.К.,ФПМИ,доцент,д.н.
Алексеев Е.П.,ФИТ,ассистент,к.н.
Егоров Б.В.,ФИТ,ассистент,д.н.
Смирнов В.И.,ФИТ,,
Иванов Л.О.,ИТМО,ассистент,к.н.
Козлов М.Ю.,ФПМИ,профессор,к.н.
Кузнецов В.И.,ФМиМ,доцент,д.н.
Волков К.М.,ФУПМ,ассистент,
Новиков К.М.,ФЭТ,ассистент,к.н.
Сидоров К.М.,ИТМО,ассистент,д.н.
Новиков М.Ю.,ФПМИ,доцент,к.н.
Волков Г.Н.,ИТМО,профессор,
Петров К.М.,ФЭТ,,к.н.
Сидоров З.Т.,ФЭТ,доцент,к.н.
Новиков К.М.,ФИТ,,к.н.
Лебедев И.К.,ФМиМ,ассистент,к.н.
Смирнов Ж.Р.,ФПМИ,,к.н.
Кузнецов Л.О.,ФЭТ,,
Лебедева Д.С.,ФРТ,ассистент,к.н.
Алексеев К.М.,ФМиЕН,профессор,к.н.
Иванов Д.С.,ФМиЕН,доцент,
Иванов Д.С.,ФПМИ,доцент,к.н.
Кузнецов Д.С.,ФПМИ,доцент,к.н.
Кузнецов Г.Н.,ФИТ,ассистент,д.н.
Лебедева З.Т.,ФИТ,доцент,д.н.
Иванов Г.Н.,ФПМИ,,
Волков Г.Н.,ФИВТ,ассистент,к.н.
Сидоров Д.С.,ФПМИ,профессор,к.н.
Лебедев Г.Н.,ФФ,профессор,к.н.
Семенов Л.О.,ФМиЕН,профессор,к.н.
Егоров З.Т.,ФМиЕН,профессор,к.н.
Лебедева Б.В.,ФИВТ,ассистент,к.н.
Волков И.К.,ФФ,,д.н.
Новиков К.М.,ФМиЕН,доцент,к.н.
Кузнецов Л.О.,ФРТ,,
Семенов Ж.Р.,ФФ,доцент,д.н.
Кузнецов И.К.,ФМиЕН,ассистент,
Кузнецов И.К.,ФФ,ассистент,д.н.
Кузнецов М.Ю.,ИТМО,ассистент,д.н.
Кузнецов Ж.Р.,ФЭТ,профессор,д.н.
Соколов Е.П.,ФЭТ,ассистент,д.н.
Попов Ж.Р.,ФРТ,ассистент,
Семенов В.И.,ФИВТ,ассистент,д.н.
Волков З.Т.,ФМиМ,,к.н.
Кузнецов М.Ю.,ФУПМ,ассистент,к.н.
Волков Л.О.,ФИТ,ассистент,
Семенов К.М.,ФУПМ,доцент,к.н.
Сидоров Д.С.,ФИВТ,,д.н.
Соколов К.М.,ФПМИ,профессор,д.н.
Соколов Д.С.,ФМиМ,профессор,
Новиков Д.С.,ФФ,доцент,д.н.
Иванов В.И.,ФМиЕН,профессор,д.н.
Лебедев К.М.,ИТМО,,д.н.
Новиков В.И.,ФФ,,
Иванов Е.П.,ФЭТ,доцент,к.н.
Иванов Ж.Р.,ФМиЕН,ассистент,к.н.
Лебедев Г.Н.,ФПМИ,ассистент,к.н.
Морозов И.К.,ФПМИ,доцент,
Лебедев Ж.Р.,ФУПМ,,д.н.
Новиков З.Т.,ФФ,,д.н.
Иванов З.Т.,ФПМИ,,д.н.
Соколов К.М.,ФМиЕН,ассистент,к.н.
Лебедев И.К.,ФМиЕН,доцент,к.н.
Новиков К.М.,ФМиЕН,ассистент,д.н.
Алексеев В.И.,ФПМИ,ассистент,к.н.
Лебедева В.И.,ФМиЕН,профессор,
Морозов К.М.,ФМиМ,профессор,
Лебедева Б.В.,ФПМИ,доцент,д.н.
Лебедев Б.В.,ИТМО,профессор,
Новиков А.А.,ФРТ,ассистент,
Попов И.К.,ФЭТ,доцент,к.н.
Козлов Л.О.,ФПМИ,доцент,к.н.
Морозов М.Ю.,ФПМИ,ассистент,
Алексеев В.И.,ФЭТ,профессор,
Попов А.А.,ИТМО,профессор,
Волков Г.Н.,ФФ,профессор,
Лебедев Л.О.,ФИТ,ассистент,д.н.
Сидоров В.И.,ФФ,профессор,
Алексеев Д.С.,ИТМО,профессор,к.н.
Лебедев А.А.,ФИТ,доцент,к.н.
Иванов Л.О.,ФИВТ,профессор,к.н.
Козлов Ж.Р.,ФИВТ,профессор,д.н.
Егоров К.М.,ФМиМ,ассистент,д.н.
Смирнов Е.П.,ФМиЕН,доцент,к.н.
Сидоров Г.Н.,ИТМО,,д.н.
Алексеев И.К.,ФМиЕН,ассистент,к.н.
Смирнов М.Ю.,ФМиЕН,доцент,д.н.
Попов М.Ю.,ФИТ,доцент,к.н.
Попов Г.Н.,ФМиЕН,ассистент,
Попов Г.Н.,ФРТ,ассистент,
Козлов А.А.,ФРТ,профессор,
Козлов М.Ю.,ФМиМ,профессор,
Козлов И.К.,ФУПМ,доцент,
Сидоров Е.П.,ФФ,профессор,д.н.
Волков Ж.Р.,ФМиЕН,доцент,
Лебедева А.А.,ФИВТ,профессор,
Морозов Б.В.,ФИВТ,профессор,д.н.
Лебедева Б.В.,ФПМИ,,
Семенов К.М.,ФМиМ,ассистент,
Егоров М.Ю.,ФМиЕН,ассистент,к.н.
Соколов И.К.,ФМиМ,доцент,к.н.
Сидоров А.А.,ФУПМ,профессор,к.н.
Иванов Д.С.,ФУПМ,,к.н.
Иванов Д.С.,ФПМИ,,к.н.
Кузнецов Е.П.,ИТМО,ассистент,
Попов Б.В.,ИТМО,доцент,к.н.
Семенов Л.О.,ФИВТ,ассистент,к.н.
Иванов А.А.,ФИВТ,профессор,д.н.
Семенов Г.Н.,ФРТ,доцент,д.н.
Семенов М.Ю.,ФМиЕН,доцент,к.н.
Петров В.И.,ИТМО,ассистент,
Смирнов Е.П.,ФФ,профессор,д.н.
Сидоров З.Т.,ИТМО,профессор,к.н.
Семенов Ж.Р.,ФИТ,доцент,
Козлов М.Ю.,ФЭТ,доцент,д.н.
Петров Е.П.,ФФ,профессор,к.н.
Морозов З.Т.,ФУПМ,,к.н.
Смирнов В.И.,ФУПМ,ассистент,д.н.
Лебедева Е.П.,ФЭТ,профессор,д.н.
Егоров Е.П.,ИТМО,,к.н.
Семенов А.А.,ФЭТ,ассистент,к.н.
Новиков Л.О.,ФМиМ,ассистент,
Новиков А.А.,ИТМО,доцент,
Алексеев Е.П.,ИТМО,доцент,д.н.
Лебедева Е.П.,ФМиЕН,ассистент,к.н.
Попов Д.С.,ФУПМ,,
Козлов И.К.,ФУПМ,,д.н.
Иванов Г.Н.,ФПМИ,профессор,д.н.
Егоров З.Т.,ФМиЕН,ассистент,
Козлов Е.П.,ФРТ,доцент,к.н.
Иванов Ж.Р.,ФМиМ,ассистент,
Сидоров Д.С.,ФЭТ,,
Смирнов З.Т.,ФИТ,,к.н.
Попов М.Ю.,ФПМИ,,д.н.
Новиков Д.С.,ФИТ,доцент,
Волков А.А.,ИТМО,,д.н.
Петров Л.О.,ФРТ,ассистент,
Смирнов Ж.Р.,ФПМИ,ассистент,
Смирнов В.И.,ФФ,,к.н.
Смирнов Б.В.,ФЭТ,,
Иванов Л.О.,ФМиМ,профессор,
Новиков К.М.,ФРТ,,д.н.
Сидоров Е.П.,ФУПМ,,д.н.
Лебедева М.Ю.,ФПМИ,доцент,к.н.
Попов Б.В.,ФУПМ,профессор,к.н.
Смирнов Е.П.,ФЭТ,ассистент,
Сидоров Б.В.,ФМиЕН,профессор,
Кузнецов Л.О.,ФИВТ,доцент,
Петров Л.О.,ФФ,ассистент,к.н.
Иванов А.А.,ФМиЕН,профессор,к.н.
Козлов Л.О.,ФМиМ,профессор,к.н.
Морозов Е.П.,ИТМО,,
Петров К.М.,ФМиМ,профессор,
Волков Б.В.,ФЭТ,профессор,
Лебедев К.М.,ФИТ,,к.н.
Козлов Л.О.,ФРТ,профессор,к.н.
Лебедева Г.Н.,ФРТ,профессор,д.н.
Кузнецов М.Ю.,ФМиЕН,профессор,к.н.
Егоров Е.П.,ФИТ,профессор,к.н.
Смирнов Б.В.,ИТМО,,д.н.
Новиков И.К.,ФМиМ,доцент,
Лебедев Е.П.,ФМиЕН,,д.н.
Морозов Л.О.,ФЭТ,,д.н.
Петров Д.С.,ФРТ,доцент,д.н.
Волков М.Ю.,ФИТ,,к.н.
Алексеев В.И.,ФРТ,,к.н.
Лебедева З.Т.,ФПМИ,доцент,
Попов Ж.Р.,ФМиМ,профессор,к.н.
Егоров А.А.,ФМиМ,доцент,д.н.
Лебедева В.И.,ФПМИ,доцент,
Козлов Г.Н.,ФМиМ,профессор,к.н.
Козлов Г.Н.,ФИВТ,,д.н.
Петров А.А.,ФИВТ,,д.н.
Смирнов В.И.,ФРТ,ассистент,д.н.
Смирнов К.М.,ФУПМ,доцент,д.н.
Лебедев Л.О.,ФПМИ,профессор,д.н.
Волков И.К.,ФИТ,доцент,
Кузнецов М.Ю.,ФИВТ,доцент,д.н.
Козлов Д.С.,ФЭТ,ассистент,д.н.
Семенов А.А.,ФИВТ,доцент,д.н.
Попов Б.В.,ФПМИ,,к.н.
Алексеев Л.О.,ФФ,профессор,к.н.
Кузнецов М.Ю.,ФМиМ,ассистент,к.н.
Егоров К.М.,ФФ,,д.н.
Сидоров З.Т.,ФРТ,,
Волков И.К.,ФИВТ,доцент,к.н.
Волков Д.С.,ИТМО,ассистент,к.н.
Попов Е.П.,ФПМИ,,
Сидоров Б.В.,ФИВТ,профессор,к.н.
Волков А.А.,ИТМО,профессор,к.н.
Иванов К.М.,ФУПМ,ассистент,д.н.
Петров Д.С.,ФИТ,,
Новиков З.Т.,ФИТ,доцент,к.н.
Соколов Б.В.,ФМиМ,,д.н.
Морозов Д.С.,ФФ,доцент,к.н.
Смирнов Е.П.,ФЭТ,,
Петров Л.О.,ФЭТ,профессор,к.н.
Сидоров Г.Н.,ФМиЕН,профессор,
Новиков Б.В.,ФМиМ,,
Иванов И.К.,ФИВТ,ассистент,к.н.
Новиков Л.О.,ФПМИ,ассистент,д.н.
Соколов А.А.,ФУПМ,доцент,д.н.
Лебедева Л.О.,ФПМИ,ассистент,
Егоров А.А.,ФИВТ,доцент,
Кузнецов В.И.,ФУПМ,ассистент,д.н.
Иванов Л.О.,ИТМО,профессор,
Егоров И.К.,ФИТ,доцент,
Новиков К.М.,ФУПМ,ассистент,к.н.
Соколов Л.О.,ФМиМ,профессор,
Петров Е.П.,ФИТ,профессор,д.н.
Лебедев З.Т.,ФИТ,доцент,д.н.
Иванов Г.Н.,ФРТ,профессор,к.н.
Алексеев Г.Н.,ФМиЕН,доцент,д.н.
Соколов И.К.,ФРТ,профессор,к.н.
Волков Л.О.,ФЭТ,профессор,
Попов З.Т.,ИТМО,профессор,к.н.
Лебедев И.К.,ФИВТ,профессор,
Морозов З.Т.,ФПМИ,профессор,д.н.
Петров М.Ю.,ФЭТ,профессор,д.н.
Лебедев И.К.,ФИТ,профессор,к.н.
Попов Ж.Р.,ФФ,,к.н.
Кузнецов А.А.,ФУПМ,доцент,д.н.
Кузнецов А.А.,ФФ,,к.н.
Сидоров Д.С.,ФМиМ,,д.н.
Попов З.Т.,ФУПМ,,д.н.
Петров М.Ю.,ФПМИ,доцент,к.н.
Лебедева Е.П.,ФИТ,доцент,к.н.
Семенов Е.П.,ФФ,доцент,д.н.
Смирнов А.А.,ФМиМ,ассистент,
Лебедева Г.Н.,ФЭТ,ассистент,д.н.
Волков И.К.,ФФ,доцент,д.н.
Попов К.М.,ФРТ,доцент,д.н.
Смирнов К.М.,ФРТ,доцент,
Морозов Б.В.,ФМиЕН,ассистент,к.н.
Кузнецов А.А.,ИТМО,доцент,к.н.
Егоров К.М.,ФУПМ,доцент,
Козлов М.Ю.,ИТМО,доцент,д.н.
Кузнецов Г.Н.,ФУПМ,доцент,
Лебедев З.Т.,ФИТ,,д.н.
Попов З.Т.,ФЭТ,ассистент,
Попов И.К.,ФЭТ,ассистент,
Новиков М.Ю.,ИТМО,профессор,д.н.
Морозов М.Ю.,ФИТ,доцент,
Морозов Б.В.,ФПМИ,профессор,к.н.
Лебедева Г.Н.,ФФ,профессор,
Кузнецов Б.В.,ФИТ,доцент,к.н.
Петров З.Т.,ФМиМ,доцент,д.н.
Егоров Б.В.,ФИТ,доцент,
Алексеев И.К.,ФИТ,ассистент,д.н.
Алексеев Л.О.,ФФ,,д.н.
Кузнецов А.А.,ФРТ,,к.н.
Кузнецов Е.П.,ФИТ,,к.н.
Кузнецов К.М.,ФПМИ,,к.н.
Иванов Е.П.,ФРТ,доцент,
Егоров М.Ю.,ФРТ,профессор,
Козлов З.Т.,ФИТ,ассистент,
Новиков В.И.,ФЭТ,доцент,к.н.
Лебедева Д.С.,ФЭТ,,
Лебедева И.К.,ФМиЕН,ассистент,к.н.
Волков А.А.,ФПМИ,доцент,д.н.
Кузнецов Д.С.,ФИВТ,,
Соколов Г.Н.,ФФ,ассистент,
Алексеев А.А.,ФРТ,доцент,к.н.
Соколов Г.Н.,ФУПМ,профессор,
Петров Л.О.,ФФ,профессор,д.н.
Алексеев Д.С.,ФМиЕН,профессор,
Егоров К.М.,ФМиМ,ассистент,д.н.
Кузнецов К.М.,ФМиЕН,,к.н.
Смирнов Е.П.,ФУПМ,,
Егоров К.М.,ФИВТ,ассистент,
Иванов З.Т.,ФЭТ,профессор,д.н.
Попов Ж.Р.,ФИТ,доцент,к.н.
Козлов И.К.,ФРТ,профессор,д.н.
Смирнов З.Т.,ФУПМ,ассистент,д.н.
Егоров Д.С.,ФУПМ,,к.н.
Попов Л.О.,ИТМО,доцент,к.н.
Кузнецов Г.Н.,ФМиЕН,доцент,к.н.
Лебедев Л.О.,ФМиМ,профессор,к.н.
Козлов Д.С.,ФМиМ,профессор,
Козлов Е.П.,ФФ,доцент,
Попов И.К.,ФЭТ,доцент,
Иванов Б.В.,ФФ,ассистент,д.н.
Семенов Е.П.,ФИВТ,,
Семенов Е.П.,ФИВТ,доцент,к.н.
Петров В.И.,ФМиЕН,ассистент,д.н.
Соколов З.Т.,ФПМИ,ассистент,к.н.
Иванов Б.В.,ФПМИ,доцент,д.н.
Попов К.М.,ФФ,,
Волков Ж.Р.,ФЭТ,,к.н.
Алексеев И.К.,ФИТ,профессор,к.н.
Семенов Е.П.,ФРТ,профессор,к.н.
Егоров Г.Н.,ФИВТ,профессор,д.н.
Семенов Л.О.,ФФ,профессор,
Семенов Е.П.,ФИВТ,,д.н.
Морозов А.А.,ФФ,профессор,д.н.
Волков А.А.,ФМиМ,,к.н.
Волков А.А.,ФИВТ,,к.н.
Попов В.И.,ФЭТ,профессор,
Соколов Д.С.,ФИВТ,ассистент,д.н.
Иванов М.Ю.,ИТМО,доцент,д.н.
Новиков З.Т.,ИТМО,профессор,
Лебедева З.Т.,ФЭТ,,
Козлов Е.П.,ИТМО,,д.н.
Семенов Б.В.,ИТМО,доцент,к.н.
Соколов Е.П.,ФУПМ,ассистент,к.н.
Лебедев Б.В.,ИТМО,ассистент,к.н.
Кузнецов Г.Н.,ФФ,доцент,
Козлов К.М.,ФИВТ,ассистент,к.н.
Попов Е.П.,ФПМИ,доцент,д.н.
Смирнов Д.С.,ФМиМ,профессор,
Сидоров А.А.,ФИТ,ассистент,к.н.
Волков З.Т.,ФЭТ,доцент,д.н.
Семенов А.А.,ФРТ,доцент,
Морозов В.И.,ФЭТ,,
Лебедева Б.В.,ФУПМ,доцент,д.н.
Лебедев Д.С.,ФМиЕН,ассистент,
Семенов В.И.,ФРТ,,к.н.
Алексеев В.И.,ИТМО,профессор,
Козлов К.М.,ФУПМ,ассистент,д.н.
Егоров Е.П.,ФФ,доцент,д.н.
Соколов Ж.Р.,ФПМИ,профессор,
Алексеев Ж.Р.,ФРТ,доцент,к.н.
Сидоров В.И.,ФФ,ассистент,к.н.
Смирнов Б.В.,ФМиМ,профессор,к.н.
Сидоров В.И.,ФПМИ,профессор,
Сидоров И.К.,ФИВТ,профессор,к.н.
Иванов Ж.Р.,ИТМО,профессор,
Егоров М.Ю.,ФИВТ,ассистент,
Кузнецов А.А.,ФМиМ,профессор,д.н.
Морозов З.Т.,ФРТ,профессор,д.н.
Петров Г.Н.,ФРТ,доцент,д.н.
Алексеев И.К.,ФМиМ,ассистент,
Попов Г.Н.,ФИВТ,профессор,к.н.
Смирнов Л.О.,ФРТ,профессор,
Егоров Е.П.,ФРТ,,к.н.
Егоров Е.П.,ФУПМ,доцент,
Петров Е.П.,ФПМИ,ассистент,
Новиков Е.П.,ФМиМ,ассистент,
Петров М.Ю.,ФИВТ,,
Попов Е.П.,ФМиЕН,профессор,
Новиков Д.С.,ФЭТ,ассистент,д.н.
Лебедев Д.С.,ФФ,профессор,
Соколов Г.Н.,ФРТ,профессор,к.н.
Лебедева А.А.,ФМиЕН,,
Морозов Д.С.,ФМиМ,ассистент,
Алексеев Д.С.,ФМиМ,,
Лебедев К.М.,ФМиМ,ассистент,
Сидоров Е.П.,ИТМО,доцент,к.н.
Иванов З.Т.,ФМиЕН,,к.н.
Лебедев М.Ю.,ФПМИ,ассистент,
Лебедев Ж.Р.,ФМиЕН,доцент,
Петров А.А.,ФМиМ,,д.н.
Кузнецов Д.С.,ФИТ,профессор,
Соколов З.Т.,ФПМИ,профессор,к.н.
Егоров К.М.,ФФ,профессор,д.н.
Кузнецов А.А.,ФИТ,ассистент,
Смирнов К.М.,ФМиЕН,,д.н.
Морозов М.Ю.,ФРТ,профессор,д.н.
Лебедев Г.Н.,ФЭТ,ассистент,
Попов Д.С.,ИТМО,ассистент,д.н.
Егоров В.И.,ФЭТ,доцент,д.н.
Иванов Л.О.,ФРТ,профессор,
Кузнецов Д.С.,ФЭТ,,
Кузнецов В.И.,ФУПМ,,д.н.
Соколов Д.С.,ФМиЕН,ассистент,д.н.
Алексеев Г.Н.,ФФ,профессор,д.н.
Попов Ж.Р.,ФРТ,,к.н.
Семенов В.И.,ФФ,профессор,д.н.
Морозов Ж.Р.,ФРТ,,
Егоров Л.О.,ФИТ,,
Кузнецов Б.В.,ФЭТ,профессор,
Новиков И.К.,ФРТ,доцент,к.н.
Петров К.М.,ФМиМ,профессор,
Иванов И.К.,ФПМИ,,д.н.
Семенов М.Ю.,ФРТ,ассистент,д.н.
Алексеев Ж.Р.,ФПМИ,,
Алексеев А.А.,ФРТ,,к.н.
Кузнецов Е.П.,ФПМИ,доцент,к.н.
Соколов Е.П.,ИТМО,доцент,к.н.
Сидоров Ж.Р.,ФУПМ,,к.н.
Козлов З.Т.,ФИВТ,доцент,д.н.
Лебедев Д.С.,ФИТ,профессор,
Смирнов И.К.,ИТМО,ассистент,
Кузнецов Г.Н.,ФМиМ,профессор,
Сидоров К.М.,ФМиМ,ассистент,
Алексеев Ж.Р.,ФФ,ассистент,к.н.
Волков Ж.Р.,ФМиМ,профессор,
Волков З.Т.,ИТМО,доцент,д.н.
Лебедева И.К.,ФИВТ,доцент,к.н.
Смирнов Ж.Р.,ФИТ,доцент,
Козлов А.А.,ФМиЕН,ассистент,д.н.
Морозов Г.Н.,ФФ,ассистент,
Лебедева Б.В.,ФРТ,доцент,д.н.
Морозов В.И.,ФПМИ,доцент,д.н.
Петров Г.Н.,ФИТ,,к.н.
Лебедев К.М.,ФМиМ,доцент,
Егоров Е.П.,ФМиМ,ассистент,д.н.
Иванов В.И.,ФПМИ,,д.н.
Новиков И.К.,ФФ,профессор,д.н.
Кузнецов М.Ю.,ФЭТ,доцент,
Лебедева К.М.,ФИВТ,профессор,д.н.
Морозов З.Т.,ИТМО,доцент,д.н.
Иванов В.И.,ФПМИ,профессор,к.н.
Семенов Л.О.,ФРТ,,к.н.
Иванов Б.В.,ФИТ,доцент,к.н.
Петров Л.О.,ФФ,профессор,
Егоров М.Ю.,ФИТ,ассистент,
Новиков Л.О.,ФПМИ,доцент,
Петров Д.С.,ФМиМ,,
Соколов Г.Н.,ИТМО,профессор,
Алексеев З.Т.,ФЭТ,профессор,д.н.
Попов В.И.,ФИТ,доцент,
Лебедев Л.О.,ИТМО,доцент,к.н.
Новиков А.А.,ИТМО,профессор,к.н.
Кузнецов Л.О.,ФМиЕН,,
Смирнов Л.О.,ФПМИ,,д.н.
Новиков А.А.,ФИВТ,доцент,
Алексеев З.Т.,ФИТ,ассистент,к.н.
Кузнецов Ж.Р.,ФИВТ,профессор,к.н.
Иванов Б.В.,ФРТ,ассистент,к.н.
Соколов Ж.Р.,ФПМИ,доцент,к.н.
Лебедев А.А.,ФИВТ,,
Семенов В.И.,ФИТ,доцент,д.н.
Попов А.А.,ФМиМ,доцент,к.н.
Лебедева Б.В.,ФМиМ,профессор,
Новиков Ж.Р.,ФУПМ,профессор,
Иванов И.К.,ИТМО,,к.н.
Алексеев Ж.Р.,ФУПМ,доцент,к.н.
Семенов З.Т.,ФЭТ,ассистент,к.н.
Сидоров М.Ю.,ФИТ,,к.н.
Егоров Д.С.,ФУПМ,профессор,
Лебедева Ж.Р.,ФРТ,профессор,к.н.
Лебедев М.Ю.,ИТМО,,д.н.
Егоров В.И.,ФФ,доцент,к.н.
Соколов Л.О.,ФФ,профессор,
Соколов И.К.,ФПМИ,ассистент,к.н.
Иванов В.И.,ФМиЕН,доцент,
Лебедев К.М.,ИТМО,,к.н.
Алексеев З.Т.,ФРТ,,к.н.
Сидоров В.И.,ФПМИ,доцент,
Новиков Л.О.,ФМиМ,,к.н.
Егоров Л.О.,ФМиМ,,д.н.
Сидоров М.Ю.,ФМиМ,ассистент,д.н.
Семенов Д.С.,ФФ,профессор,
Морозов К.М.,ФЭТ,ассистент,к.н.
Егоров К.М.,ФИТ,доцент,к.н.
Иванов К.М.,ФФ,доцент,
Кузнецов Г.Н.,ФИВТ,профессор,к.н.
Козлов Л.О.,ФМиЕН,,
Семенов Е.П.,ИТМО,,
Кузнецов В.И.,ФМиМ,ассистент,д.н.
Морозов З.Т.,ФУПМ,,
Иванов В.И.,ФУПМ,ассистент,д.н.
Лебедева К.М.,ФПМИ,ассистент,к.н.
Морозов Б.В.,ФУПМ,доцент,
Козлов Ж.Р.,ФФ,ассистент,к.н.
Сидоров И.К.,ФЭТ,,к.н.
Попов Е.П.,ФУПМ,,д.н.
Алексеев З.Т.,ФФ,,
Алексеев Л.О.,ФПМИ,профессор,к.н.
Егоров И.К.,ФУПМ,,
Смирнов Г.Н.,ФМиЕН,ассистент,д.н.
Алексеев И.К.,ФМиМ,ассистент,
Смирнов Г.Н.,ФМиМ,доцент,д.н.
Семенов З.Т.,ФМиЕН,,к.н.
Попов Г.Н.,ФПМИ,доцент,
Волков К.М.,ФИВТ,ассистент,к.н.
Попов Е.П.,ФЭТ,доцент,
Семенов Ж.Р.,ФЭТ,профессор,к.н.
Морозов К.М.,ФМиЕН,,
Козлов Д.С.,ФУПМ,профессор,к.н.
Сидоров К.М.,ФМиМ,доцент,д.н.
Петров Д.С.,ФИВТ,,к.н.
Смирнов Е.П.,ФФ,профессор,к.н.
Сидоров Е.П.,ФРТ,ассистент,
Кузнецов Б.В.,ФМиЕН,профессор,д.н.
Попов Л.О.,ФПМИ,ассистент,
Сидоров Ж.Р.,ФМиМ,профессор,
Волков А.А.,ФРТ,,к.н.
Лебедева Л.О.,ФФ,профессор,д.н.
Егоров А.А.,ФРТ,профессор,к.н.
Лебедева Ж.Р.,ФМиЕН,доцент,д.н.
Семенов Ж.Р.,ФУПМ,ассистент,
Морозов Г.Н.,ИТМО,профессор,
Кузнецов И.К.,ФИТ,ассистент,
Кузнецов А.А.,ФМиЕН,профессор,к.н.
Попов Д.С.,ФИТ,доцент,д.н.
Смирнов Е.П.,ФРТ,доцент,
Алексеев Ж.Р.,ФМиМ,доцент,к.н.
Новиков А.А.,ФИВТ,ассистент,к.н.
Кузнецов З.Т.,ФИВТ,,д.н.
Алексеев Б.В.,ФМиЕН,,к.н.
Иванов И.К.,ФМиЕН,ассистент,д.н.
Волков А.А.,ФПМИ,ассистент,
Козлов Е.П.,ФИТ,ассистент,к.н.
Новиков И.К.,ФИВТ,профессор,
Кузнецов К.М.,ФЭТ,профессор,
Соколов Г.Н.,ФМиЕН,,
Лебедев Д.С.,ФУПМ,профессор,д.н.
Сидоров Б.В.,ФМиМ,доцент,к.н.
Иванов З.Т.,ИТМО,профессор,д.н.
Лебедев И.К.,ФИТ,ассистент,
Сидоров К.М.,ФФ,доцент,к.н.
Сидоров В.И.,ФФ,профессор,
Егоров М.Ю.,ФМиЕН,доцент,
Лебедев И.К.,ФИТ,,д.н.
Волков Ж.Р.,ФМиЕН,профессор,д.н.
Волков Г.Н.,ФПМИ,доцент,д.н.
Петров Ж.Р.,ИТМО,профессор,к.н.
Петров Г.Н.,ФРТ,,
Козлов З.Т.,ФЭТ,доцент,д.н.
Егоров Б.В.,ФМиЕН,ассистент,д.н.
Попов Б.В.,ФРТ,ассистент,
Морозов Л.О.,ФИВТ,,
Лебедев Б.В.,ФИТ,профессор,д.н.
Козлов З.Т.,ФМиМ,доцент,к.н.
Петров Е.П.,ФПМИ,,
Лебедев Л.О.,ФЭТ,профессор,д.н.
Иванов Л.О.,ФИВТ,,к.н.
Егоров М.Ю.,ФМиЕН,доцент,
Сидоров Л.О.,ФИВТ,доцент,д.н.
Морозов З.Т.,ФУПМ,профессор,к.н.
Егоров Л.О.,ФУПМ,ассистент,д.н.
Смирнов Д.С.,ФУПМ,ассистент,д.н.
Лебедев К.М.,ФМиМ,доцент,к.н.
Соколов Л.О.,ФРТ,доцент,д.н.
Алексеев Л.О.,ФЭТ,,к.н.
Соколов В.И.,ФЭТ,,к.н.
Волков Г.Н.,ИТМО,ассистент,д.н.
Морозов Б.В.,ФИВТ,ассистент,к.н.
Алексеев М.Ю.,ФЭТ,профессор,к.н.
Смирнов В.И.,ИТМО,ассистент,д.н.
Морозов В.И.,ФУПМ,доцент,
Волков Л.О.,ФИВТ,профессор,к.н.
Соколов Ж.Р.,ФИТ,доцент,к.н.
Семенов И.К.,ФМиМ,,д.н.
Новиков Д.С.,ИТМО,,д.н.
Сидоров Л.О.,ФФ,ассистент,
Новиков К.М.,ФПМИ,ассистент,
Морозов Е.П.,ФПМИ,,
Новиков З.Т.,ФМиЕН,профессор,к.н.
Лебедев Г.Н.,ФФ,ассистент,
Егоров Г.Н.,ФМиЕН,доцент,д.н.
Иванов М.Ю.,ФЭТ,доцент,к.н.
Иванов Д.С.,ИТМО,,к.н.
Лебедев М.Ю.,ФУПМ,профессор,к.н.
Иванов М.Ю.,ИТМО,профессор,к.н.
Соколов Л.О.,ИТМО,,
Сидоров М.Ю.,ФИТ,,
Кузнецов Ж.Р.,ИТМО,доцент,к.н.
Егоров М.Ю.,ФРТ,ассистент,
Иванов В.И.,ФРТ,доцент,
Морозов И.К.,ФУПМ,доцент,
Соколов Г.Н.,ФМиМ,ассистент,д.н.
Егоров И.К.,ФИТ,,
Семенов Е.П.,ИТМО,ассистент,д.н.
Иванов К.М.,ФПМИ,,
Иванов З.Т.,ФРТ,,к.н.
Алексеев М.Ю.,ФМиЕН,профессор,к.н.
Козлов В.И.,ФФ,доцент,
Козлов Д.С.,ФПМИ,доцент,
Соколов К.М.,ФМиЕН,доцент,д.н.
Попов Л.О.,ИТМО,профессор,
Морозов Ж.Р.,ФРТ,ассистент,д.н.
Петров Л.О.,ФФ,,к.н.
Алексеев З.Т.,ИТМО,профессор,д.н.
Попов З.Т.,ФПМИ,профессор,к.н.
Петров М.Ю.,ФМиЕН,ассистент,
Козлов Д.С.,ФРТ,доцент,д.н.
Егоров Е.П.,ФЭТ,профессор,
Кузнецов Г.Н.,ФУПМ,доцент,к.н.
Соколов З.Т.,ФИВТ,ассистент,к.н.
Семенов Д.С.,ФРТ,,
Лебедева К.М.,ФИВТ,,к.н.
Егоров В.И.,ФУПМ,профессор,д.н.
Петров Г.Н.,ФЭТ,,к.н.
Семенов К.М.,ФПМИ,ассистент,д.н.
Козлов М.Ю.,ФИТ,,к.н.
Соколов Е.П.,ФМиЕН,,д.н.
Козлов Б.В.,ФИТ,доцент,
Петров Л.О.,ФФ,профессор,
Кузнецов М.Ю.,ФМиЕН,доцент,к.н.
Волков Л.О.,ФПМИ,ассистент,
Сидоров Б.В.,ФФ,профессор,к.н.
Козлов И.К.,ФЭТ,профессор,
Новиков З.Т.,ФЭТ,,
Сидоров Ж.Р.,ФМиЕН,доцент,к.н.
Петров Б.В.,ФЭТ,профессор,д.н.
Алексеев Г.Н.,ФПМИ,,д.н.
Морозов З.Т.,ФМиЕН,,
Козлов И.К.,ФЭТ,доцент,
Соколов З.Т.,ФМиМ,доцент,д.н.
Сидоров Е.П.,ФИВТ,,к.н.
Соколов В.И.,ФИВТ,ассистент,
Морозов И.К.,ФИВТ,,
Попов Ж.Р.,ФМиЕН,профессор,
Соколов К.М.,ФФ,ассистент,д.н.
Новиков И.К.,ФИТ,,к.н.
Соколов Г.Н.,ФФ,доцент,к.н.
Лебедева К.М.,ФИВТ,,д.н.
Волков Г.Н.,ФПМИ,ассистент,
Смирнов И.К.,ФПМИ,доцент,д.н.
Лебедева З.Т.,ФФ,доцент,к.н.
Кузнецов М.Ю.,ФПМИ,профессор,к.н.
Новиков З.Т.,ФПМИ,ассистент,
Кузнецов А.А.,ФРТ,,д.н.
Попов Б.В.,ФПМИ,доцент,к.н.
Соколов М.Ю.,ФРТ,ассистент,
Попов К.М.,ФЭТ,доцент,д.н.
Лебедев Ж.Р.,ФИТ,,д.н.
Семенов В.И.,ФИТ,ассистент,
Новиков З.Т.,ФУПМ,ассистент,
Петров В.И.,ФРТ,ассистент,д.н.
Кузнецов Ж.Р.,ФМиЕН,доцент,
Соколов Ж.Р.,ФЭТ,профессор,
Соколов М.Ю.,ФИВТ,ассистент,
Петров А.А.,ФПМИ,профессор,д.н.
Кузнецов Ж.Р.,ФИВТ,ассистент,
Семенов Б.В.,ФМиМ,профессор,к.н.
Егоров Л.О.,ФРТ,профессор,д.н.
Семенов Л.О.,ФПМИ,профессор,к.н.
Морозов Л.О.,ИТМО,профессор,
Семенов Г.Н.,ФФ,профессор,к.н.
Иванов Л.О.,ФМиЕН,профессор,
Семенов Ж.Р.,ФИТ,ассистент,
Семенов Ж.Р.,ФПМИ,,
Попов А.А.,ФИВТ,доцент,к.н.
Лебедева М.Ю.,ФРТ,профессор,д.н.
Соколов А.А.,ИТМО,доцент,
Егоров К.М.,ИТМО,доцент,к.н.
Смирнов Д.С.,ФУПМ,профессор,
Лебедев Г.Н.,ФПМИ,,д.н.
Козлов Л.О.,ФФ,доцент,
Новиков Ж.Р.,ФУПМ,доцент,д.н.
Сидоров К.М.,ФЭТ,ассистент,д.н.
Егоров Л.О.,ФФ,,
Лебедева И.К.,ИТМО,профессор,
Соколов Е.П.,ФРТ,доцент,к.н.
Козлов М.Ю.,ФЭТ,ассистент,к.н.
Смирнов И.К.,ФЭТ,,
Лебедев А.А.,ФЭТ,профессор,к.н.
Смирнов Г.Н.,ФИВТ,,
Иванов З.Т.,ФФ,ассистент,д.н.
Козлов Е.П.,ИТМО,ассистент,к.н.
Волков К.М.,ФУПМ,ассистент,д.н.
Алексеев А.А.,ФУПМ,доцент,
Петров Ж.Р.,ФИВТ,ассистент,к.н.
Волков Е.П.,ФФ,доцент,д.н.
Сидоров М.Ю.,ФИТ,профессор,
Семенов Б.В.,ФЭТ,профессор,
Морозов Л.О.,ФФ,,д.н.
Иванов З.Т.,ИТМО,ассистент,д.н.
Алексеев Е.П.,ФМиЕН,профессор,
Алексеев Б.В.,ФПМИ,профессор,д.н.
Иванов Б.В.,ФМиЕН,,
Лебедев А.А.,ФИТ,ассистент,д.н.
Морозов Ж.Р.,ФМиЕН,доцент,д.н.
Смирнов М.Ю.,ИТМО,доцент,к.н.
Егоров М.Ю.,ФФ,ассистент,д.н.
Новиков И.К.,ИТМО,ассистент,д.н.
Петров Е.П.,ФМиЕН,профессор,д.н.
Иванов К.М.,ФМиЕН,профессор,д.н.
Морозов Ж.Р.,ФФ,профессор,д.н.
Иванов Л.О.,ФМиЕН,доцент,
Кузнецов Е.П.,ФМиЕН,профессор,к.н.
Волков А.А.,ФМиМ,,к.н.
Алексеев Е.П.,ФМиМ,ассистент,
Морозов Б.В.,ФЭТ,профессор,к.н.
Кузнецов А.А.,ФИТ,профессор,к.н.
Сидоров И.К.,ФРТ,доцент,к.н.
Новиков К.М.,ФЭТ,доцент,д.н.
Егоров А.А.,ФЭТ,ассистент,
Алексеев А.А.,ИТМО,доцент,к.н.
Волков В.И.,ФИВТ,,к.н.
Петров В.И.,ФЭТ,,
Морозов Б.В.,ФМиМ,,д.н.
Соколов Б.В.,ФРТ,профессор,
Соколов И.К.,ФЭТ,ассистент,к.н.
Попов И.К.,ИТМО,,
Иванов К.М.,ФЭТ,ассистент,
Лебедева И.К.,ФРТ,доцент,к.н.
Алексеев И.К.,ФУПМ,профессор,
Новиков Б.В.,ФИТ,,
Попов Д.С.,ФУПМ,доцент,д.н.
Морозов З.Т.,ФИТ,ассистент,д.н.
Волков М.Ю.,ФРТ,ассистент,
Морозов З.Т.,ФРТ,доцент,д.н.
Семенов Е.П.,ФМиЕН,ассистент,
Соколов З.Т.,ФЭТ,доцент,д.н.
Петров Б.В.,ФПМИ,доцент,д.н.
Соколов М.Ю.,ФПМИ,профессор,д.н.
Сидоров Б.В.,ФФ,ассистент,к.н.
Новиков Е.П.,ФФ,доцент,
Морозов Е.П.,ФЭТ,доцент,
Лебедев Г.Н.,ФИТ,профессор,
Иванов Д.С.,ФУПМ,доцент,д.н.
Семенов Е.П.,ФМиМ,профессор,к.н.
Волков Д.С.,ФИТ,,к.н.
Новиков Б.В.,ФИТ,,
Лебедев Д.С.,ФИТ,профессор,к.н.
Егоров З.Т.,ИТМО,ассистент,
Козлов Д.С.,ФЭТ,доцент,к.н.
Попов Г.Н.,ФЭТ,профессор,
Новиков Л.О.,ИТМО,профессор,
Новиков З.Т.,ФИВТ,профессор,к.н.
Попов Ж.Р.,ФФ,ассистент,д.н.
Волков Л.О.,ФФ,,к.н.
Петров М.Ю.,ФМиМ,профессор,д.н.
Петров К.М.,ФУПМ,доцент,к.н.
Волков К.М.,ФУПМ,ассистент,
Петров Г.Н.,ФПМИ,ассистент,д.н.
Смирнов Г.Н.,ФПМИ,профессор,
Новиков З.Т.,ФРТ,доцент,к.н.
Новиков Е.П.,ФИВТ,доцент,
Лебедева Г.Н.,ФМиМ,,д.н.
Иванов К.М.,ФИТ,ассистент,к.н.
Смирнов А.А.,ФРТ,профессор,д.н.
Волков З.Т.,ФПМИ,,д.н.
Волков А.А.,ФРТ,доцент,
Смирнов А.А.,ФИВТ,профессор,
Морозов Б.В.,ФМиЕН,ассистент,
Кузнецов Б.В.,ФМиЕН,,
Алексеев Ж.Р.,ФФ,доцент,
Кузнецов М.Ю.,ФУПМ,,к.н.
Лебедев И.К.,ФЭТ,профессор,
Петров З.Т.,ФФ,доцент,
Попов Ж.Р.,ФФ,доцент,к.н.
Морозов Г.Н.,ФУПМ,доцент,
Волков Ж.Р.,ИТМО,профессор,д.н.
Попов Г.Н.,ФФ,ассистент,д.н.
Алексеев А.А.,ФИТ,,к.н.
Лебедева Л.О.,ФРТ,доцент,к.н.
Волков Ж.Р.,ИТМО,профессор,д.н.
Кузнецов Е.П.,ФМиМ,ассистент,
Новиков Ж.Р.,ФФ,доцент,к.н.
Петров Д.С.,ФМиЕН,ассистент,
Козлов А.А.,ФРТ,профессор,д.н.
Волков А.А.,ФЭТ,доцент,д.н.
Смирнов Ж.Р.,ФМиЕН,доцент,
Егоров Г.Н.,ФМиЕН,профессор,к.н.
Козлов Л.О.,ФПМИ,доцент,к.н.
Новиков Е.П.,ФФ,доцент,
Алексеев В.И.,ФИВТ,профессор,
Смирнов В.И.,ИТМО,профессор,к.н.
Кузнецов В.И.,ФМиМ,ассистент,
Сидоров Д.С.,ФИТ,профессор,д.н.
Попов Е.П.,ФРТ,профессор,к.н.
Сидоров В.И.,ФИТ,ассистент,д.н.
Соколов Ж.Р.,ИТМО,,д.н.
Козлов А.А.,ИТМО,ассистент,д.н.
Семенов Л.О.,ФРТ,,д.н.
Петров А.А.,ФПМИ,профессор,д.н.
Алексеев Г.Н.,ФМиМ,профессор,к.н.
Соколов И.К.,ФУПМ,ассистент,к.н.
Соколов З.Т.,ФРТ,доцент,
Козлов К.М.,ФИВТ,профессор,д.н.
Петров И.К.,ФФ,,к.н.
Кузнецов М.Ю.,ФИВТ,ассистент,д.н.
Петров Е.П.,ФЭТ,,
Петров Г.Н.,ФИТ,,д.н.
Морозов Е.П.,ФИТ,доцент,к.н.
Волков Д.С.,ФМиЕН,,
Козлов Д.С.,ФПМИ,профессор,к.н.
Соколов З.Т.,ФРТ,доцент,д.н.
Петров А.А.,ФМиЕН,профессор,
Лебедева А.А.,ФПМИ,доцент,д.н.
Смирнов Б.В.,ФФ,доцент,д.н.
Петров Е.П.,ФИТ,,
Новиков З.Т.,ФИВТ,ассистент,к.н.
Иванов Ж.Р.,ФУПМ,доцент,д.н.
Волков М.Ю.,ФМиЕН,доцент,д.н.
Кузнецов Ж.Р.,ФЭТ,ассистент,
Кузнецов Л.О.,ФИТ,профессор,д.н.
Алексеев Л.О.,ФЭТ,ассистент,к.н.
Морозов А.А.,ФФ,ассистент,д.н.
Петров А.А.,ИТМО,профессор,д.н.
Иванов А.А.,ФМиЕН,профессор,
Смирнов Д.С.,ИТМО,профессор,к.н.
Кузнецов И.К.,ФФ,профессор,д.н.
Сидоров В.И.,ФМиЕН,доцент,
Петров Л.О.,ФРТ,ассистент,
Волков К.М.,ФИТ,,к.н.
Морозов М.Ю.,ФИТ,доцент,
Волков Б.В.,ФЭТ,ассистент,
Лебедева Г.Н.,ФИТ,доцент,к.н.
Соколов Д.С.,ФМиМ,профессор,д.н.
Семенов З.Т.,ФМиМ,,д.н.
Лебедев Б.В.,ФЭТ,доцент,
Семенов И.К.,ФРТ,доцент,
Лебедев Г.Н.,ФМиЕН,ассистент,
Козлов Е.П.,ФИТ,доцент,
Лебедев К.М.,ФИВТ,профессор,
Соколов З.Т.,ФМиМ,профессор,д.н.
Морозов Д.С.,ФУПМ,доцент,к.н.
Новиков З.Т.,ФРТ,профессор,к.н.
Смирнов В.И.,ФМиМ,профессор,к.н.
Петров М.Ю.,ФМиЕН,ассистент,к.н.
Егоров К.М.,ФИТ,профессор,
Соколов Е.П.,ФИВТ,профессор,
Иванов К.М.,ФФ,ассистент,д.н.
Лебедев Ж.Р.,ИТМО,доцент,
Алексеев Б.В.,ФПМИ,ассистент,д.н.
Алексеев К.М.,ИТМО,доцент,к.н.
Волков К.М.,ФМиЕН,профессор,
Козлов К.М.,ФФ,профессор,д.н.
Петров И.К.,ФПМИ,ассистент,
Лебедева А.А.,ФЭТ,профессор,
Смирнов В.И.,ФФ,доцент,д.н.
Морозов А.А.,ФФ,ассистент,к.н.
Волков Д.С.,ФИТ,ассистент,к.н.
Петров Б.В.,ФИТ,ассистент,к.н.
Лебедева И.К.,ИТМО,доцент,к.н.
Соколов К.М.,ФРТ,ассистент,д.н.
Козлов В.И.,ИТМО,доцент,к.н.
Семенов Л.О.,ФУПМ,профессор,д.н.
Лебедева К.М.,ИТМО,доцент,д.н.
Иванов Е.П.,ФПМИ,профессор,д.н.
Соколов А.А.,ФУПМ,ассистент,д.н.
Морозов Л.О.,ФУПМ,,
Лебедева Л.О.,ФФ,профессор,д.н.
Соколов К.М.,ФМиЕН,ассистент,
Попов Е.П.,ФПМИ,доцент,к.н.
Семенов И.К.,ФМиМ,доцент,д.н.
Кузнецов А.А.,ФФ,,д.н.
Козлов Е.П.,ФМиМ,ассистент,
Морозов А.А.,ФМиМ,профессор,д.н.
Лебедев Л.О.,ФИТ,,к.н.
Лебедева Л.О.,ИТМО,ассистент,д.н.
Смирнов В.И.,ФМиЕН,,к.н.
Лебедева Д.С.,ФУПМ,доцент,д.н.
Попов Д.С.,ФМиМ,ассистент,к.н.
Кузнецов Л.О.,ФМиЕН,доцент,
Лебедев М.Ю.,ФЭТ,,
Сидоров Е.П.,ИТМО,профессор,к.н.
Сидоров Е.П.,ФРТ,профессор,
Новиков А.А.,ФУПМ,профессор,д.н.
Лебедева Л.О.,ФЭТ,доцент,
Попов Б.В.,ФМиЕН,,д.н.
Попов М.Ю.,ФРТ,,к.н.
Алексеев Г.Н.,ФМиЕН,доцент,
Волков В.И.,ФМиМ,профессор,к.н.
Иванов Е.П.,ФИТ,профессор,д.н.
Смирнов А.А.,ФМиМ,,к.н.
Иванов Г.Н.,ФФ,ассистент,к.н.
Петров Ж.Р.,ИТМО,профессор,д.н.
Новиков Д.С.,ФФ,профессор,к.н.
Попов В.И.,ИТМО,доцент,д.н.
Кузнецов Ж.Р.,ФИВТ,доцент,д.н.
Попов К.М.,ФИВТ,доцент,д.н.
Новиков Б.В.,ФРТ,доцент,
Егоров Е.П.,ИТМО,профессор,д.н.
Козлов В.И.,ФФ,,к.н.
Попов Б.В.,ФИТ,профессор,д.н.
Новиков Л.О.,ФИВТ,доцент,к.н.
Егоров Г.Н.,ФФ,доцент,к.н.
Егоров Б.В.,ФМиМ,доцент,к.н.
Алексеев Д.С.,ФИВТ,,д.н.
Иванов З.Т.,ФПМИ,доцент,
Волков К.М.,ФПМИ,доцент,д.н.
Смирнов Л.О.,ФЭТ,,д.н.
Волков Г.Н.,ФЭТ,доцент,д.н.
Кузнецов Л.О.,ФФ,,к.н.
Волков Г.Н.,ФМиЕН,ассистент,к.н.
Попов И.К.,ФПМИ,профессор,д.н.
Смирнов Г.Н.,ФМиМ,,д.н.
Новиков К.М.,ФИВТ,ассистент,
Петров И.К.,ФФ,доцент,
Лебедев Г.Н.,ФМиЕН,доцент,
Иванов Г.Н.,ФФ,,к.н.
Новиков Д.С.,ФИТ,профессор,д.н.
Лебедев Д.С.,ФИТ,профессор,д.н.
Новиков Б.В.,ФМиЕН,ассистент,д.н.
Сидоров Б.В.,ИТМО,ассистент,к.н.
Семенов И.К.,ФРТ,профессор,к.н.
Смирнов Л.О.,ФМиМ,профессор,
Алексеев Л.О.,ФИВТ,,д.н.
Морозов Г.Н.,ИТМО,профессор,
Лебедев А.А.,ФИТ,,
Егоров К.М.,ФПМИ,,к.н.
Алексеев Л.О.,ИТМО,ассистент,
Попов Г.Н.,ФПМИ,доцент,
Егоров Д.С.,ФРТ,,д.н.
Петров Е.П.,ФИВТ,ассистент,к.н.
Алексеев Г.Н.,ФМиЕН,,к.н.
Егоров Д.С.,ФМиЕН,,к.н.
Петров Л.О.,ФМиМ,профессор,к.н.
Иванов М.Ю.,ФПМИ,доцент,к.н.
Сидоров И.К.,ФМиЕН,,
Иванов И.К.,ФИТ,доцент,д.н.
Соколов К.М.,ФМиМ,,к.н.
Кузнецов К.М.,ИТМО,,к.н.
Иванов Д.С.,ФИВТ,доцент,д.н.
Иванов Г.Н.,ФМиЕН,,д.н.
Соколов Е.П.,ФУПМ,ассистент,д.н.
Сидоров Д.С.,ФУПМ,профессор,к.н.
Соколов М.Ю.,ФИВТ,ассистент,д.н.
Сидоров З.Т.,ФМиЕН,доцент,к.н.
Кузнецов Ж.Р.,ФПМИ,ассистент,
Козлов А.А.,ФМиЕН,доцент,д.н.
Алексеев Ж.Р.,ФФ,,к.н.
Попов Л.О.,ФПМИ,доцент,к.н.
Егоров Ж.Р.,ФПМИ,профессор,
Соколов Б.В.,ФМиЕН,ассистент,к.н.
Волков К.М.,ФИВТ,доцент,к.н.
Иванов Л.О.,ФМиЕН,,д.н.
Соколов Е.П.,ФИВТ,,д.н.
Лебедев А.А.,ФМиМ,профессор,д.н.
Иванов К.М.,ФПМИ,доцент,д.н.
Петров З.Т.,ФИТ,доцент,д.н.
Соколов Ж.Р.,ФПМИ,доцент,д.н.
Алексеев Д.С.,ФФ,,к.н.
Соколов Л.О.,ИТМО,,
Лебедева З.Т.,ФЭТ,ассистент,
Иванов И.К.,ФРТ,,д.н.
Новиков А.А.,ФРТ,ассистент,
Егоров Б.В.,ФРТ,,к.н.
Волков В.И.,ФУПМ,ассистент,к.н.
Смирнов М.Ю.,ФМиЕН,доцент,
Волков З.Т.,ИТМО,доцент,к.н.
Петров Л.О.,ФИВТ,,д.н.
Козлов Ж.Р.,ИТМО,ассистент,
Алексеев В.И.,ИТМО,профессор,д.н.
Лебедев К.М.,ФРТ,ассистент,к.н.
Смирнов А.А.,ФПМИ,,к.н.
Семенов Ж.Р.,ФИВТ,,
Алексеев К.М.,ФМиЕН,профессор,
Соколов Г.Н.,ФРТ,ассистент,д.н.
Семенов К.М.,ФУПМ,доцент,д.н.
Лебедев Е.П.,ФФ,,к.н.
Петров К.М.,ФМиЕН,доцент,д.н.
Петров Б.В.,ФРТ,профессор,
Волков В.И.,ФФ,профессор,
Петров М.Ю.,ФМиМ,ассистент,
Смирнов Д.С.,ИТМО,,к.н.
Попов М.Ю.,ФРТ,профессор,д.н.
Новиков Л.О.,ФЭТ,ассистент,к.н.
Лебедев Д.С.,ФУПМ,профессор,к.н.
Попов Д.С.,ФРТ,доцент,к.н.
Иванов И.К.,ФПМИ,профессор,д.н.
Егоров К.М.,ФЭТ,доцент,
Кузнецов К.М.,ФМиЕН,ассистент,д.н.
Егоров К.М.,ФФ,профессор,д.н.
Смирнов К.М.,ФУПМ,ассистент,
Волков Л.О.,ФЭТ,доцент,
Петров Б.В.,ФМиЕН,доцент,
Козлов Е.П.,ФЭТ,,к.н.
Волков З.Т.,ФПМИ,профессор,
Сидоров Д.С.,ФМиМ,ассистент,к.н.
Козлов Д.С.,ФМиМ,профессор,к.н.
Волков К.М.,ФМиЕН,,к.н.
Петров М.Ю.,ИТМО,доцент,
Сидоров Ж.Р.,ФРТ,ассистент,
Лебедев И.К.,ФПМИ,профессор,к.н.
Волков Б.В.,ИТМО,доцент,к.н.
Алексеев З.Т.,ФМиЕН,доцент,д.н.
Новиков В.И.,ФМиМ,ассистент,д.н.
Лебедева К.М.,ФРТ,ассистент,к.н.
Новиков Б.В.,ФМиЕН,ассистент,д.н.
Соколов Б.В.,ФЭТ,профессор,д.н.
Морозов Б.В.,ФЭТ,профессор,д.н.
Соколов Д.С.,ФМиЕН,ассистент,к.н.
Волков Г.Н.,ФИТ,профессор,д.н.
Морозов Б.В.,ИТМО,,к.н.
Кузнецов Ж.Р.,ФФ,ассистент,
Лебедева Ж.Р.,ФЭТ,доцент,д.н.
Попов К.М.,ФМиМ,ассистент,
Петров М.Ю.,ФЭТ,доцент,д.н.
Петров В.И.,ФЭТ,профессор,к.н.
Сидоров М.Ю.,ФРТ,,д.н.
Смирнов З.Т.,ФУПМ,доцент,к.н.
Иванов Д.С.,ФФ,ассистент,
Соколов А.А.,ФПМИ,доцент,
Смирнов Е.П.,ИТМО,профессор,д.н.
Алексеев А.А.,ФИТ,профессор,
Сидоров З.Т.,ФИТ,доцент,д.н.
Егоров В.И.,ФИТ,ассистент,
Морозов В.И.,ИТМО,ассистент,к.н.
Соколов Д.С.,ФФ,профессор,
Сидоров В.И.,ФЭТ,профессор,
Алексеев Д.С.,ФМиМ,,к.н.
Петров Л.О.,ФРТ,профессор,
Соколов Д.С.,ИТМО,ассистент,д.н.
Соколов Е.П.,ФМиЕН,профессор,д.н.
Волков И.К.,ФРТ,профессор,к.н.
Семенов Б.В.,ФПМИ,,
Морозов М.Ю.,ФЭТ,доцент,д.н.
Попов Е.П.,ФРТ,профессор,д.н.
Соколов Б.В.,ФЭТ,доцент,к.н.
Попов Ж.Р.,ИТМО,профессор,к.н.
Сидоров Е.П.,ФПМИ,доцент,к.н.
Иванов Д.С.,ФУПМ,профессор,к.н.
Алексеев В.И.,ФФ,доцент,к.н.
Сидоров Л.О.,ФИВТ,,
Кузнецов Д.С.,ФМиЕН,,д.н.
Иванов Б.В.,ФМиМ,профессор,д.н.
Смирнов В.И.,ФИТ,,
Сидоров И.К.,ФИТ,ассистент,к.н.
Морозов И.К.,ФФ,профессор,
Егоров Б.В.,ФМиМ,ассистент,д.н.
Лебедев Д.С.,ФИТ,профессор,к.н.
Лебедев Е.П.,ФФ,,
Иванов Б.В.,ФПМИ,,
Кузнецов Е.П.,ФЭТ,ассистент,к.н.
Петров Л.О.,ФПМИ,ассистент,
Кузнецов Л.О.,ФИВТ,профессор,
Козлов Б.В.,ФИТ,ассистент,д.н.
Попов И.К.,ФУПМ,ассистент,д.н.
Егоров К.М.,ФРТ,ассистент,д.н.
Волков И.К.,ФМиЕН,профессор,д.н.
Попов Е.П.,ФФ,ассистент,
Лебедева Б.В.,ФФ,профессор,
Петров И.К.,ФИТ,профессор,
Алексеев Е.П.,ФРТ,ассистент,д.н.
Волков Е.П.,ФЭТ,профессор,
Морозов Б.В.,ФЭТ,,д.н.
Егоров Е.П.,ФМиМ,профессор,к.н.
Сидоров Е.П.,ФМиЕН,доцент,д.н.
Алексеев Е.П.,ИТМО,доцент,
Смирнов З.Т.,ФПМИ,,к.н.
Смирнов Л.О.,ФЭТ,ассистент,к.н.
Лебедев Е.П.,ФИТ,доцент,
Семенов З.Т.,ФЭТ,профессор,д.н.
Лебедев М.Ю.,ИТМО,доцент,к.н.
Новиков К.М.,ФИВТ,доцент,к.н.
Петров З.Т.,ИТМО,,к.н.
Семенов К.М.,ФИТ,ассистент,
Петров Ж.Р.,ФМиМ,доцент,д.н.
Сидоров В.И.,ИТМО,доцент,д.н.
Петров Г.Н.,ФИТ,доцент,
Петров А.А.,ФМиМ,доцент,
Новиков Д.С.,ФПМИ,доцент,
Кузнецов К.М.,ИТМО,профессор,д.н.
Сидоров И.К.,ФИВТ,,
Иванов К.М.,ФУПМ,ассистент,д.н.
Смирнов З.Т.,ФМиМ,ассистент,д.н.
Волков Л.О.,ФИТ,профессор,
Егоров М.Ю.,ФРТ,,к.н.
Соколов К.М.,ФМиЕН,ассистент,д.н.
Смирнов Г.Н.,ФИВТ,доцент,к.н.
Попов М.Ю.,ФПМИ,ассистент,д.н.
Волков К.М.,ФУПМ,ассистент,д.н.
Козлов Д.С.,ФПМИ,профессор,
Попов В.И.,ФИТ,,д.н.
Сидоров А.А.,ИТМО,,к.н.
Волков А.А.,ФИТ,доцент,д.н.
Петров М.Ю.,ФЭТ,профессор,д.н.
Кузнецов В.И.,ФПМИ,,к.н.
Смирнов Д.С.,ФРТ,ассистент,к.н.
Семенов Д.С.,ФИТ,доцент,
Козлов З.Т.,ФИВТ,ассистент,
Иванов Д.С.,ФПМИ,ассистент,
Лебедев К.М.,ИТМО,,
Лебедев Г.Н.,ФПМИ,,к.н.
Смирнов И.К.,ИТМО,профессор,к.н.
Лебедев А.А.,ИТМО,профессор,
Кузнецов Б.В.,ФМиЕН,ассистент,
Иванов Г.Н.,ФРТ,доцент,д.н.
Лебедев А.А.,ИТМО,профессор,д.н.
Соколов Ж.Р.,ИТМО,профессор,к.н.
Семенов Г.Н.,ФУПМ,профессор,д.н.
Козлов Ж.Р.,ФМиЕН,профессор,д.н.
Петров Е.П.,ФЭТ,профессор,
Волков З.Т.,ФРТ,профессор,к.н.
Егоров З.Т.,ФУПМ,,д.н.
Егоров М.Ю.,ФЭТ,профессор,д.н.
Козлов И.К.,ФМиМ,,д.н.
Волков Е.П.,ФПМИ,,
Смирнов К.М.,ФЭТ,профессор,д.н.
Соколов Л.О.,ИТМО,профессор,к.н.
Лебедева М.Ю.,ФРТ,ассистент,
Петров Е.П.,ФЭТ,ассистент,к.н.
Козлов М.Ю.,ФИТ,доцент,
Кузнецов К.М.,ФФ,профессор,к.н.
Новиков Д.С.,ФРТ,ассистент,к.н.
Морозов Ж.Р.,ФМиЕН,профессор,д.н.
Иванов В.И.,ФМиМ,доцент,д.н.
Лебедева К.М.,ФЭТ,ассистент,к.н.
Лебедев Д.С.,ФМиМ,,к.н.
Козлов Г.Н.,ФМиМ,ассистент,
Соколов Б.В.,ФФ,ассистент,д.н.
Лебедев В.И.,ФПМИ,,
Соколов Е.П.,ФЭТ,,д.н.
Сидоров Ж.Р.,ФИТ,доцент,
Новиков А.А.,ФИВТ,,к.н.
Волков Ж.Р.,ФРТ,профессор,к.н.
Семенов Л.О.,ФИВТ,ассистент,д.н.
Попов К.М.,ФЭТ,ассистент,д.н.
Сидоров К.М.,ИТМО,доцент,д.н.
Лебедева Б.В.,ИТМО,профессор,к.н.
Семенов Б.В.,ИТМО,,д.н.
Алексеев Е.П.,ФПМИ,,д.н.
Егоров И.К.,ИТМО,профессор,д.н.
Волков Г.Н.,ФМиМ,,д.н.
Новиков В.И.,ФИТ,доцент,
Лебедев М.Ю.,ФМиЕН,профессор,к.н.
Козлов М.Ю.,ФМиЕН,ассистент,д.н.
Смирнов Ж.Р.,ФМиМ,,
Семенов Л.О.,ФУПМ,,
Попов Д.С.,ИТМО,ассистент,к.н.
Егоров Д.С.,ФЭТ,ассистент,к.н.
Лебедева Л.О.,ФЭТ,ассистент,к.н.
Волков Б.В.,ФМиЕН,ассистент,д.н.
Волков Ж.Р.,ФУПМ,,к.н.
Козлов М.Ю.,ФУПМ,,
Алексеев Л.О.,ФИТ,доцент,к.н.
Алексеев З.Т.,ФМиЕН,ассистент,к.н.
Лебедев И.К.,ФРТ,ассистент,
Егоров Л.О.,ФМиЕН,профессор,к.н.
Кузнецов Б.В.,ФМиЕН,доцент,
Козлов В.И.,ФМиЕН,,к.н.
Смирнов М.Ю.,ФФ,доцент,д.н.
Лебедев А.А.,ФРТ,профессор,к.н.
Лебедева М.Ю.,ФИВТ,,
Смирнов Л.О.,ФМиМ,ассистент,к.н.
Семенов И.К.,ИТМО,доцент,д.н.
Лебедев А.А.,ФМиЕН,доцент,
Волков М.Ю.,ИТМО,,к.н.
Алексеев Л.О.,ФЭТ,доцент,
Егоров З.Т.,ФУПМ,ассистент,к.н.
Козлов З.Т.,ФИВТ,ассистент,к.н.
Алексеев Ж.Р.,ФУПМ,,д.н.
Новиков З.Т.,ФУПМ,профессор,
Морозов З.Т.,ФМиМ,,
Соколов М.Ю.,ФМиМ,,к.н.
Волков А.А.,ФФ,ассистент,д.н.
Соколов К.М.,ИТМО,ассистент,д.н.
Егоров Ж.Р.,ИТМО,доцент,
Лебедева М.Ю.,ФИТ,,
Лебедева Л.О.,ФМиЕН,доцент,
Иванов Л.О.,ФМиЕН,доцент,
Козлов Ж.Р.,ФРТ,профессор,
Козлов Г.Н.,ФРТ,,к.н.
Петров Б.В.,ФФ,ассистент,
Иванов Г.Н.,ИТМО,ассистент,д.н.
Сидоров Ж.Р.,ФИТ,доцент,д.н.
Алексеев И.К.,ФФ,доцент,
Кузнецов А.А.,ФРТ,доцент,д.н.
Козлов Д.С.,ФИТ,ассистент,
Попов Ж.Р.,ФМиЕН,профессор,к.н.
Морозов Л.О.,ФЭТ,доцент,
Смирнов Д.С.,ИТМО,доцент,д.н.
Лебедев Е.П.,ФФ,профессор,
Иванов Е.П.,ФПМИ,,д.н.
Кузнецов Е.П.,ФИТ,ассистент,к.н.
Иванов Г.Н.,ФРТ,доцент,
Петров А.А.,ФЭТ,профессор,к.н.
Попов К.М.,ФРТ,профессор,д.н.
Лебедев К.М.,ИТМО,профессор,д.н.
Попов Д.С.,ФРТ,,к.н.
Лебедев А.А.,ФРТ,доцент,д.н.
Волков А.А.,ФПМИ,ассистент,
Егоров Ж.Р.,ФИВТ,доцент,
Новиков Ж.Р.,ФИВТ,,
Попов Б.В.,ФМиМ,доцент,
Алексеев Г.Н.,ФИТ,,д.н.
Егоров Д.С.,ФПМИ,доцент,д.н.
Алексеев З.Т.,ФЭТ,доцент,д.н.
Сидоров И.К.,ФРТ,доцент,д.н.
Попов Ж.Р.,ФФ,доцент,к.н.
Козлов Г.Н.,ФМиЕН,,
Кузнецов Г.Н.,ИТМО,,к.н.
Соколов Л.О.,ФРТ,профессор,
Лебедев К.М.,ФМиЕН,доцент,к.н.
Петров И.К.,ФИВТ,доцент,д.н.
Сидоров М.Ю.,ФИВТ,,к.н.
Иванов В.И.,ФИТ,ассистент,
Алексеев Д.С.,ФМиЕН,профессор,к.н.
Волков Г.Н.,ФИВТ,профессор,к.н.
Соколов Г.Н.,ФЭТ,доцент,д.н.
Лебедев Г.Н.,ФРТ,профессор,к.н.
Семенов К.М.,ФРТ,ассистент,д.н.
Кузнецов Г.Н.,ФМиМ,ассистент,
Сидоров Б.В.,ФИВТ,ассистент,
Козлов Г.Н.,ИТМО,ассистент,д.н.
Сидоров И.К.,ФФ,профессор,д.н.
Смирнов М.Ю.,ФИТ,профессор,д.н.
Сидоров Д.С.,ФПМИ,доцент,к.н.
Алексеев Б.В.,ФМиЕН,доцент,к.н.
Сидоров З.Т.,ФФ,профессор,
Семенов М.Ю.,ФИВТ,доцент,
Лебедев И.К.,ФМиМ,профессор,д.н.
Петров З.Т.,ФМиМ,профессор,д.н.
Морозов В.И.,ФРТ,доцент,
Лебедев Л.О.,ФИВТ,доцент,
Алексеев Л.О.,ФЭТ,ассистент,к.н.
Новиков Д.С.,ФПМИ,ассистент,д.н.
Смирнов Е.П.,ФМиЕН,профессор,к.н.
Волков К.М.,ФФ,ассистент,к.н.
Сидоров Д.С.,ФИТ,профессор,
Смирнов К.М.,ФМиЕН,,
Новиков М.Ю.,ФИТ,,к.н.
Семенов Л.О.,ФЭТ,доцент,к.н.
Семенов К.М.,ФИТ,,д.н.
Смирнов Ж.Р.,ФИВТ,доцент,
Морозов Л.О.,ФФ,профессор,д.н.
Соколов Л.О.,ФРТ,доцент,д.н.
Смирнов В.И.,ФИТ,,к.н.
Новиков З.Т.,ФПМИ,доцент,к.н.
Петров А.А.,ФПМИ,профессор,к.н.
Алексеев Ж.Р.,ИТМО,профессор,
Лебедев Л.О.,ИТМО,профессор,к.н.
Козлов Л.О.,ФУПМ,ассистент,д.н.
Лебедев Ж.Р.,ФИТ,доцент,д.н.
Сидоров Л.О.,ИТМО,,д.н.
Иванов Ж.Р.,ИТМО,профессор,
Волков Д.С.,ФЭТ,,д.н.
Козлов И.К.,ФУПМ,доцент,д.н.
Смирнов И.К.,ИТМО,ассистент,
Алексеев Г.Н.,ФМиМ,,
Петров К.М.,ФРТ,ассистент,
Попов К.М.,ИТМО,ассистент,
Кузнецов К.М.,ФИВТ,,
Петров М.Ю.,ФФ,профессор,
Лебедева З.Т.,ФИВТ,доцент,к.н.
Лебедева К.М.,ФЭТ,профессор,к.н.
Лебедев Д.С.,ФМиМ,,
Петров З.Т.,ФРТ,доцент,
Козлов В.И.,ФИТ,доцент,к.н.
Лебедев Г.Н.,ФМиЕН,профессор,
Алексеев И.К.,ФИВТ,профессор,к.н.
Волков М.Ю.,ФМиМ,профессор,к.н.
Козлов М.Ю.,ФПМИ,профессор,
Егоров И.К.,ФФ,профессор,д.н.
Новиков А.А.,ФЭТ,доцент,
Попов А.А.,ФЭТ,ассистент,д.н.
Семенов А.А.,ФПМИ,доцент,к.н.
Смирнов З.Т.,ФРТ,доцент,к.н.
Иванов А.А.,ФМиМ,доцент,к.н.
Алексеев Д.С.,ФМиЕН,,
Лебедев А.А.,ФФ,ассистент,к.н.
Семенов А.А.,ИТМО,ассистент,к.н.
Лебедева И.К.,ФПМИ,доцент,д.н.
Петров Д.С.,ФМиЕН,,д.н.
Попов З.Т.,ФМиМ,,д.н.
Лебедева М.Ю.,ФИТ,,
Семенов Б.В.,ФЭТ,ассистент,
Лебедева Д.С.,ФИТ,,д.н.
Соколов Л.О.,ФИТ,профессор,к.н.
Алексеев И.К.,ФИТ,ассистент,к.н.
Лебедев И.К.,ФЭТ,ассистент,к.н.
Новиков Ж.Р.,ИТМО,доцент,к.н.
Петров Л.О.,ФРТ,,к.н.
Лебедев Е.П.,ИТМО,ассистент,к.н.
Морозов Б.В.,ФУПМ,ассистент,д.н.
Лебедев Д.С.,ФУПМ,ассистент,д.н.
Сидоров М.Ю.,ФМиЕН,,
Лебедева А.А.,ФМиЕН,ассистент,
Лебедева М.Ю.,ФМиМ,,
Сидоров А.А.,ФМиЕН,профессор,к.н.
Лебедев Ж.Р.,ФИВТ,ассистент,к.н.
Сидоров И.К.,ФИВТ,,к.н.
Морозов Г.Н.,ИТМО,,
Лебедева Б.В.,ФУПМ,доцент,к.н.
Егоров Д.С.,ФИТ,ассистент,д.н.
Смирнов Л.О.,ФМиМ,ассистент,
Егоров Б.В.,ФИВТ,доцент,
Егоров Д.С.,ФИТ,доцент,д.н.
Иванов А.А.,ФИВТ,ассистент,д.н.
Егоров З.Т.,ФУПМ,,к.н.
Кузнецов К.М.,ФИТ,ассистент,к.н.
Смирнов Д.С.,ФИТ,доцент,д.н.
Лебедева З.Т.,ФМиЕН,ассистент,
Морозов М.Ю.,ФУПМ,профессор,
Алексеев Е.П.,ФИТ,ассистент,к.н.
Петров Е.П.,ИТМО,ассистент,
Иванов Д.С.,ФФ,доцент,к.н.
Новиков Д.С.,ФМиЕН,профессор,
Сидоров З.Т.,ФПМИ,доцент,
Сидоров В.И.,ФИТ,,к.н.
Алексеев Б.В.,ИТМО,профессор,
Алексеев В.И.,ФПМИ,,д.н.
Смирнов Г.Н.,ФМиМ,ассистент,
Попов М.Ю.,ИТМО,ассистент,к.н.
Морозов В.И.,ФЭТ,профессор,к.н.
Морозов Л.О.,ФЭТ,профессор,д.н.
Кузнецов М.Ю.,ФЭТ,профессор,к.н.
Морозов Е.П.,ФФ,профессор,к.н.
Егоров К.М.,ИТМО,профессор,
Новиков К.М.,ФРТ,доцент,к.н.
Семенов Л.О.,ИТМО,профессор,
Семенов И.К.,ФИВТ,профессор,д.н.
Алексеев З.Т.,ФМиЕН,доцент,д.н.
Егоров В.И.,ФФ,доцент,к.н.
Лебедева З.Т.,ФИВТ,,
Егоров А.А.,ФИВТ,ассистент,к.н.
Алексеев Б.В.,ФЭТ,ассистент,к.н.
Лебедева Е.П.,ФЭТ,ассистент,
Морозов Ж.Р.,ФМиМ,ассистент,к.н.
Кузнецов З.Т.,ФМиМ,ассистент,
Семенов Д.С.,ФМиМ,,к.н.
Новиков Л.О.,ФПМИ,профессор,д.н.
Егоров Л.О.,ФРТ,доцент,д.н.
Попов Б.В.,ФИТ,,
Соколов Д.С.,ИТМО,ассистент,
Лебедева Г.Н.,ФМиЕН,,
Козлов А.А.,ФМиЕН,доцент,к.н.
Егоров А.А.,ИТМО,доцент,к.н.
Смирнов В.И.,ФРТ,доцент,д.н.
Лебедева Г.Н.,ФИВТ,ассистент,к.н.
Петров М.Ю.,ФПМИ,доцент,
Лебедева В.И.,ФРТ,доцент,к.н.
Кузнецов З.Т.,ИТМО,ассистент,д.н.
Волков М.Ю.,ФПМИ,доцент,к.н.
Алексеев Г.Н.,ФФ,ассистент,
Семенов Ж.Р.,ФФ,профессор,д.н.
Соколов Л.О.,ФМиМ,,
Соколов Г.Н.,ИТМО,профессор,д.н.
Егоров Л.О.,ФУПМ,доцент,к.н.
Кузнецов К.М.,ФФ,профессор,
Семенов Г.Н.,ФИВТ,ассистент,д.н.
Козлов З.Т.,ФИТ,,
Сидоров Ж.Р.,ФУПМ,,д.н.
Петров Е.П.,ФМиЕН,,к.н.
Новиков И.К.,ФФ,ассистент,к.н.
Алексеев Д.С.,ФМиЕН,ассистент,д.н.
Козлов И.К.,ФУПМ,,к.н.
Алексеев М.Ю.,ФМиМ,,
Алексеев Г.Н.,ФИВТ,профессор,д.н.
Петров К.М.,ФФ,,
Соколов К.М.,ФУПМ,профессор,д.н.
Кузнецов К.М.,ФЭТ,,д.н.
Смирнов Е.П.,ФИТ,ассистент,
Семенов Ж.Р.,ФФ,профессор,к.н.
Морозов З.Т.,ФМиЕН,доцент,
Смирнов И.К.,ФПМИ,профессор,к.н.
Иванов Г.Н.,ФМиЕН,доцент,к.н.
Алексеев Ж.Р.,ФУПМ,ассистент,д.н.
Лебедева Г.Н.,ФРТ,,
Смирнов В.И.,ФУПМ,доцент,к.н.
Морозов В.И.,ИТМО,,д.н.
Иванов А.А.,ФИТ,,к.н.
Кузнецов К.М.,ФПМИ,,
Козлов М.Ю.,ФИВТ,профессор,
Петров Г.Н.,ФФ,,к.н.
Сидоров Д.С.,ФФ,,
Лебедева А.А.,ФМиМ,доцент,к.н.
Лебедев А.А.,ФЭТ,доцент,к.н.
Семенов Е.П.,ФМиЕН,профессор,к.н.
Лебедева В.И.,ИТМО,профессор,
Кузнецов К.М.,ФФ,доцент,д.н.
Кузнецов И.К.,ФИВТ,,
Петров Е.П.,ФМиМ,доцент,д.н.
Лебедева В.И.,ФМиЕН,,к.н.
Козлов К.М.,ФЭТ,ассистент,д.н.
Егоров М.Ю.,ФПМИ,доцент,
Егоров К.М.,ФМиЕН,,к.н.
Лебедев Д.С.,ИТМО,,
Петров Е.П.,ФРТ,профессор,к.н.
Попов Б.В.,ФМиМ,профессор,к.н.
Попов Л.О.,ФМиЕН,профессор,д.н.
Алексеев И.К.,ФУПМ,,
Сидоров А.А.,ФИВТ,профессор,д.н.
Семенов Ж.Р.,ФРТ,,к.н.
Новиков Л.О.,ФУПМ,профессор,
Егоров Б.В.,ФМиЕН,профессор,
Козлов М.Ю.,ФЭТ,,
Попов З.Т.,ФЭТ,,к.н.
Петров И.К.,ФМиЕН,профессор,
Сидоров М.Ю.,ФРТ,,д.н.
Новиков Ж.Р.,ФФ,профессор,к.н.
Алексеев Л.О.,ИТМО,профессор,к.н.
Алексеев Ж.Р.,ФПМИ,ассистент,к.н.
Сидоров Л.О.,ФМиЕН,профессор,
Новиков К.М.,ФИВТ,,
Егоров Г.Н.,ФМиМ,доцент,к.н.
Козлов Д.С.,ФЭТ,доцент,д.н.
Смирнов И.К.,ФИТ,ассистент,
Новиков Л.О.,ФРТ,доцент,к.н.
Иванов Д.С.,ФУПМ,,д.н.
Кузнецов К.М.,ФУПМ,доцент,к.н.
Морозов З.Т.,ФУПМ,профессор,д.н.
Петров Л.О.,ФМиЕН,доцент,
Попов Е.П.,ФПМИ,ассистент,д.н.
Новиков К.М.,ФИВТ,профессор,к.н.
Лебедева Ж.Р.,ФРТ,доцент,д.н.
Семенов Б.В.,ФФ,доцент,к.н.
Попов Д.С.,ФРТ,профессор,
Кузнецов Б.В.,ФФ,ассистент,к.н.
Морозов Е.П.,ФМиЕН,,д.н.
Сидоров В.И.,ФИВТ,ассистент,д.н.
Лебедева Ж.Р.,ФПМИ,ассистент,
Соколов Г.Н.,ИТМО,доцент,
Новиков Ж.Р.,ФМиЕН,доцент,к.н.
Лебедев Г.Н.,ФМиЕН,,д.н.
Алексеев Л.О.,ФУПМ,ассистент,
Попов Л.О.,ФУПМ,,
Лебедев Ж.Р.,ФУПМ,доцент,к.н.
Иванов Б.В.,ИТМО,доцент,д.н.
Петров З.Т.,ФФ,ассистент,
Новиков Е.П.,ФФ,,
Лебедев Д.С.,ФУПМ,доцент,к.н.
Козлов Е.П.,ФМиЕН,ассистент,к.н.
Попов Ж.Р.,ИТМО,профессор,к.н.
Лебедев А.А.,ФМиЕН,доцент,д.н.
Семенов К.М.,ФФ,профессор,к.н.
Иванов В.И.,ФФ,профессор,к.н.
Волков Б.В.,ФЭТ,профессор,д.н.
Иванов З.Т.,ФУПМ,,к.н.
Кузнецов Л.О.,ФИТ,ассистент,д.н.
Иванов Л.О.,ФРТ,,
Сидоров Б.В.,ИТМО,,к.н.
Егоров А.А.,ФИТ,доцент,д.н.
Лебедева М.Ю.,ФМиЕН,,
Новиков А.А.,ИТМО,ассистент,к.н.
Лебедев Ж.Р.,ФИТ,,
Алексеев Б.В.,ФМиМ,доцент,д.н.
Семенов А.А.,ФУПМ,,к.н.
Попов В.И.,ФИТ,ассистент,
Смирнов Г.Н.,ФРТ,,
Кузнецов М.Ю.,ФМиМ,ассистент,д.н.
Соколов Б.В.,ФФ,,
Петров Л.О.,ФИТ,доцент,к.н.
Новиков К.М.,ФЭТ,профессор,к.н.
Лебедев А.А.,ФИВТ,профессор,д.н.
Алексеев З.Т.,ФФ,профессор,
Морозов М.Ю.,ФЭТ,,
Смирнов В.И.,ФЭТ,ассистент,к.н.
Лебедев Л.О.,ФИТ,доцент,
Алексеев В.И.,ФРТ,профессор,к.н.
Морозов Д.С.,ИТМО,ассистент,
Смирнов А.А.,ФЭТ,доцент,д.н.
Иванов Ж.Р.,ФПМИ,профессор,д.н.
Лебедева Е.П.,ФУПМ,доцент,
Попов Д.С.,ФИВТ,,д.н.
Кузнецов Л.О.,ФМиМ,ассистент,
Лебедева Г.Н.,ФИТ,доцент,к.н.
Иванов А.А.,ФЭТ,,к.н.
Смирнов В.И.,ФИВТ,,
Егоров М.Ю.,ФЭТ,,к.н.
Иванов Е.П.,ИТМО,доцент,
Егоров И.К.,ФУПМ,,д.н.
Сидоров Б.В.,ФУПМ,профессор,
Семенов А.А.,ФЭТ,,
Лебедев Л.О.,ФФ,ассистент,к.н.
Иванов Е.П.,ФИВТ,профессор,д.н.
Иванов А.А.,ФИВТ,доцент,д.н.
Соколов И.К.,ФИВТ,ассистент,к.н.
Семенов А.А.,ФПМИ,ассистент,д.н.
Лебедева Л.О.,ФМиЕН,профессор,
Попов К.М.,ФИТ,ассистент,к.н.
Алексеев Б.В.,ФФ,,
Иванов И.К.,ФРТ,,к.н.
Петров З.Т.,ФИТ,,к.н.
Иванов З.Т.,ФИТ,ассистент,
Смирнов Ж.Р.,ФРТ,профессор,к.н.
Волков Б.В.,ФИВТ,ассистент,к.н.
Попов Г.Н.,ФИТ,профессор,к.н.
Егоров Б.В.,ФМиМ,ассистент,
Петров К.М.,ФМиЕН,,д.н.
Петров Л.О.,ФЭТ,,к.н.
Морозов Л.О.,ИТМО,,к.н.
Петров И.К.,ФУПМ,ассистент,д.н.
Попов Д.С.,ФМиЕН,профессор,к.н.
Сидоров А.А.,ФИВТ,,д.н.
Соколов Б.В.,ФПМИ,доцент,к.н.
Лебедев Ж.Р.,ФФ,доцент,д.н.
Иванов К.М.,ФМиМ,ассистент,к.н.
Петров Д.С.,ФФ,,д.н.
Лебедев Л.О.,ФИТ,,д.н.
Попов Г.Н.,ФРТ,,к.н.
Козлов З.Т.,ИТМО,,к.н.
Кузнецов З.Т.,ФПМИ,,к.н.
Новиков Л.О.,ФЭТ,профессор,к.н.
Волков А.А.,ИТМО,доцент,к.н.
Алексеев А.А.,ФПМИ,профессор,д.н.
Волков В.И.,ФФ,профессор,к.н.
Петров З.Т.,ФИТ,ассистент,
Смирнов Б.В.,ФУПМ,доцент,
Новиков А.А.,ФУПМ,ассистент,д.н.
Алексеев А.А.,ФФ,профессор,к.н.
Козлов И.К.,ФМиМ,,к.н.
Лебедева Г.Н.,ФМиЕН,,д.н.
Смирнов Б.В.,ФИВТ,доцент,д.н.
Новиков Г.Н.,ФФ,,д.н.
Петров Д.С.,ФЭТ,ассистент,
Семенов А.А.,ФМиМ,ассистент,д.н.
Кузнецов А.А.,ФУПМ,,
Соколов Б.В.,ФПМИ,,д.н.
Попов А.А.,ФПМИ,,д.н.
Кузнецов Е.П.,ФФ,профессор,к.н.
Попов Б.В.,ФИВТ,ассистент,д.н.
Попов К.М.,ФПМИ,,
Сидоров И.К.,ФПМИ,ассистент,д.н.
Иванов З.Т.,ИТМО,профессор,
Егоров Ж.Р.,ФРТ,профессор,
Козлов К.М.,ФПМИ,ассистент,к.н.
Алексеев Д.С.,ФИТ,профессор,
Морозов Е.П.,ФУПМ,,к.н.
Семенов Е.П.,ИТМО,ассистент,к.н.
Лебедева Д.С.,ФЭТ,доцент,
Попов Ж.Р.,ФЭТ,доцент,д.н.
Кузнецов И.К.,ФРТ,доцент,
Лебедев Ж.Р.,ФЭТ,ассистент,д.н.
Петров В.И.,ФМиЕН,ассистент,к.н.
Морозов М.Ю.,ФИТ,профессор,к.н.
Козлов М.Ю.,ФПМИ,,к.н.
Морозов Е.П.,ФМиМ,профессор,к.н.
Сидоров М.Ю.,ФЭТ,доцент,д.н.
Морозов Б.В.,ФРТ,профессор,
Соколов М.Ю.,ИТМО,доцент,
Семенов М.Ю.,ФЭТ,профессор,
Кузнецов Д.С.,ФПМИ,доцент,
Соколов Г.Н.,ФПМИ,ассистент,к.н.
Лебедев Д.С.,ФУПМ,ассистент,
Волков И.К.,ФИВТ,ассистент,
Лебедев Д.С.,ФУПМ,,д.н.
Егоров Д.С.,ФМиЕН,,
Смирнов Л.О.,ФФ,ассистент,к.н.
Морозов А.А.,ФИТ,ассистент,
Сидоров Л.О.,ИТМО,доцент,
Егоров Д.С.,ФФ,,д.н.
Иванов Г.Н.,ФРТ,доцент,д.н.
Морозов Д.С.,ФИВТ,ассистент,к.н.
Новиков Г.Н.,ФМиМ,профессор,д.н.
Попов Ж.Р.,ФМиМ,профессор,
Соколов М.Ю.,ФФ,,к.н.
Смирнов Ж.Р.,ФЭТ,профессор,
Соколов Д.С.,ФПМИ,,к.н.
Семенов И.К.,ФЭТ,профессор,
Лебедев Г.Н.,ФМиЕН,ассистент,д.н.
Егоров Б.В.,ФИВТ,доцент,д.н.
Соколов Л.О.,ФИТ,доцент,к.н.
Семенов К.М.,ИТМО,ассистент,д.н.
Сидоров В.И.,ФФ,профессор,д.н.
Морозов А.А.,ФРТ,профессор,д.н.
Козлов В.И.,ФРТ,доцент,
Соколов Ж.Р.,ФУПМ,,
Алексеев А.А.,ФИВТ,,
Иванов Е.П.,ФПМИ,профессор,
Волков И.К.,ИТМО,профессор,
Волков М.Ю.,ФПМИ,ассистент,к.н.
Новиков К.М.,ФИТ,ассистент,к.н.
Иванов Б.В.,ФИТ,доцент,д.н.
Кузнецов В.И.,ФИТ,доцент,
Новиков И.К.,ФМиЕН,профессор,
Волков Д.С.,ФИВТ,ассистент,
Петров Г.Н.,ФМиМ,профессор,
Соколов Г.Н.,ФФ,профессор,
Новиков Д.С.,ФРТ,ассистент,к.н.
Новиков Л.О.,ФМиЕН,профессор,д.н.
Морозов А.А.,ИТМО,ассистент,к.н.
Сидоров Г.Н.,ФПМИ,доцент,к.н.
Петров З.Т.,ФМиМ,,д.н.
Сидоров В.И.,ФМиМ,профессор,
Смирнов Б.В.,ФЭТ,доцент,д.н.
Иванов Г.Н.,ФИТ,профессор,к.н.
Соколов Д.С.,ФФ,ассистент,к.н.
Егоров И.К.,ФМиМ,ассистент,
Лебедева И.К.,ФМиМ,профессор,к.н.
Иванов Г.Н.,ФПМИ,ассистент,к.н.
Петров К.М.,ФПМИ,,д.н.
Сидоров М.Ю.,ФРТ,,
Егоров А.А.,ИТМО,,к.н.
Кузнецов З.Т.,ФИВТ,профессор,
Кузнецов З.Т.,ИТМО,ассистент,д.н.
Попов Л.О.,ФМиМ,,к.н.
Морозов И.К.,ФИВТ,профессор,к.н.
Алексеев В.И.,ФРТ,,д.н.
Попов А.А.,ИТМО,доцент,к.н.
Морозов К.М.,ФМиМ,доцент,д.н.
Егоров Г.Н.,ФЭТ,профессор,к.н.
Кузнецов Ж.Р.,ИТМО,профессор,д.н.
Лебедева Л.О.,ФПМИ,,
Козлов Л.О.,ИТМО,профессор,к.н.
Смирнов Е.П.,ФИВТ,доцент,д.н.
Кузнецов И.К.,ФИВТ,,к.н.
Иванов И.К.,ИТМО,профессор,к.н.
Новиков Г.Н.,ФИТ,ассистент,д.н.
Соколов А.А.,ФИТ,ассистент,д.н.
Лебедева З.Т.,ФФ,ассистент,к.н.
Кузнецов Б.В.,ФПМИ,профессор,
Морозов Г.Н.,ФИВТ,профессор,
Егоров Г.Н.,ФМиМ,ассистент,
Егоров В.И.,ФПМИ,профессор,д.н.
Лебедева К.М.,ФМиЕН,доцент,
Семенов И.К.,ИТМО,,
Алексеев Б.В.,ИТМО,,
Морозов Л.О.,ФМиМ,ассистент,
Смирнов Ж.Р.,ФМиЕН,,
Кузнецов М.Ю.,ФМиМ,,к.н.
Семенов И.К.,ФИТ,профессор,
Волков Л.О.,ФЭТ,,д.н.
Новиков В.И.,ФИТ,ассистент,к.н.
Петров К.М.,ФИТ,профессор,д.н.
Лебедев Ж.Р.,ИТМО,профессор,д.н.
Лебедева Л.О.,ФМиМ,профессор,к.н.
Егоров А.А.,ФЭТ,профессор,
Кузнецов В.И.,ФУПМ,ассистент,
Кузнецов Д.С.,ФИТ,,д.н.
Новиков Ж.Р.,ФМиЕН,профессор,
Егоров Е.П.,ФИТ,профессор,д.н.
Попов Г.Н.,ФИТ,доцент,д.н.
Кузнецов Г.Н.,ИТМО,,д.н.
Егоров И.К.,ФФ,ассистент,
Сидоров Е.П.,ФЭТ,доцент,д.н.
Сидоров Е.П.,ФИТ,,
Семенов М.Ю.,ФМиМ,доцент,д.н.
Алексеев З.Т.,ФИВТ,доцент,
Лебедев М.Ю.,ФИВТ,,
Кузнецов З.Т.,ФИВТ,ассистент,к.н.
Соколов К.М.,ФИТ,ассистент,
Лебедев З.Т.,ФУПМ,доцент,
Лебедев И.К.,ИТМО,,к.н.
Лебедева К.М.,ФМиМ,доцент,д.н.
Иванов И.К.,ФУПМ,доцент,д.н.
Волков Ж.Р.,ФЭТ,профессор,к.н.
Новиков Е.П.,ФИТ,,д.н.
Егоров Г.Н.,ФФ,,
Семенов Е.П.,ФФ,доцент,
Попов М.Ю.,ФМиЕН,,
Соколов Е.П.,ФИВТ,профессор,к.н.
Волков Д.С.,ФМиМ,профессор,к.н.
Морозов Д.С.,ИТМО,профессор,д.н.
Морозов А.А.,ФРТ,профессор,д.н.
Смирнов Д.С.,ФИТ,профессор,
Волков К.М.,ФЭТ,,
Смирнов И.К.,ФПМИ,ассистент,
Волков Д.С.,ИТМО,ассистент,к.н.
Морозов В.И.,ФМиМ,,к.н.
Новиков К.М.,ФЭТ,,д.н.
Волков М.Ю.,ИТМО,профессор,к.н.
Иванов М.Ю.,ФПМИ,профессор,
Козлов К.М.,ФИТ,доцент,д.н.
Кузнецов В.И.,ФРТ,ассистент,к.н.
Егоров Б.В.,ФИТ,доцент,
Сидоров Д.С.,ФФ,,д.н.
Сидоров Б.В.,ФЭТ,доцент,
Попов З.Т.,ИТМО,ассистент,д.н.
Козлов Л.О.,ФМиМ,профессор,к.н.
Лебедева З.Т.,ФФ,,
Кузнецов Б.В.,ФМиЕН,профессор,к.н.
Лебедева Л.О.,ФИВТ,доцент,д.н.
Морозов А.А.,ИТМО,доцент,к.н.
Сидоров Д.С.,ФИТ,доцент,
Смирнов В.И.,ФМиМ,профессор,д.н.
Попов Б.В.,ФПМИ,,к.н.
Иванов М.Ю.,ФИТ,,
Семенов К.М.,ФЭТ,ассистент,д.н.
Лебедева Д.С.,ФФ,профессор,
Смирнов И.К.,ФМиЕН,профессор,к.н.
Морозов В.И.,ФРТ,профессор,д.н.
Лебедев Д.С.,ИТМО,ассистент,к.н.
Сидоров З.Т.,ИТМО,профессор,д.н.
Петров Л.О.,ФРТ,профессор,
Волков В.И.,ФИТ,профессор,д.н.
Морозов Д.С.,ИТМО,профессор,д.н.
Лебедев М.Ю.,ФМиЕН,доцент,д.н.
Петров К.М.,ФМиЕН,доцент,д.н.
Смирнов Ж.Р.,ФИТ,,к.н.
Морозов З.Т.,ФПМИ,,к.н.
Новиков А.А.,ФМиЕН,ассистент,
Иванов Л.О.,ФИВТ,профессор,к.н.
Кузнецов Д.С.,ФПМИ,ассистент,д.н.
Попов Е.П.,ФИВТ,профессор,к.н.
Лебедева К.М.,ФМиЕН,,к.н.
Алексеев Л.О.,ФФ,ассистент,
Морозов Б.В.,ФМиЕН,доцент,д.н.
Смирнов Б.В.,ИТМО,,д.н.
Егоров Ж.Р.,ФИВТ,профессор,д.н.
Морозов И.К.,ФПМИ,доцент,
Попов Д.С.,ФИТ,профессор,к.н.
Волков И.К.,ФИВТ,доцент,д.н.
Кузнецов Л.О.,ФЭТ,доцент,д.н.
Смирнов М.Ю.,ФПМИ,профессор,д.н.
Лебедева И.К.,ИТМО,ассистент,к.н.
Егоров Е.П.,ФПМИ,,д.н.
Морозов Б.В.,ФМиМ,ассистент,к.н.
Петров Б.В.,ФПМИ,профессор,
Волков К.М.,ФПМИ,,к.н.
Семенов Б.В.,ФРТ,доцент,
Морозов К.М.,ФПМИ,доцент,к.н.
Кузнецов Б.В.,ИТМО,профессор,к.н.
Иванов З.Т.,ФИВТ,ассистент,к.н.
Волков Г.Н.,ФМиЕН,,к.н.
Смирнов К.М.,ФУПМ,,
Кузнецов Ж.Р.,ФУПМ,доцент,д.н.
Смирнов Ж.Р.,ФФ,доцент,д.н.
Новиков М.Ю.,ФМиМ,доцент,д.н.
Новиков В.И.,ФМиЕН,доцент,д.н.
Иванов А.А.,ФЭТ,доцент,к.н.
Лебедев К.М.,ФЭТ,доцент,к.н.
Егоров К.М.,ФПМИ,профессор,д.н.
Иванов К.М.,ФФ,профессор,к.н.
Козлов Д.С.,ФРТ,,д.н.
Лебедева Е.П.,ФМиЕН,профессор,д.н.
Новиков Е.П.,ФПМИ,профессор,
Попов К.М.,ФУПМ,доцент,д.н.
Алексеев К.М.,ФПМИ,доцент,к.н.
Попов Г.Н.,ФЭТ,профессор,д.н.
Попов Д.С.,ФМиМ,профессор,
Волков З.Т.,ФИВТ,профессор,
Алексеев М.Ю.,ФРТ,доцент,
Сидоров Л.О.,ФУПМ,профессор,
Иванов З.Т.,ФУПМ,,
Семенов Е.П.,ФМиЕН,,к.н.
Волков Г.Н.,ФФ,доцент,к.н.
Алексеев Л.О.,ФФ,доцент,д.н.
Соколов К.М.,ФРТ,ассистент,к.н.
Соколов З.Т.,ФРТ,,д.н.
Волков Е.П.,ФИВТ,,к.н.
Соколов А.А.,ФРТ,,д.н.
Егоров Д.С.,ФМиМ,доцент,
Семенов Д.С.,ФЭТ,,к.н.
Алексеев Б.В.,ФФ,ассистент,
Лебедев Д.С.,ФМиМ,ассистент,
Смирнов З.Т.,ФУПМ,ассистент,к.н.
Соколов Л.О.,ФУПМ,ассистент,к.н.
Новиков В.И.,ФМиЕН,профессор,
Сидоров В.И.,ФПМИ,доцент,д.н.
Соколов Г.Н.,ФФ,профессор,д.н.
Иванов Г.Н.,ФИВТ,,д.н.
Семенов И.К.,ФЭТ,профессор,к.н.
Морозов Г.Н.,ФМиМ,доцент,д.н.
Семенов К.М.,ФФ,ассистент,к.н.
Кузнецов Е.П.,ФИВТ,профессор,к.н.
Козлов В.И.,ФЭТ,ассистент,
Соколов З.Т.,ФМиМ,ассистент,д.н.
Лебедева Л.О.,ФЭТ,ассистент,д.н.
Сидоров З.Т.,ФИВТ,ассистент,д.н.
Морозов В.И.,ФМиЕН,профессор,к.н.
Алексеев Д.С.,ФПМИ,ассистент,
Лебедева З.Т.,ФУПМ,доцент,к.н.
Сидоров З.Т.,ФЭТ,ассистент,д.н.
Смирнов И.К.,ФИВТ,,д.н.
Алексеев З.Т.,ФМиЕН,профессор,д.н.
Егоров Г.Н.,ФМиМ,доцент,к.н.
Семенов Д.С.,ФФ,профессор,
Иванов И.К.,ФМиМ,доцент,к.н.
Егоров Д.С.,ФИВТ,,д.н.
Егоров Г.Н.,ФИТ,ассистент,к.н.
Егоров К.М.,ИТМО,ассистент,
Соколов Д.С.,ИТМО,ассистент,д.н.
Егоров Л.О.,ФМиЕН,доцент,д.н.
Иванов В.И.,ФЭТ,ассистент,к.н.
Волков К.М.,ФУПМ,профессор,д.н.
Волков З.Т.,ФФ,ассистент,к.н.
Кузнецов В.И.,ФУПМ,,к.н.
Новиков И.К.,ИТМО,ассистент,к.н.
Волков Е.П.,ФМиМ,ассистент,д.н.
Козлов Л.О.,ФПМИ,ассистент,к.н.
Волков Е.П.,ФРТ,ассистент,д.н.
Соколов Ж.Р.,ФМиМ,доцент,д.н.
Волков И.К.,ИТМО,профессор,д.н.
Егоров Б.В.,ФИТ,доцент,
Алексеев И.К.,ФЭТ,профессор,д.н.
Кузнецов Л.О.,ФМиЕН,доцент,
Новиков М.Ю.,ФЭТ,,д.н.
Смирнов Ж.Р.,ФФ,доцент,
Кузнецов К.М.,ФМиМ,доцент,д.н.
Морозов Ж.Р.,ФЭТ,доцент,д.н.
Петров В.И.,ФПМИ,ассистент,
Петров Ж.Р.,ФЭТ,доцент,к.н.
Кузнецов Б.В.,ФФ,доцент,к.н.
Егоров В.И.,ФФ,,д.н.
Петров Ж.Р.,ФРТ,доцент,д.н.
Новиков М.Ю.,ФРТ,,
Семенов М.Ю.,ФРТ,доцент,к.н.
Козлов К.М.,ФМиЕН,,к.н.
Петров Е.П.,ФИТ,доцент,
Козлов Б.В.,ФЭТ,доцент,
Смирнов М.Ю.,ФРТ,доцент,д.н.
Попов Е.П.,ФРТ,доцент,к.н.
Попов Д.С.,ФМиЕН,доцент,д.н.
Козлов Б.В.,ФИТ,ассистент,
Козлов Ж.Р.,ФИВТ,,к.н.
Волков А.А.,ФИТ,,
Попов Ж.Р.,ФМиЕН,профессор,
Кузнецов К.М.,ФЭТ,доцент,
Смирнов М.Ю.,ФРТ,,
Алексеев К.М.,ИТМО,ассистент,к.н.
Егоров В.И.,ФЭТ,профессор,д.н.
Петров Л.О.,ФИВТ,,д.н.
Петров И.К.,ФПМИ,ассистент,к.н.
Семенов Д.С.,ФУПМ,доцент,д.н.
Соколов З.Т.,ФИТ,доцент,
Петров Л.О.,ФРТ,доцент,д.н.
Лебедев Д.С.,ФУПМ,профессор,
Сидоров Л.О.,ФЭТ,профессор,
Смирнов И.К.,ФМиМ,ассистент,д.н.
Попов В.И.,ФМиМ,доцент,
Козлов И.К.,ФИТ,ассистент,
Иванов К.М.,ФИВТ,доцент,
Алексеев В.И.,ФМиМ,ассистент,к.н.
Кузнецов К.М.,ФМиЕН,,
Волков З.Т.,ФРТ,доцент,к.н.
Смирнов З.Т.,ФФ,профессор,к.н.
Козлов Д.С.,ФИТ,доцент,
Егоров А.А.,ФЭТ,ассистент,
Козлов В.И.,ФУПМ,доцент,д.н.
Волков И.К.,ФМиМ,ассистент,
Иванов Г.Н.,ФРТ,профессор,д.н.
Иванов В.И.,ФУПМ,,к.н.
Козлов К.М.,ФИВТ,доцент,д.н.
Алексеев Ж.Р.,ИТМО,профессор,д.н.
Алексеев Л.О.,ФМиМ,доцент,
Лебедева В.И.,ФИВТ,профессор,
Смирнов Е.П.,ФРТ,профессор,к.н.
Петров В.И.,ИТМО,ассистент,
Кузнецов Г.Н.,ФРТ,ассистент,
Козлов Е.П.,ИТМО,доцент,
Лебедев А.А.,ФИВТ,профессор,д.н.
Козлов Д.С.,ФМиМ,,
Лебедева Б.В.,ФРТ,ассистент,
Соколов Д.С.,ФЭТ,профессор,д.н.
Семенов И.К.,ФМиМ,доцент,к.н.
Иванов Е.П.,ИТМО,ассистент,д.н.
Лебедев Д.С.,ФМиМ,,
Сидоров Ж.Р.,ФФ,ассистент,д.н.
Соколов Е.П.,ФФ,ассистент,д.н.
Попов К.М.,ФМиЕН,ассистент,к.н.
Кузнецов А.А.,ФМиМ,,д.н.
Волков Ж.Р.,ФРТ,профессор,
Петров А.А.,ФРТ,,д.н.
Новиков Б.В.,ФМиМ,доцент,д.н.
Алексеев Л.О.,ФИВТ,доцент,
Семенов А.А.,ФМиМ,,
Егоров К.М.,ФРТ,доцент,д.н.
Иванов Д.С.,ИТМО,ассистент,д.н.
Соколов Б.В.,ФПМИ,,к.н.
Алексеев К.М.,ФЭТ,профессор,
Петров К.М.,ФЭТ,доцент,
Алексеев Е.П.,ФУПМ,профессор,
Смирнов Г.Н.,ФФ,,к.н.
Кузнецов Л.О.,ФРТ,,д.н.
Морозов К.М.,ФИВТ,,
Петров Ж.Р.,ФМиМ,ассистент,к.н.
Соколов Л.О.,ФРТ,,к.н.
Сидоров И.К.,ИТМО,,д.н.
Новиков В.И.,ФФ,доцент,д.н.
Козлов И.К.,ФУПМ,доцент,к.н.
Морозов М.Ю.,ФФ,,
Петров В.И.,ФЭТ,ассистент,к.н.
Кузнецов К.М.,ИТМО,ассистент,к.н.
Петров З.Т.,ФЭТ,доцент,к.н.
Семенов А.А.,ФПМИ,доцент,
Лебедева К.М.,ФМиЕН,профессор,д.н.
Иванов З.Т.,ФРТ,,к.н.
Козлов К.М.,ФИВТ,,д.н.
Попов Д.С.,ФУПМ,профессор,
Волков А.А.,ИТМО,профессор,
Кузнецов А.А.,ФРТ,доцент,
Кузнецов Д.С.,ФИВТ,профессор,д.н.
Лебедева Б.В.,ФФ,,
Новиков Б.В.,ФЭТ,доцент,д.н.
Лебедев Ж.Р.,ФИВТ,,д.н.
Егоров З.Т.,ФМиЕН,профессор,д.н.
Егоров Л.О.,ФУПМ,доцент,д.н.
Петров И.К.,ФМиМ,ассистент,
Егоров З.Т.,ФМиМ,,
Алексеев Е.П.,ФИВТ,ассистент,
Попов З.Т.,ФУПМ,профессор,д.н.
Волков К.М.,ФФ,доцент,
Лебедев Ж.Р.,ФПМИ,,д.н.
Петров Б.В.,ИТМО,,д.н.
Новиков Д.С.,ФИТ,,д.н.
Иванов М.Ю.,ИТМО,ассистент,к.н.
Кузнецов Д.С.,ФФ,,д.н.
Волков Д.С.,ФРТ,профессор,д.н.
Соколов М.Ю.,ФЭТ,,к.н.
Морозов З.Т.,ФИВТ,профессор,д.н.
Козлов Л.О.,ФУПМ,профессор,к.н.
Кузнецов Б.В.,ИТМО,ассистент,к.н.
Лебедева И.К.,ИТМО,доцент,д.н.
Семенов М.Ю.,ФИТ,ассистент,д.н.
Петров Е.П.,ФМиМ,доцент,д.н.
Алексеев Г.Н.,ФМиМ,ассистент,д.н.
Иванов М.Ю.,ФИТ,профессор,
Егоров Б.В.,ФИТ,ассистент,д.н.
Сидоров Л.О.,ФПМИ,,
Попов Г.Н.,ФЭТ,,
Алексеев Л.О.,ФЭТ,профессор,
Волков Ж.Р.,ФМиЕН,,
Петров И.К.,ФПМИ,доцент,
Иванов И.К.,ФУПМ,ассистент,д.н.
Иванов А.А.,ФМиМ,доцент,к.н.
Лебедев И.К.,ФЭТ,профессор,к.н.
Алексеев З.Т.,ИТМО,профессор,д.н.
Кузнецов Г.Н.,ФФ,доцент,к.н.
Смирнов М.Ю.,ИТМО,ассистент,
Алексеев И.К.,ФЭТ,профессор,
Волков М.Ю.,ФИТ,,
Кузнецов К.М.,ФРТ,ассистент,д.н.
Лебедева Г.Н.,ФРТ,ассистент,
Новиков Д.С.,ФПМИ,ассистент,
Егоров Е.П.,ФИВТ,доцент,д.н.
Лебедев З.Т.,ФИВТ,,к.н.
Иванов И.К.,ФИТ,профессор,к.н.
Алексеев К.М.,ФИВТ,ассистент,
Егоров А.А.,ФРТ,,
Попов И.К.,ФФ,профессор,к.н.
Алексеев Е.П.,ФФ,,д.н.
Алексеев К.М.,ФРТ,профессор,д.н.
Смирнов В.И.,ФПМИ,ассистент,к.н.
Петров И.К.,ФПМИ,профессор,д.н.
Волков А.А.,ФМиЕН,профессор,к.н.
Попов Б.В.,ФМиМ,ассистент,к.н.
Сидоров Д.С.,ИТМО,профессор,д.н.
Новиков Г.Н.,ФРТ,,д.н.
Попов М.Ю.,ИТМО,ассистент,д.н.
Иванов К.М.,ИТМО,доцент,к.н.
Козлов К.М.,ФФ,,к.н.
Иванов Д.С.,ФРТ,,к.н.
Лебедев Л.О.,ФРТ,доцент,
Попов И.К.,ФРТ,ассистент,д.н.
Козлов М.Ю.,ИТМО,,
Новиков З.Т.,ФИВТ,ассистент,д.н.
Сидоров Ж.Р.,ИТМО,доцент,к.н.
Егоров К.М.,ФМиЕН,,
Петров Б.В.,ФИВТ,ассистент,д.н.
Попов М.Ю.,ИТМО,доцент,д.н.
Иванов Л.О.,ФФ,доцент,д.н.
Иванов Б.В.,ФИВТ,ассистент,
Алексеев Г.Н.,ФИТ,,д.н.
Сидоров Г.Н.,ИТМО,доцент,к.н.
Смирнов В.И.,ФЭТ,профессор,д.н.
Кузнецов Г.Н.,ФРТ,,
Егоров Л.О.,ФИТ,профессор,
Кузнецов М.Ю.,ФИТ,доцент,д.н.
Попов В.И.,ФРТ,ассистент,
Козлов Д.С.,ИТМО,доцент,д.н.
Петров А.А.,ФИВТ,профессор,д.н.
Сидоров Б.В.,ФМиЕН,доцент,к.н.
Новиков А.А.,ФИТ,доцент,
Лебедева В.И.,ФЭТ,ассистент,к.н.
Попов А.А.,ФФ,,д.н.
Лебедева В.И.,ФФ,,
Семенов Г.Н.,ФМиМ,доцент,
Петров Л.О.,ФПМИ,ассистент,
Новиков Ж.Р.,ФИВТ,ассистент,д.н.
Сидоров Ж.Р.,ИТМО,доцент,
Лебедева Ж.Р.,ФИТ,,
Петров З.Т.,ФИВТ,,д.н.
Иванов В.И.,ИТМО,,д.н.
Лебедев Ж.Р.,ИТМО,,к.н.
Сидоров Б.В.,ФРТ,профессор,
Морозов В.И.,ФЭТ,,
Кузнецов К.М.,ФЭТ,,
Петров Б.В.,ФФ,ассистент,д.н.
Козлов В.И.,ФУПМ,ассистент,к.н.
Семенов А.А.,ИТМО,профессор,
Кузнецов В.И.,ФРТ,доцент,
Козлов И.К.,ФМиЕН,профессор,к.н.
Соколов Ж.Р.,ФЭТ,ассистент,к.н.
Новиков Г.Н.,ФРТ,профессор,к.н.
Кузнецов В.И.,ФИВТ,,
Иванов Д.С.,ФМиМ,,к.н.
Соколов Е.П.,ФМиМ,профессор,к.н.
Козлов И.К.,ФИТ,ассистент,к.н.
Алексеев К.М.,ФФ,,к.н.
Смирнов Д.С.,ИТМО,профессор,к.н.
Петров Л.О.,ФИВТ,,к.н.
Кузнецов М.Ю.,ФМиМ,доцент,д.н.
Сидоров А.А.,ФПМИ,профессор,
Морозов А.А.,ФИТ,доцент,
Иванов З.Т.,ФРТ,доцент,д.н.
Лебедева Г.Н.,ФУПМ,профессор,к.н.
Лебедева М.Ю.,ФРТ,ассистент,к.н.
Сидоров М.Ю.,ФПМИ,ассистент,к.н.
Егоров В.И.,ФЭТ,профессор,к.н.
Морозов К.М.,ФФ,доцент,д.н.
Козлов Д.С.,ФПМИ,доцент,
Семенов Л.О.,ФПМИ,,
Волков Г.Н.,ФУПМ,ассистент,
Семенов Е.П.,ФУПМ,ассистент,
Иванов Л.О.,ФМиМ,,д.н.
Новиков И.К.,ФИВТ,профессор,
Егоров В.И.,ФРТ,доцент,д.н.
Кузнецов Е.П.,ФИТ,ассистент,
Петров А.А.,ФФ,ассистент,
Смирнов И.К.,ИТМО,,
Кузнецов Б.В.,ФУПМ,,д.н.
Алексеев И.К.,ИТМО,,
Козлов Г.Н.,ФИТ,,д.н.
Сидоров Л.О.,ФФ,ассистент,д.н.
Семенов А.А.,ИТМО,ассистент,к.н.
Семенов Д.С.,ИТМО,профессор,к.н.
Петров К.М.,ФРТ,профессор,д.н.
Соколов М.Ю.,ФФ,профессор,д.н.
Лебедева В.И.,ФРТ,профессор,
Кузнецов В.И.,ФМиМ,доцент,
Новиков Б.В.,ФУПМ,,д.н.
Сидоров З.Т.,ФИВТ,ассистент,д.н.
Морозов Ж.Р.,ФЭТ,профессор,д.н.
Козлов И.К.,ИТМО,ассистент,к.н.
Иванов К.М.,ФФ,ассистент,
Кузнецов З.Т.,ФФ,ассистент,д.н.
Лебедев Д.С.,ФМиМ,профессор,д.н.
Лебедев З.Т.,ФЭТ,,д.н.
Попов Ж.Р.,ФРТ,ассистент,
Семенов Д.С.,ФИТ,ассистент,к.н.
Алексеев И.К.,ФЭТ,ассистент,
Козлов Д.С.,ФРТ,,к.н.
Лебедев Г.Н.,ФПМИ,,к.н.
Петров И.К.,ФЭТ,профессор,
Соколов Д.С.,ФМиМ,ассистент,д.н.
Соколов Ж.Р.,ФПМИ,ассистент,к.н.
Попов Д.С.,ФРТ,профессор,к.н.
Козлов М.Ю.,ФИТ,ассистент,д.н.
Смирнов В.И.,ИТМО,ассистент,д.н.
Морозов Г.Н.,ФПМИ,,д.н.
Волков В.И.,ФИТ,профессор,д.н.
Лебедева И.К.,ФУПМ,,д.н.
Лебедева А.А.,ФРТ,профессор,д.н.
Смирнов В.И.,ИТМО,ассистент,д.н.
Соколов В.И.,ФМиМ,,д.н.
Козлов Д.С.,ФИТ,ассистент,
Смирнов Е.П.,ФРТ,ассистент,д.н.
Смирнов Е.П.,ИТМО,профессор,к.н.
Семенов В.И.,ФПМИ,доцент,к.н.
Попов Л.О.,ФМиМ,,к.н.
Сидоров Б.В.,ФМиМ,профессор,к.н.
Соколов М.Ю.,ФМиЕН,доцент,
Новиков З.Т.,ФИТ,ассистент,д.н.
Соколов А.А.,ФФ,ассистент,
Лебедев Л.О.,ФМиЕН,,к.н.
Иванов З.Т.,ФУПМ,,
Лебедев Б.В.,ФИТ,ассистент,д.н.
Иванов Е.П.,ФМиЕН,профессор,д.н.
Козлов К.М.,ФПМИ,,д.н.
Смирнов Е.П.,ФЭТ,доцент,д.н.
Попов Б.В.,ФМиЕН,профессор,к.н.
Алексеев Г.Н.,ФИВТ,профессор,д.н.
Петров Л.О.,ФРТ,доцент,д.н.
Лебедев Г.Н.,ФМиМ,доцент,к.н.
Лебедев Е.П.,ФИВТ,доцент,к.н.
Попов К.М.,ИТМО,профессор,д.н.
Новиков К.М.,ФМиМ,профессор,к.н.
Иванов Е.П.,ФУПМ,ассистент,д.н.
Петров Д.С.,ФИВТ,ассистент,к.н.
Алексеев З.Т.,ФРТ,,д.н.
Морозов Г.Н.,ФМиМ,,к.н.
Алексеев Л.О.,ФЭТ,ассистент,к.н.
Лебедева Б.В.,ФИТ,,к.н.
Лебедева З.Т.,ФФ,,к.н.
Волков Д.С.,ФФ,,
Петров Г.Н.,ФИТ,профессор,к.н.
Попов М.Ю.,ФФ,доцент,
Петров И.К.,ИТМО,профессор,
Попов Л.О.,ИТМО,,к.н.
Попов М.Ю.,ФМиМ,доцент,д.н.
Алексеев З.Т.,ФИВТ,доцент,к.н.
Соколов М.Ю.,ФИВТ,доцент,к.н.
Новиков Б.В.,ФРТ,,к.н.
Попов К.М.,ФПМИ,,к.н.
Егоров Д.С.,ФЭТ,,д.н.
Сидоров З.Т.,ФПМИ,доцент,
Морозов З.Т.,ФУПМ,профессор,
Иванов Г.Н.,ФИВТ,ассистент,д.н.
Попов Л.О.,ФПМИ,доцент,к.н.
Алексеев М.Ю.,ФИВТ,доцент,к.н.
Новиков В.И.,ИТМО,доцент,
Семенов М.Ю.,ФМиМ,доцент,д.н.
Лебедева Б.В.,ФУПМ,профессор,д.н.
Морозов А.А.,ФУПМ,ассистент,д.н.
Петров Г.Н.,ФЭТ,доцент,
Алексеев М.Ю.,ФРТ,,к.н.
Лебедев К.М.,ИТМО,ассистент,
Смирнов Б.В.,ФМиМ,профессор,
Волков И.К.,ИТМО,ассистент,к.н.
Лебедева Ж.Р.,ФМиЕН,ассистент,к.н.
Алексеев А.А.,ФИТ,доцент,к.н.
Волков Ж.Р.,ИТМО,ассистент,к.н.
Морозов Л.О.,ФФ,профессор,д.н.
Кузнецов Л.О.,ФУПМ,,
Петров З.Т.,ФЭТ,ассистент,к.н.
Егоров Д.С.,ФПМИ,ассистент,
Лебедев А.А.,ФУПМ,,
Новиков И.К.,ФРТ,доцент,к.н.
Соколов М.Ю.,ИТМО,,д.н.
Морозов Л.О.,ФРТ,ассистент,к.н.
Волков И.К.,ФИТ,ассистент,д.н.
Иванов З.Т.,ФУПМ,доцент,к.н.
Волков М.Ю.,ФМиЕН,доцент,
Алексеев К.М.,ФМиМ,доцент,д.н.
Смирнов З.Т.,ФРТ,,д.н.
Соколов М.Ю.,ФМиЕН,ассистент,д.н.
Егоров В.И.,ФПМИ,,
Сидоров К.М.,ФУПМ,ассистент,
Иванов Ж.Р.,ФИТ,доцент,к.н.
Кузнецов В.И.,ФУПМ,,
Смирнов Л.О.,ФИТ,доцент,д.н.
Лебедева А.А.,ФЭТ,доцент,
Лебедева Д.С.,ФПМИ,,д.н.
Волков Л.О.,ФИВТ,доцент,д.н.
Кузнецов Б.В.,ФЭТ,профессор,
Волков Г.Н.,ФМиЕН,ассистент,д.н.
Соколов З.Т.,ФМиМ,доцент,д.н.
Волков Ж.Р.,ФМиМ,,д.н.
Кузнецов И.К.,ФМиМ,доцент,д.н.
Петров Г.Н.,ФИТ,профессор,
Лебедева Л.О.,ИТМО,,к.н.
Морозов Г.Н.,ФИТ,профессор,к.н.
Новиков В.И.,ФИТ,доцент,
Волков Л.О.,ФИТ,профессор,
Смирнов К.М.,ФМиМ,,к.н.
Соколов М.Ю.,ФУПМ,ассистент,к.н.
Новиков А.А.,ФРТ,,к.н.
Лебедева И.К.,ФРТ,ассистент,к.н.
Волков Д.С.,ФМиМ,ассистент,
Смирнов Е.П.,ФЭТ,доцент,к.н.
Волков Д.С.,ФМиМ,ассистент,д.н.
Лебедева В.И.,ФЭТ,ассистент,к.н.
Новиков Ж.Р.,ИТМО,профессор,к.н.
Новиков А.А.,ФМиЕН,профессор,к.н.
Сидоров Г.Н.,ФМиМ,доцент,
Морозов Ж.Р.,ФФ,ассистент,
Сидоров Б.В.,ФФ,доцент,к.н.
Петров А.А.,ФИТ,,д.н.
Козлов В.И.,ФУПМ,,д.н.
Алексеев К.М.,ИТМО,профессор,д.н.
Соколов Д.С.,ФЭТ,,к.н.
Морозов Ж.Р.,ФМиМ,ассистент,д.н.
Морозов М.Ю.,ФПМИ,профессор,к.н.
Попов К.М.,ИТМО,доцент,
Смирнов Г.Н.,ФМиМ,доцент,
Алексеев Ж.Р.,ФМиМ,доцент,д.н.
Лебедев А.А.,ФРТ,,к.н.
Егоров Л.О.,ФМиМ,профессор,д.н.
Семенов А.А.,ФПМИ,,к.н.
Смирнов К.М.,ФПМИ,профессор,к.н.
Морозов З.Т.,ФЭТ,,
Семенов Б.В.,ФМиМ,ассистент,к.н.
Кузнецов А.А.,ИТМО,,к.н.
Волков И.К.,ФФ,профессор,
Семенов Г.Н.,ИТМО,ассистент,д.н.
Новиков Г.Н.,ФУПМ,ассистент,к.н.
Лебедева Л.О.,ФПМИ,ассистент,к.н.
Сидоров Ж.Р.,ФФ,доцент,к.н.
Егоров Ж.Р.,ФЭТ,профессор,д.н.
Козлов К.М.,ФФ,ассистент,
Лебедев К.М.,ФМиМ,профессор,
Смирнов Ж.Р.,ФУПМ,,
Соколов Д.С.,ФФ,ассистент,д.н.
Лебедев В.И.,ФПМИ,ассистент,к.н.
Егоров В.И.,ФФ,профессор,
Семенов Е.П.,ФИВТ,,
Лебедева К.М.,ФФ,,д.н.
Алексеев Ж.Р.,ФИВТ,доцент,
Морозов Д.С.,ФПМИ,доцент,д.н.
Смирнов Е.П.,ФМиМ,профессор,
Иванов К.М.,ФФ,профессор,д.н.
Соколов Г.Н.,ФФ,ассистент,
Козлов К.М.,ИТМО,,
Лебедева М.Ю.,ФУПМ,доцент,к.н.
Козлов В.И.,ФУПМ,,
Соколов Г.Н.,ФИВТ,профессор,д.н.
Алексеев Е.П.,ФФ,ассистент,
Иванов Е.П.,ИТМО,,д.н.
Волков М.Ю.,ФМиМ,ассистент,д.н.
Новиков Е.П.,ФИТ,,к.н.
Иванов В.И.,ФИВТ,доцент,д.н.
Петров В.И.,ФИТ,доцент,д.н.
Семенов Е.П.,ФМиМ,ассистент,д.н.
Алексеев Е.П.,ФЭТ,,
Егоров Ж.Р.,ФРТ,ассистент,д.н.
Петров И.К.,ФИТ,,
Морозов Л.О.,ФФ,доцент,
Алексеев Е.П.,ФЭТ,профессор,к.н.
Попов З.Т.,ФПМИ,ассистент,
Егоров Г.Н.,ФИВТ,доцент,к.н.
Иванов Б.В.,ФУПМ,,к.н.
Лебедев Б.В.,ФМиЕН,,
Новиков Г.Н.,ФМиМ,ассистент,к.н.
Смирнов И.К.,ФМиМ,,
Морозов И.К.,ФРТ,доцент,д.н.
Егоров Ж.Р.,ФЭТ,,к.н.
Попов В.И.,ФЭТ,профессор,д.н.
Попов Л.О.,ИТМО,,д.н.
Попов Д.С.,ФПМИ,профессор,д.н.
Иванов М.Ю.,ФМиЕН,ассистент,
Волков Д.С.,ФМиЕН,,
Козлов Б.В.,ФПМИ,профессор,
Кузнецов В.И.,ФИВТ,,к.н.
Лебедева М.Ю.,ФРТ,доцент,к.н.
Козлов Ж.Р.,ФЭТ,профессор,д.н.
Морозов Г.Н.,ФРТ,профессор,
Петров И.К.,ФЭТ,профессор,д.н.
Попов К.М.,ФРТ,ассистент,
Сидоров А.А.,ФФ,доцент,к.н.
Иванов В.И.,ФИВТ,профессор,д.н.
Петров Е.П.,ФУПМ,доцент,
Лебедев Е.П.,ФМиМ,профессор,к.н.
Петров Г.Н.,ФМиМ,,к.н.
Смирнов И.К.,ФИВТ,профессор,д.н.
Семенов Б.В.,ФРТ,профессор,к.н.
Соколов И.К.,ФУПМ,профессор,д.н.
Новиков Ж.Р.,ФМиЕН,ассистент,
Сидоров З.Т.,ФЭТ,ассистент,
Лебедев А.А.,ФМиМ,доцент,д.н.
Волков Е.П.,ИТМО,доцент,
Новиков З.Т.,ФМиМ,профессор,к.н.
Новиков М.Ю.,ФМиМ,ассистент,д.н.
Иванов А.А.,ИТМО,,
Петров Е.П.,ФФ,доцент,к.н.
Смирнов Е.П.,ФФ,ассистент,к.н.
Новиков А.А.,ФИТ,доцент,д.н.
Кузнецов А.А.,ФЭТ,ассистент,д.н.
Волков М.Ю.,ФМиМ,,д.н.
Егоров Е.П.,ИТМО,,
Морозов М.Ю.,ФПМИ,,к.н.
Новиков Г.Н.,ФМиМ,ассистент,
Алексеев Б.В.,ФИТ,профессор,к.н.
Алексеев Е.П.,ФИВТ,,д.н.
Петров И.К.,ФФ,профессор,д.н.
Попов К.М.,ФФ,,
Соколов И.К.,ФПМИ,,к.н.
Егоров И.К.,ФПМИ,,к.н.
Иванов З.Т.,ФЭТ,ассистент,к.н.
Соколов А.А.,ФФ,профессор,
Соколов З.Т.,ФМиМ,,д.н.
Петров Г.Н.,ИТМО,,
Алексеев З.Т.,ФМиМ,профессор,
Иванов М.Ю.,ФИВТ,доцент,
Сидоров Б.В.,ФУПМ,,д.н.
Соколов Л.О.,ФМиЕН,профессор,д.н.
Лебедева А.А.,ФУПМ,,
Егоров З.Т.,ФМиМ,,к.н.
Лебедева Ж.Р.,ФРТ,профессор,д.н.
Семенов К.М.,ФУПМ,,
Соколов В.И.,ФУПМ,доцент,д.н.
Сидоров Л.О.,ФУПМ,ассистент,д.н.
Семенов Д.С.,ФЭТ,доцент,
Иванов А.А.,ФФ,доцент,к.н.
Иванов З.Т.,ФФ,профессор,д.н.
Семенов Е.П.,ФЭТ,ассистент,д.н.
Волков Л.О.,ФФ,,к.н.
Егоров К.М.,ФРТ,,д.н.
Попов Г.Н.,ФРТ,ассистент,д.н.
Козлов З.Т.,ФУПМ,,
Семенов Б.В.,ИТМО,профессор,к.н.
Попов Б.В.,ФФ,профессор,д.н.
Новиков Е.П.,ФМиЕН,,к.н.
Новиков Г.Н.,ФИТ,,
Козлов З.Т.,ФФ,профессор,д.н.
Морозов А.А.,ФИВТ,профессор,к.н.
Козлов Л.О.,ИТМО,ассистент,д.н.
Петров Е.П.,ФИВТ,профессор,к.н.
Попов Г.Н.,ФУПМ,ассистент,к.н.
Смирнов Д.С.,ФФ,,
Егоров Б.В.,ФЭТ,ассистент,д.н.
Сидоров А.А.,ФУПМ,ассистент,
Смирнов А.А.,ИТМО,ассистент,д.н.
Козлов В.И.,ФУПМ,,к.н.
Семенов З.Т.,ФИТ,,
Лебедев Е.П.,ФРТ,,к.н.
Егоров Л.О.,ФЭТ,профессор,
Алексеев Д.С.,ФУПМ,профессор,д.н.
Козлов З.Т.,ФИТ,ассистент,
Сидоров И.К.,ФФ,профессор,д.н.
Козлов Е.П.,ФУПМ,профессор,к.н.
Морозов Д.С.,ФИТ,доцент,д.н.
Козлов А.А.,ФПМИ,,к.н.
Иванов В.И.,ФИТ,ассистент,д.н.
Лебедева А.А.,ФИВТ,ассистент,к.н.
Сидоров Л.О.,ФМиМ,,к.н.
Егоров И.К.,ФРТ,,к.н.
Петров И.К.,ФЭТ,,к.н.
Иванов К.М.,ФМиЕН,,
Волков Д.С.,ФИТ,доцент,д.н.
Волков Л.О.,ФИВТ,,
Сидоров Г.Н.,ФПМИ,доцент,
Лебедева М.Ю.,ФУПМ,ассистент,
Волков Д.С.,ФИТ,профессор,к.н.
Иванов З.Т.,ИТМО,ассистент,
Морозов К.М.,ФРТ,профессор,д.н.
Сидоров Е.П.,ФУПМ,профессор,д.н.
Попов Д.С.,ФФ,,к.н.
Козлов М.Ю.,ФМиМ,доцент,к.н.
Морозов З.Т.,ФУПМ,профессор,д.н.
Алексеев Л.О.,ФПМИ,ассистент,д.н.
Семенов К.М.,ФЭТ,профессор,к.н.
Кузнецов Б.В.,ФЭТ,,к.н.
Смирнов Б.В.,ФМиМ,профессор,д.н.
Волков В.И.,ФФ,ассистент,д.н.
Морозов А.А.,ФИВТ,профессор,д.н.
Лебедев Б.В.,ФМиЕН,профессор,к.н.
Соколов Д.С.,ФМиЕН,ассистент,д.н.
Смирнов З.Т.,ФИТ,ассистент,к.н.
Егоров Д.С.,ФФ,ассистент,к.н.
Егоров И.К.,ФМиМ,ассистент,
Лебедев К.М.,ФМиЕН,ассистент,к.н.
Семенов А.А.,ФИТ,профессор,д.н.
Сидоров Л.О.,ФПМИ,профессор,к.н.
Лебедев Б.В.,ФЭТ,ассистент,
Егоров Д.С.,ФМиМ,ассистент,к.н.
Лебедева Е.П.,ФЭТ,,
Козлов Д.С.,ФФ,,к.н.
Новиков Е.П.,ФИВТ,,
Лебедев Е.П.,ФМиЕН,профессор,
Семенов К.М.,ФМиЕН,профессор,
Петров З.Т.,ФИТ,профессор,
Смирнов И.К.,ФПМИ,профессор,к.н.
Смирнов Б.В.,ФМиЕН,ассистент,к.н.
Волков З.Т.,ФРТ,ассистент,
Смирнов Е.П.,ИТМО,,к.н.
Кузнецов Е.П.,ИТМО,профессор,к.н.
Кузнецов Г.Н.,ИТМО,ассистент,к.н.
Егоров Е.П.,ИТМО,профессор,к.н.
Петров В.И.,ФМиМ,,
Петров К.М.,ФУПМ,профессор,д.н.
Кузнецов З.Т.,ФУПМ,,к.н.
Сидоров З.Т.,ФФ,ассистент,д.н.
Морозов А.А.,ФМиЕН,ассистент,
Волков И.К.,ФРТ,,
Попов А.А.,ФМиЕН,,д.н.
Морозов Ж.Р.,ФПМИ,ассистент,д.н.
Новиков Г.Н.,ФМиМ,ассистент,
Кузнецов Е.П.,ФМиМ,ассистент,к.н.
Лебедева Г.Н.,ФУПМ,ассистент,
Волков Д.С.,ФМиЕН,ассистент,
Смирнов З.Т.,ИТМО,,
Петров И.К.,ИТМО,,
Петров К.М.,ФМиМ,доцент,
Иванов Е.П.,ФРТ,доцент,д.н.
Лебедев Е.П.,ФПМИ,,
Семенов В.И.,ФЭТ,профессор,
Попов Д.С.,ФФ,ассистент,к.н.
Иванов А.А.,ФУПМ,доцент,д.н.
Егоров И.К.,ФИВТ,ассистент,
Лебедева И.К.,ФМиЕН,профессор,
Егоров Е.П.,ФИТ,ассистент,к.н.
Лебедев Г.Н.,ИТМО,ассистент,к.н.
Новиков К.М.,ФРТ,доцент,
Егоров Е.П.,ФРТ,доцент,к.н.
Петров Е.П.,ФПМИ,ассистент,
Лебедев К.М.,ФМиЕН,ассистент,к.н.
Лебедева К.М.,ФИВТ,ассистент,
Алексеев Г.Н.,ФМиМ,ассистент,к.н.
Соколов Е.П.,ФРТ,,
Иванов А.А.,ФЭТ,доцент,
Сидоров Л.О.,ФМиМ,,д.н.
Козлов К.М.,ФИВТ,профессор,к.н.
Козлов И.К.,ФУПМ,,к.н.
Смирнов Б.В.,ФМиЕН,ассистент,д.н.
Лебедева В.И.,ФЭТ,профессор,к.н.
Смирнов А.А.,ФИТ,профессор,д.н.
Смирнов Д.С.,ФМиМ,ассистент,к.н.
Иванов З.Т.,ФУПМ,ассистент,д.н.
Лебедева Б.В.,ФПМИ,,д.н.
Кузнецов Ж.Р.,ФИТ,профессор,
Егоров З.Т.,ФФ,доцент,д.н.
Кузнецов А.А.,ФИТ,доцент,
Семенов М.Ю.,ФЭТ,профессор,
Лебедев Е.П.,ФИТ,доцент,
Иванов М.Ю.,ФМиМ,,к.н.
Семенов Е.П.,ФРТ,профессор,д.н.
Соколов З.Т.,ФПМИ,доцент,д.н.
Сидоров К.М.,ФФ,,к.н.
Егоров К.М.,ФМиМ,доцент,к.н.
Кузнецов Е.П.,ФПМИ,профессор,
Егоров К.М.,ФПМИ,,д.н.
Лебедев А.А.,ИТМО,доцент,д.н.
Смирнов Б.В.,ФУПМ,профессор,д.н.
Морозов Г.Н.,ФЭТ,доцент,д.н.
Кузнецов Д.С.,ФМиЕН,,к.н.
Иванов Г.Н.,ФРТ,,к.н.
Сидоров Е.П.,ФИВТ,,д.н.
Морозов Л.О.,ФФ,доцент,д.н.
Попов Ж.Р.,ИТМО,ассистент,к.н.
Кузнецов З.Т.,ИТМО,профессор,к.н.
Лебедева Д.С.,ФИВТ,ассистент,
Кузнецов Б.В.,ФПМИ,,
Егоров Е.П.,ФИТ,доцент,
Лебедева Д.С.,ИТМО,ассистент,д.н.
Волков Б.В.,ФИТ,ассистент,д.н.
Лебедева И.К.,ФМиЕН,доцент,к.н.
Волков Е.П.,ФПМИ,ассистент,
Иванов И.К.,ФИТ,доцент,
Сидоров Б.В.,ФМиЕН,профессор,д.н.
Петров А.А.,ФУПМ,ассистент,д.н.
Новиков К.М.,ФПМИ,ассистент,к.н.
Лебедев Д.С.,ФЭТ,доцент,
Попов И.К.,ФМиЕН,ассистент,
Попов Ж.Р.,ФМиМ,доцент,к.н.
Попов В.И.,ФРТ,ассистент,к.н.
Семенов Л.О.,ФИВТ,ассистент,к.н.
Смирнов А.А.,ФПМИ,доцент,д.н.
Петров Ж.Р.,ФЭТ,,д.н.
Попов Б.В.,ФИТ,,к.н.
Лебедева Е.П.,ФИВТ,,д.н.
Новиков Б.В.,ФИВТ,профессор,к.н.
Смирнов В.И.,ФПМИ,доцент,к.н.
Лебедев З.Т.,ФИТ,,
Петров Г.Н.,ФМиМ,доцент,д.н.
Козлов К.М.,ФМиЕН,ассистент,к.н.
Семенов Б.В.,ФУПМ,,к.н.
Новиков Г.Н.,ФРТ,доцент,д.н.
Алексеев Г.Н.,ИТМО,доцент,
Иванов Д.С.,ФМиЕН,,д.н.
Сидоров Д.С.,ФИТ,профессор,
Лебедева Е.П.,ФРТ,,д.н.
Волков И.К.,ФПМИ,доцент,к.н.
Лебедева К.М.,ФЭТ,,д.н.
Петров З.Т.,ФЭТ,ассистент,
Смирнов Б.В.,ФЭТ,,
Петров А.А.,ИТМО,,д.н.
Попов Л.О.,ФФ,доцент,к.н.
Иванов Б.В.,ФИТ,профессор,
Морозов Л.О.,ФРТ,профессор,д.н.
Сидоров В.И.,ФФ,профессор,
Козлов Е.П.,ФЭТ,,к.н.
Соколов М.Ю.,ФПМИ,профессор,к.н.
Петров А.А.,ФФ,доцент,к.н.
Морозов Д.С.,ФУПМ,профессор,к.н.
Лебедева И.К.,ФФ,доцент,к.н.
Волков К.М.,ФМиЕН,ассистент,к.н.
Соколов В.И.,ФРТ,,
Лебедева К.М.,ФИТ,доцент,к.н.
Смирнов З.Т.,ФМиМ,,д.н.
Морозов Л.О.,ФМиЕН,,д.н.
Лебедев Б.В.,ФИТ,доцент,д.н.
Лебедева А.А.,ИТМО,ассистент,к.н.
Морозов М.Ю.,ФИВТ,ассистент,к.н.
Козлов В.И.,ФМиЕН,,
Соколов З.Т.,ФМиЕН,ассистент,к.н.
Иванов И.К.,ФИВТ,доцент,
Лебедев З.Т.,ИТМО,ассистент,
Семенов Е.П.,ФМиМ,,к.н.
Семенов И.К.,ИТМО,ассистент,
Егоров К.М.,ФМиМ,,д.н.
Смирнов Л.О.,ФФ,,
Егоров И.К.,ИТМО,доцент,
Алексеев А.А.,ФРТ,,к.н.
Морозов М.Ю.,ФФ,доцент,
Соколов А.А.,ФПМИ,ассистент,д.н.
Иванов А.А.,ИТМО,профессор,д.н.
Смирнов М.Ю.,ФФ,доцент,к.н.
Смирнов Д.С.,ФИТ,доцент,к.н.
Егоров М.Ю.,ФРТ,профессор,
Алексеев Е.П.,ФИТ,профессор,
Иванов И.К.,ФЭТ,ассистент,
Иванов Л.О.,ФФ,,
Сидоров К.М.,ФУПМ,доцент,
Кузнецов В.И.,ФМиМ,,д.н.
Егоров Г.Н.,ФРТ,доцент,к.н.
Соколов З.Т.,ФМиМ,,д.н.
Иванов Г.Н.,ФМиЕН,доцент,к.н.
Сидоров А.А.,ФМиЕН,ассистент,д.н.
Семенов Д.С.,ФЭТ,ассистент,к.н.
Сидоров И.К.,ФИТ,профессор,
Новиков Л.О.,ФИВТ,доцент,д.н.
Смирнов Е.П.,ФУПМ,доцент,
Морозов Е.П.,ФУПМ,профессор,д.н.
Волков Е.П.,ФРТ,профессор,
Попов Л.О.,ФПМИ,ассистент,
Егоров Ж.Р.,ФИТ,профессор,
Козлов Ж.Р.,ФИВТ,доцент,
Сидоров А.А.,ФМиЕН,,д.н.
Смирнов Г.Н.,ФМиМ,доцент,
Козлов Б.В.,ФЭТ,,
Новиков Г.Н.,ФФ,,
Сидоров И.К.,ФФ,,д.н.
Петров Г.Н.,ФМиМ,,к.н.
Семенов В.И.,ФМиМ,ассистент,
Егоров Ж.Р.,ФРТ,доцент,д.н.
Смирнов Г.Н.,ФПМИ,профессор,
Кузнецов З.Т.,ФПМИ,доцент,к.н.
Кузнецов Б.В.,ФРТ,доцент,к.н.
Соколов К.М.,ФЭТ,ассистент,к.н.
Лебедев З.Т.,ФУПМ,профессор,
Соколов Б.В.,ФИВТ,профессор,
Лебедев М.Ю.,ФУПМ,,к.н.
Смирнов Е.П.,ФПМИ,доцент,к.н.
Волков И.К.,ФИТ,ассистент,д.н.
Смирнов З.Т.,ИТМО,профессор,
Морозов Д.С.,ИТМО,,к.н.
Семенов Д.С.,ФУПМ,доцент,к.н.
Иванов Д.С.,ФМиЕН,профессор,
Козлов К.М.,ФЭТ,ассистент,
Петров З.Т.,ФФ,,д.н.
Егоров К.М.,ФЭТ,,д.н.
Морозов В.И.,ФМиЕН,,
Петров Е.П.,ФМиЕН,,д.н.
Кузнецов М.Ю.,ФФ,,к.н.
Морозов Л.О.,ФИВТ,,д.н.
Морозов В.И.,ФМиЕН,,
Лебедева З.Т.,ФИТ,профессор,д.н.
Петров З.Т.,ФЭТ,доцент,д.н.
Петров М.Ю.,ФРТ,профессор,д.н.
Новиков Б.В.,ИТМО,,
Сидоров З.Т.,ФИТ,доцент,д.н.
Смирнов Ж.Р.,ФМиМ,,
Новиков Б.В.,ФПМИ,профессор,
Соколов Б.В.,ФФ,доцент,
Иванов З.Т.,ФЭТ,ассистент,д.н.
Семенов В.И.,ФИВТ,доцент,д.н.
Морозов Ж.Р.,ФРТ,профессор,
Алексеев М.Ю.,ФУПМ,,к.н.
Лебедев М.Ю.,ФУПМ,профессор,
Егоров Л.О.,ФФ,,д.н.
Попов Б.В.,ФРТ,профессор,к.н.
Сидоров Ж.Р.,ФИТ,доцент,д.н.
Лебедева А.А.,ИТМО,доцент,
Петров К.М.,ФМиЕН,,д.н.
Кузнецов А.А.,ФИТ,профессор,
Попов Д.С.,ФМиЕН,профессор,к.н.
Морозов Б.В.,ФУПМ,ассистент,д.н.
Попов А.А.,ФИВТ,доцент,к.н.
Егоров Д.С.,ФРТ,профессор,
Смирнов И.К.,ФФ,ассистент,д.н.
Семенов Г.Н.,ФУПМ,доцент,д.н.
Козлов Ж.Р.,ФМиЕН,доцент,д.н.
Лебедев М.Ю.,ФФ,ассистент,
Петров Е.П.,ФРТ,доцент,д.н.
Алексеев Б.В.,ФФ,доцент,
Попов З.Т.,ФПМИ,,д.н.
Попов Л.О.,ИТМО,,д.н.
Лебедева М.Ю.,ФФ,доцент,к.н.
Козлов А.А.,ФРТ,,
Смирнов В.И.,ФЭТ,профессор,к.н.
Лебедев Ж.Р.,ФМиЕН,профессор,
Козлов Е.П.,ФМиМ,ассистент,
Семенов М.Ю.,ФРТ,доцент,д.н.
Кузнецов Ж.Р.,ФИВТ,,к.н.
Семенов К.М.,ФПМИ,доцент,к.н.
Петров А.А.,ИТМО,доцент,
Лебедева З.Т.,ФРТ,,д.н.
Волков Е.П.,ФРТ,ассистент,
Смирнов В.И.,ФУПМ,ассистент,к.н.
Новиков В.И.,ФЭТ,ассистент,к.н.
Козлов Е.П.,ФИВТ,ассистент,к.н.
Иванов М.Ю.,ФРТ,ассистент,к.н.
Семенов М.Ю.,ФМиМ,доцент,к.н.
Морозов Б.В.,ФФ,,д.н.
Семенов З.Т.,ФФ,доцент,
Попов В.И.,ФРТ,ассистент,д.н.
Алексеев Е.П.,ФИВТ,профессор,д.н.
Егоров З.Т.,ФИВТ,доцент,д.н.
Морозов М.Ю.,ФМиЕН,доцент,д.н.
Смирнов Е.П.,ФУПМ,доцент,
Егоров З.Т.,ФИВТ,,д.н.
Волков Д.С.,ФИВТ,ассистент,
Кузнецов Д.С.,ФМиЕН,,к.н.
Морозов И.К.,ФРТ,,д.н.
Попов А.А.,ИТМО,,
Волков А.А.,ФПМИ,доцент,к.н.
Козлов К.М.,ФЭТ,доцент,
Алексеев Ж.Р.,ФИВТ,ассистент,д.н.
Петров М.Ю.,ФМиМ,профессор,к.н.
Смирнов Б.В.,ИТМО,,д.н.
Кузнецов М.Ю.,ФМиЕН,ассистент,к.н.
Семенов Е.П.,ФУПМ,,
Семенов К.М.,ФРТ,ассистент,к.н.
Егоров З.Т.,ФМиМ,ассистент,д.н.
Лебедев В.И.,ФМиЕН,доцент,
Соколов Ж.Р.,ФУПМ,ассистент,
Егоров А.А.,ФИТ,ассистент,к.н.
Волков Л.О.,ИТМО,,д.н.
Новиков Г.Н.,ИТМО,,д.н.
Семенов И.К.,ФИТ,профессор,д.н.
Морозов Ж.Р.,ФФ,профессор,д.н.
Волков З.Т.,ФУПМ,ассистент,
Кузнецов Л.О.,ФИТ,ассистент,
Попов В.И.,ФПМИ,доцент,д.н.
Лебедев Г.Н.,ФФ,,к.н.
Смирнов Г.Н.,ИТМО,ассистент,
Петров Д.С.,ФМиМ,доцент,д.н.
Смирнов В.И.,ФРТ,ассистент,к.н.
Козлов Л.О.,ФМиМ,доцент,
Семенов Д.С.,ФУПМ,доцент,д.н.
Новиков Б.В.,ФИТ,ассистент,к.н.
Сидоров А.А.,ФМиЕН,,д.н.
Егоров Е.П.,ФМиЕН,ассистент,к.н.
Лебедев И.К.,ФУПМ,ассистент,
Петров К.М.,ФИВТ,,
Новиков Е.П.,ИТМО,ассистент,
Новиков М.Ю.,ФФ,профессор,к.н.
Волков Г.Н.,ФМиМ,доцент,к.н.
Новиков Б.В.,ФУПМ,профессор,
Волков В.И.,ФЭТ,профессор,
Волков Л.О.,ИТМО,профессор,к.н.
Лебедев И.К.,ФИВТ,,д.н.
Соколов В.И.,ИТМО,,
Смирнов Л.О.,ФРТ,ассистент,
Лебедев Е.П.,ФУПМ,профессор,к.н.
Соколов М.Ю.,ФУПМ,ассистент,д.н.
Лебедев М.Ю.,ИТМО,ассистент,к.н.
Волков И.К.,ИТМО,,к.н.
Лебедева Е.П.,ФПМИ,профессор,
Лебедев Е.П.,ФУПМ,доцент,
Егоров В.И.,ФУПМ,,д.н.
Лебедев М.Ю.,ФИТ,доцент,к.н.
Алексеев В.И.,ФМиМ,доцент,к.н.
Козлов И.К.,ИТМО,доцент,к.н.
Иванов Г.Н.,ФРТ,доцент,к.н.
Семенов Г.Н.,ФИТ,профессор,
Новиков Б.В.,ФУПМ,доцент,д.н.
Козлов Ж.Р.,ФУПМ,ассистент,д.н.
Соколов Б.В.,ФМиМ,,
Иванов Ж.Р.,ФФ,доцент,д.н.
Иванов Ж.Р.,ФМиЕН,,к.н.
Морозов З.Т.,ФПМИ,профессор,к.н.
Попов Ж.Р.,ИТМО,ассистент,
Лебедев Л.О.,ФМиЕН,ассистент,д.н.
Попов К.М.,ФУПМ,,д.н.
Морозов Б.В.,ФПМИ,ассистент,
Лебедев В.И.,ИТМО,доцент,
Семенов Г.Н.,ФПМИ,профессор,д.н.
Козлов И.К.,ФМиЕН,,
Попов Б.В.,ФПМИ,ассистент,д.н.
Петров М.Ю.,ФМиМ,доцент,д.н.
Сидоров З.Т.,ФФ,ассистент,к.н.
Попов Б.В.,ФИВТ,ассистент,к.н.
Смирнов Г.Н.,ФУПМ,,д.н.
Петров И.К.,ФМиЕН,,д.н.
Сидоров Л.О.,ИТМО,,
Лебедева З.Т.,ФФ,ассистент,к.н.
Соколов Г.Н.,ФИТ,,к.н.
Лебедева В.И.,ФИТ,доцент,д.н.
Козлов А.А.,ФФ,доцент,к.н.
Новиков В.И.,ФЭТ,,
Кузнецов З.Т.,ФРТ,профессор,
Петров В.И.,ФИТ,доцент,д.н.
Соколов М.Ю.,ФМиМ,ассистент,д.н.
Волков К.М.,ФИТ,профессор,д.н.
Козлов И.К.,ФРТ,профессор,
Кузнецов И.К.,ФФ,,д.н.
Лебедева А.А.,ФУПМ,доцент,
Лебедева В.И.,ФЭТ,ассистент,д.н.
Егоров М.Ю.,ФПМИ,,к.н.
Попов Д.С.,ФИВТ,ассистент,д.н.
Смирнов К.М.,ФИВТ,профессор,к.н.
Морозов Ж.Р.,ИТМО,профессор,к.н.
Волков Е.П.,ФФ,ассистент,д.н.
Волков Д.С.,ИТМО,,к.н.
Новиков Ж.Р.,ФРТ,профессор,
Иванов М.Ю.,ФЭТ,ассистент,
Сидоров В.И.,ФМиЕН,,д.н.
Попов А.А.,ФПМИ,ассистент,к.н.
Егоров М.Ю.,ФЭТ,,
Новиков Ж.Р.,ИТМО,,к.н.
Козлов З.Т.,ФУПМ,,д.н.
Алексеев Л.О.,ФЭТ,доцент,д.н.
Козлов Ж.Р.,ФМиМ,доцент,д.н.
Попов А.А.,ФРТ,доцент,д.н.
Егоров Д.С.,ФФ,ассистент,
Новиков Е.П.,ФУПМ,доцент,д.н.
Сидоров А.А.,ФРТ,,
Алексеев Г.Н.,ФПМИ,доцент,
Смирнов З.Т.,ФФ,ассистент,
Волков Ж.Р.,ФЭТ,,к.н.
Егоров Г.Н.,ФМиМ,доцент,к.н.
Лебедева Д.С.,ФИТ,ассистент,
Волков Б.В.,ФУПМ,ассистент,д.н.
Алексеев Ж.Р.,ФИТ,ассистент,
Волков Ж.Р.,ФМиЕН,профессор,д.н.
Алексеев Е.П.,ФМиМ,,д.н.
Сидоров Д.С.,ФЭТ,,к.н.
Лебедева Л.О.,ФМиЕН,доцент,
Иванов Б.В.,ФЭТ,профессор,д.н.
Попов З.Т.,ИТМО,ассистент,
Кузнецов М.Ю.,ФИТ,ассистент,
Алексеев Л.О.,ФУПМ,ассистент,к.н.
Лебедева Л.О.,ФФ,профессор,д.н.
Сидоров Ж.Р.,ФПМИ,профессор,д.н.
Иванов А.А.,ФИВТ,ассистент,к.н.
Смирнов З.Т.,ФРТ,профессор,д.н.
Волков В.И.,ФМиЕН,,д.н.
Попов В.И.,ФЭТ,доцент,
Лебедев Г.Н.,ИТМО,доцент,
Морозов Г.Н.,ФМиМ,,
Лебедев И.К.,ФЭТ,доцент,
Сидоров З.Т.,ФИВТ,ассистент,д.н.
Сидоров Е.П.,ФУПМ,профессор,д.н.
Смирнов Б.В.,ФРТ,ассистент,д.н.
Попов М.Ю.,ФИТ,доцент,д.н.
Смирнов Д.С.,ФИТ,ассистент,д.н.
Кузнецов М.Ю.,ФМиМ,доцент,к.н.
Иванов М.Ю.,ФЭТ,,д.н.
Смирнов А.А.,ФФ,,
Лебедев Ж.Р.,ФФ,доцент,к.н.
Егоров Д.С.,ФИВТ,ассистент,к.н.
Новиков Е.П.,ФПМИ,профессор,к.н.
Сидоров Г.Н.,ФЭТ,профессор,д.н.
Новиков З.Т.,ФРТ,,д.н.
Кузнецов Г.Н.,ФМиМ,,
Сидоров Б.В.,ФПМИ,доцент,
Новиков Л.О.,ФЭТ,доцент,д.н.
Семенов Д.С.,ФРТ,доцент,
Егоров В.И.,ФЭТ,,д.н.
Иванов В.И.,ФРТ,ассистент,д.н.
Смирнов Г.Н.,ФИВТ,доцент,
Алексеев В.И.,ФРТ,ассистент,к.н.
Сидоров Ж.Р.,ФМиМ,ассистент,д.н.
Семенов Е.П.,ФЭТ,профессор,д.н.
Кузнецов Ж.Р.,ИТМО,профессор,д.н.
Сидоров И.К.,ФРТ,профессор,
Козлов И.К.,ФИТ,ассистент,к.н.
Лебедев В.И.,ФИВТ,,к.н.
Иванов Г.Н.,ФУПМ,доцент,
Новиков М.Ю.,ФРТ,ассистент,д.н.
Смирнов М.Ю.,ФИТ,,к.н.
Новиков Г.Н.,ФЭТ,профессор,
Морозов Л.О.,ФЭТ,ассистент,д.н.
Сидоров А.А.,ФИТ,доцент,к.н.
Морозов Ж.Р.,ИТМО,доцент,к.н.
Иванов А.А.,ФПМИ,ассистент,
Попов И.К.,ФПМИ,ассистент,
Лебедев К.М.,ФРТ,ассистент,к.н.
Кузнецов Д.С.,ФФ,профессор,к.н.
Смирнов М.Ю.,ФМиЕН,профессор,к.н.
Попов В.И.,ИТМО,,д.н.
Алексеев В.И.,ИТМО,,д.н.
Лебедев Л.О.,ФПМИ,профессор,
Лебедев И.К.,ФИВТ,профессор,д.н.
Морозов Ж.Р.,ФМиМ,профессор,к.н.
Соколов В.И.,ФИВТ,доцент,к.н.
Новиков Б.В.,ФМиМ,профессор,
Сидоров Г.Н.,ФФ,профессор,д.н.
Петров Б.В.,ИТМО,ассистент,
Козлов М.Ю.,ФИВТ,профессор,к.н.
Иванов К.М.,ФИВТ,ассистент,
Петров Е.П.,ФРТ,профессор,д.н.
Волков К.М.,ФЭТ,ассистент,
Семенов Б.В.,ФУПМ,доцент,к.н.
Егоров Ж.Р.,ФИВТ,ассистент,
Соколов Г.Н.,ИТМО,ассистент,к.н.
Егоров З.Т.,ФИТ,профессор,д.н.
Кузнецов В.И.,ФРТ,доцент,к.н.
Козлов К.М.,ФФ,ассистент,
Волков Л.О.,ФМиЕН,доцент,д.н.
Лебедева Л.О.,ФМиМ,профессор,к.н.
Соколов М.Ю.,ФМиМ,доцент,д.н.
Петров Б.В.,ИТМО,профессор,д.н.
Иванов Д.С.,ФИВТ,ассистент,к.н.
Петров Г.Н.,ФПМИ,доцент,к.н.
Новиков И.К.,ФМиЕН,,д.н.
Кузнецов И.К.,ФРТ,ассистент,к.н.
Лебедева З.Т.,ФУПМ,доцент,д.н.
Попов Д.С.,ФМиЕН,,к.н.
Соколов А.А.,ФУПМ,,д.н.
Лебедев М.Ю.,ИТМО,профессор,
Петров К.М.,ФПМИ,профессор,д.н.
Попов А.А.,ИТМО,профессор,
Алексеев Ж.Р.,ФМиЕН,,д.н.
Морозов М.Ю.,ИТМО,,д.н.
Соколов Б.В.,ФМиЕН,ассистент,к.н.
Лебедев Б.В.,ФМиМ,,
Волков И.К.,ФМиМ,,д.н.
Морозов К.М.,ФМиЕН,доцент,к.н.
Егоров А.А.,ИТМО,профессор,к.н.
Попов Е.П.,ФПМИ,профессор,д.н.
Волков Е.П.,ФИТ,профессор,
Лебедева Е.П.,ФУПМ,ассистент,д.н.
Волков И.К.,ФЭТ,профессор,к.н.
Волков З.Т.,ФМиЕН,,д.н.
Соколов Л.О.,ФИТ,профессор,
Волков К.М.,ИТМО,ассистент,
Волков Л.О.,ФУПМ,ассистент,к.н.
Сидоров К.М.,ФМиЕН,профессор,к.н.
Семенов М.Ю.,ИТМО,ассистент,к.н.
Козлов Л.О.,ФПМИ,,д.н.
Алексеев В.И.,ФЭТ,ассистент,д.н.
Петров Г.Н.,ФПМИ,доцент,к.н.
Кузнецов Б.В.,ФЭТ,доцент,к.н.
Иванов А.А.,ФПМИ,доцент,д.н.
Козлов К.М.,ФУПМ,,д.н.
Новиков Е.П.,ФЭТ,,к.н.
Егоров Ж.Р.,ФРТ,доцент,д.н.
Соколов И.К.,ФРТ,доцент,д.н.
Смирнов И.К.,ФРТ,ассистент,д.н.
Морозов Ж.Р.,ФМиЕН,ассистент,д.н.
Сидоров Л.О.,ФМиМ,профессор,д.н.
Смирнов Г.Н.,ФУПМ,профессор,
Лебедева Ж.Р.,ФФ,ассистент,д.н.
Новиков Л.О.,ФМиМ,,д.н.
Морозов А.А.,ФПМИ,,к.н.
Егоров Б.В.,ФМиМ,доцент,
Семенов М.Ю.,ФИТ,доцент,к.н.
Сидоров А.А.,ФФ,,
Смирнов А.А.,ФИТ,доцент,
Алексеев Б.В.,ФПМИ,,
Егоров Ж.Р.,ФУПМ,,д.н.
Смирнов З.Т.,ФУПМ,профессор,к.н.
Лебедева М.Ю.,ФФ,профессор,д.н.
Алексеев В.И.,ИТМО,,д.н.
Лебедева И.К.,ФМиМ,доцент,к.н.
Лебедева З.Т.,ФПМИ,ассистент,
Козлов И.К.,ФФ,ассистент,к.н.
Морозов К.М.,ФИВТ,,к.н.
Иванов Е.П.,ФУПМ,ассистент,
Иванов Д.С.,ФИТ,,к.н.
Лебедев Л.О.,ФИВТ,,
Егоров В.И.,ФМиМ,профессор,д.н.
Сидоров Л.О.,ФФ,доцент,к.н.
Лебедева Д.С.,ФМиМ,,
Попов В.И.,ФМиМ,доцент,
Кузнецов Е.П.,ФМиЕН,ассистент,к.н.
Алексеев Е.П.,ФПМИ,,к.н.
Попов Е.П.,ФФ,доцент,д.н.
Сидоров Л.О.,ФИТ,,д.н.
Егоров А.А.,ФИВТ,доцент,д.н.
Кузнецов Д.С.,ФМиЕН,доцент,
Егоров М.Ю.,ФМиЕН,доцент,к.н.
Лебедева Д.С.,ФМиЕН,ассистент,
Иванов И.К.,ФМиМ,доцент,к.н.
Соколов В.И.,ФРТ,ассистент,
Новиков Л.О.,ФУПМ,ассистент,к.н.
Волков Б.В.,ФРТ,,д.н.
Волков Л.О.,ФИВТ,ассистент,
Козлов Ж.Р.,ФИТ,,к.н.
Волков А.А.,ФФ,доцент,д.н.
Семенов А.А.,ФФ,доцент,д.н.
Егоров К.М.,ФПМИ,,д.н.
Егоров Л.О.,ФМиЕН,доцент,к.н.
Соколов А.А.,ФПМИ,,
Егоров В.И.,ФИТ,профессор,к.н.
Козлов З.Т.,ФФ,ассистент,
Алексеев Д.С.,ФЭТ,,к.н.
Алексеев А.А.,ФМиЕН,,к.н.
Лебедева Ж.Р.,ФИТ,ассистент,к.н.
Морозов Б.В.,ФЭТ,ассистент,
Сидоров М.Ю.,ФФ,ассистент,
Козлов К.М.,ФФ,доцент,к.н.
Егоров Е.П.,ФМиЕН,профессор,
Волков М.Ю.,ФФ,ассистент,к.н.
Петров Л.О.,ФРТ,доцент,д.н.
Иванов Д.С.,ФИТ,ассистент,д.н.
Соколов Б.В.,ФМиЕН,профессор,д.н.
Морозов И.К.,ФМиМ,,д.н.
Новиков Б.В.,ФПМИ,профессор,
Кузнецов А.А.,ФУПМ,профессор,
Козлов К.М.,ФФ,ассистент,к.н.
Иванов З.Т.,ФУПМ,профессор,к.н.
Козлов И.К.,ФИВТ,профессор,
Козлов М.Ю.,ФРТ,профессор,
Алексеев А.А.,ФИВТ,ассистент,к.н.
Иванов Д.С.,ФФ,профессор,
Кузнецов А.А.,ИТМО,,д.н.
Лебедева Г.Н.,ФЭТ,ассистент,
Лебедев А.А.,ФУПМ,профессор,д.н.
Семенов Г.Н.,ФУПМ,доцент,д.н.
Семенов Л.О.,ФФ,ассистент,
Лебедев К.М.,ФФ,профессор,д.н.
Егоров К.М.,ФУПМ,ассистент,д.н.
Козлов А.А.,ФФ,доцент,д.н.
Егоров З.Т.,ФМиМ,профессор,
Смирнов И.К.,ФЭТ,ассистент,д.н.
Иванов З.Т.,ФПМИ,ассистент,д.н.
Петров Д.С.,ИТМО,,д.н.
Лебедев З.Т.,ФМиМ,профессор,к.н.
Иванов Б.В.,ФЭТ,,
Иванов Б.В.,ФРТ,,д.н.
Смирнов И.К.,ФРТ,доцент,д.н.
Петров В.И.,ФФ,,
Лебедева З.Т.,ФФ,ассистент,д.н.
Кузнецов М.Ю.,ФИВТ,ассистент,д.н.
Лебедева Л.О.,ФИТ,,
Новиков Ж.Р.,ФМиЕН,,
Егоров М.Ю.,ФМиЕН,,д.н.
Козлов А.А.,ИТМО,,д.н.
Егоров М.Ю.,ФИТ,,к.н.
Морозов В.И.,ФРТ,доцент,
Попов И.К.,ФПМИ,профессор,к.н.
Новиков Л.О.,ФЭТ,,
Семенов Д.С.,ФИВТ,,д.н.
Семенов Г.Н.,ФИВТ,профессор,к.н.
Егоров А.А.,ФИТ,,к.н.
Кузнецов М.Ю.,ФФ,доцент,
Лебедев Л.О.,ФИВТ,,
Козлов Л.О.,ФИТ,ассистент,к.н.
Смирнов Д.С.,ФИТ,профессор,д.н.
Морозов М.Ю.,ФИВТ,профессор,к.н.
Морозов М.Ю.,ФРТ,,
Семенов Г.Н.,ФЭТ,ассистент,к.н.
Иванов Е.П.,ФЭТ,,д.н.
Петров В.И.,ФФ,профессор,д.н.
Семенов З.Т.,ФМиМ,доцент,к.н.
Лебедева В.И.,ФЭТ,профессор,д.н.
Смирнов Е.П.,ФМиЕН,ассистент,д.н.
Попов А.А.,ФЭТ,доцент,
Егоров Д.С.,ФРТ,ассистент,к.н.
Морозов В.И.,ФФ,доцент,д.н.
Петров В.И.,ФПМИ,,к.н.
Попов А.А.,ФРТ,профессор,
Морозов К.М.,ФРТ,ассистент,к.н.
Петров Г.Н.,ФРТ,ассистент,к.н.
Петров Л.О.,ФМиМ,доцент,к.н.
Семенов Д.С.,ИТМО,профессор,
Новиков Б.В.,ИТМО,ассистент,к.н.
Иванов Е.П.,ФФ,,к.н.
Соколов И.К.,ФПМИ,профессор,д.н.
Козлов К.М.,ИТМО,профессор,
Лебедева К.М.,ФУПМ,ассистент,к.н.
Лебедева Б.В.,ФФ,профессор,
Лебедева З.Т.,ФПМИ,доцент,
Сидоров Л.О.,ФМиЕН,профессор,д.н.
Волков Ж.Р.,ФЭТ,доцент,к.н.
Сидоров И.К.,ИТМО,,д.н.
Лебедев М.Ю.,ФРТ,профессор,к.н.
Лебедева З.Т.,ФИТ,доцент,к.н.
Лебедева Е.П.,ФРТ,,
Козлов М.Ю.,ФМиМ,,к.н.
Семенов М.Ю.,ФРТ,доцент,д.н.
Лебедева В.И.,ФПМИ,ассистент,д.н.
Попов Л.О.,ФРТ,ассистент,к.н.
Кузнецов А.А.,ФРТ,,д.н.
Попов Е.П.,ФЭТ,ассистент,д.н.
Семенов Ж.Р.,ФРТ,доцент,к.н.
Лебедев Д.С.,ФИВТ,профессор,к.н.
Егоров Л.О.,ФФ,доцент,д.н.
Кузнецов К.М.,ФМиМ,доцент,
Морозов М.Ю.,ФИТ,профессор,к.н.
Петров Е.П.,ФИТ,,
Волков К.М.,ФИВТ,профессор,
Смирнов Л.О.,ФМиЕН,доцент,д.н.
Сидоров Д.С.,ФМиМ,,д.н.
Кузнецов Ж.Р.,ФИВТ,,к.н.
Сидоров И.К.,ФПМИ,,д.н.
Петров В.И.,ФРТ,ассистент,к.н.
Кузнецов Л.О.,ФПМИ,,д.н.
Иванов Д.С.,ИТМО,профессор,к.н.
Семенов К.М.,ФЭТ,профессор,к.н.
Кузнецов Ж.Р.,ФМиЕН,,к.н.
Иванов Б.В.,ФИТ,доцент,
Егоров В.И.,ФУПМ,профессор,к.н.
Козлов Г.Н.,ФЭТ,ассистент,к.н.
Алексеев К.М.,ФФ,ассистент,
Новиков М.Ю.,ФПМИ,доцент,к.н.
Морозов Е.П.,ИТМО,ассистент,к.н.
Лебедев З.Т.,ФУПМ,ассистент,
Морозов В.И.,ФМиМ,ассистент,д.н.
Лебедев Ж.Р.,ФМиМ,,д.н.
Морозов М.Ю.,ФЭТ,ассистент,д.н.
Новиков К.М.,ФУПМ,доцент,к.н.
Алексеев Е.П.,ФПМИ,доцент,
Лебедев В.И.,ФПМИ,профессор,
Семенов И.К.,ИТМО,,д.н.
Морозов К.М.,ФУПМ,профессор,к.н.
Новиков Б.В.,ИТМО,,к.н.
Лебедева А.А.,ФУПМ,ассистент,к.н.
Волков К.М.,ФУПМ,доцент,д.н.
Попов В.И.,ИТМО,доцент,
Лебедев К.М.,ФИВТ,ассистент,к.н.
Морозов Б.В.,ФИТ,доцент,д.н.
Иванов В.И.,ФЭТ,доцент,к.н.
Смирнов К.М.,ФЭТ,профессор,к.н.
Козлов Е.П.,ФМиМ,,
Волков Г.Н.,ФИВТ,ассистент,к.н.
Лебедев Е.П.,ФМиЕН,доцент,к.н.
Попов Ж.Р.,ФРТ,ассистент,д.н.
Лебедева Л.О.,ФРТ,профессор,д.н.
Лебедев А.А.,ФУПМ,профессор,д.н.
Лебедева Г.Н.,ФУПМ,,к.н.
Иванов Ж.Р.,ФУПМ,,к.н.
Иванов Б.В.,ФУПМ,профессор,
Егоров Д.С.,ФМиМ,,
Соколов И.К.,ФЭТ,профессор,д.н.
Иванов Л.О.,ФРТ,ассистент,д.н.
Попов Ж.Р.,ФИТ,профессор,
Алексеев Б.В.,ФИВТ,ассистент,
Егоров З.Т.,ФФ,профессор,
Козлов Ж.Р.,ФФ,профессор,
Петров Л.О.,ФЭТ,профессор,к.н.
Иванов Г.Н.,ФМиМ,ассистент,д.н.
Козлов З.Т.,ИТМО,профессор,
Соколов Л.О.,ФИВТ,,д.н.
Попов М.Ю.,ФИТ,доцент,д.н.
Соколов А.А.,ФМиМ,ассистент,
Соколов К.М.,ИТМО,доцент,к.н.
Егоров А.А.,ФИТ,,к.н.
Смирнов Б.В.,ФФ,доцент,д.н.
Соколов Г.Н.,ИТМО,доцент,д.н.
Алексеев Д.С.,ФМиЕН,профессор,
Морозов М.Ю.,ФРТ,профессор,д.н.
Семенов М.Ю.,ФМиЕН,доцент,д.н.
Семенов И.К.,ФУПМ,,к.н.
Смирнов А.А.,ФФ,доцент,
Кузнецов В.И.,ФМиМ,доцент,
Морозов М.Ю.,ФМиМ,доцент,д.н.
Соколов Г.Н.,ФИТ,ассистент,
Морозов А.А.,ФЭТ,доцент,д.н.
Иванов И.К.,ФРТ,,д.н.
Волков Л.О.,ФПМИ,ассистент,
Новиков М.Ю.,ФИТ,,
Егоров Л.О.,ФЭТ,профессор,
Попов И.К.,ФМиЕН,,д.н.
Лебедева Г.Н.,ФМиМ,профессор,к.н.
Смирнов В.И.,ФРТ,профессор,к.н.
Соколов Г.Н.,ФИТ,ассистент,к.н.
Егоров Г.Н.,ФПМИ,профессор,д.н.
Морозов Д.С.,ФРТ,доцент,
Лебедева В.И.,ФУПМ,ассистент,д.н.
Кузнецов Л.О.,ФМиМ,доцент,к.н.
Волков М.Ю.,ФИТ,доцент,д.н.
Семенов И.К.,ФУПМ,доцент,
Новиков З.Т.,ФИВТ,профессор,к.н.
Смирнов К.М.,ФЭТ,,к.н.
Семенов М.Ю.,ФМиЕН,ассистент,к.н.
Лебедева Г.Н.,ИТМО,ассистент,д.н.
Волков В.И.,ФРТ,,к.н.
Кузнецов М.Ю.,ИТМО,доцент,д.н.
Морозов Б.В.,ФИВТ,профессор,д.н.
Соколов Е.П.,ФПМИ,профессор,к.н.
Кузнецов И.К.,ФМиМ,доцент,
Егоров З.Т.,ФРТ,доцент,к.н.
Семенов Ж.Р.,ИТМО,профессор,д.н.
Морозов Д.С.,ФЭТ,профессор,к.н.
Смирнов И.К.,ФИТ,доцент,д.н.
Петров К.М.,ФИТ,,д.н.
Лебедев И.К.,ФМиМ,доцент,
Морозов М.Ю.,ИТМО,,к.н.
Семенов Г.Н.,ФФ,,к.н.
Сидоров Е.П.,ФРТ,профессор,к.н.
Кузнецов М.Ю.,ФФ,профессор,к.н.
Петров Е.П.,ФМиЕН,,д.н.
Иванов М.Ю.,ФЭТ,ассистент,
Попов Г.Н.,ФЭТ,доцент,
Новиков Ж.Р.,ИТМО,доцент,
Иванов М.Ю.,ФИТ,,д.н.
Лебедев Л.О.,ФФ,ассистент,к.н.
Кузнецов Ж.Р.,ИТМО,доцент,д.н.
Алексеев Г.Н.,ФИТ,доцент,
Алексеев Ж.Р.,ФФ,доцент,к.н.
Козлов Е.П.,ИТМО,профессор,
Алексеев В.И.,ФФ,,
Смирнов Г.Н.,ФМиМ,,к.н.
Петров А.А.,ФМиЕН,профессор,д.н.
Алексеев Ж.Р.,ИТМО,ассистент,
Семенов А.А.,ФПМИ,доцент,к.н.
Соколов К.М.,ФПМИ,профессор,д.н.
Новиков Л.О.,ФИТ,ассистент,к.н.
Смирнов А.А.,ФРТ,ассистент,к.н.
Новиков З.Т.,ФИВТ,ассистент,д.н.
Петров З.Т.,ФФ,профессор,
Волков К.М.,ФИВТ,доцент,д.н.
Семенов Г.Н.,ФЭТ,профессор,к.н.
Попов З.Т.,ФПМИ,ассистент,
Волков К.М.,ФЭТ,профессор,
Иванов Б.В.,ФЭТ,профессор,
Алексеев Л.О.,ФИТ,ассистент,д.н.
Волков Б.В.,ФИТ,,
Кузнецов Е.П.,ФЭТ,профессор,к.н.
Новиков В.И.,ФМиМ,ассистент,д.н.
Соколов А.А.,ФМиМ,ассистент,д.н.
Иванов М.Ю.,ФЭТ,доцент,
Егоров В.И.,ФИТ,ассистент,
Сидоров М.Ю.,ФПМИ,,к.н.
Лебедева В.И.,ФЭТ,доцент,к.н.
Семенов Д.С.,ФМиМ,ассистент,д.н.
Новиков Е.П.,ФФ,профессор,д.н.
Кузнецов В.И.,ФМиЕН,доцент,д.н.
Волков И.К.,ФИТ,ассистент,к.н.
Смирнов Ж.Р.,ФУПМ,доцент,
Новиков З.Т.,ФИВТ,,д.н.
Алексеев М.Ю.,ФУПМ,,
Алексеев К.М.,ИТМО,ассистент,
Волков М.Ю.,ФУПМ,профессор,
Иванов Б.В.,ФМиМ,ассистент,к.н.
Кузнецов З.Т.,ФИВТ,доцент,д.н.
Семенов А.А.,ФМиЕН,ассистент,д.н.
Алексеев З.Т.,ИТМО,ассистент,д.н.
Морозов Д.С.,ИТМО,доцент,к.н.
Лебедева Г.Н.,ФУПМ,профессор,к.н.
Соколов Б.В.,ИТМО,,к.н.
Сидоров Ж.Р.,ФМиЕН,доцент,д.н.
Волков Д.С.,ФЭТ,профессор,к.н.
Егоров М.Ю.,ФМиЕН,профессор,
Соколов В.И.,ФИТ,профессор,к.н.
Сидоров Ж.Р.,ФПМИ,ассистент,к.н.
Иванов А.А.,ФИТ,доцент,к.н.
Волков В.И.,ФИВТ,профессор,к.н.
Иванов Г.Н.,ФЭТ,доцент,
Кузнецов З.Т.,ФИВТ,доцент,
Волков З.Т.,ФИВТ,,к.н.
Алексеев М.Ю.,ФЭТ,,к.н.
Соколов Е.П.,ФМиМ,профессор,к.н.
Петров А.А.,ФРТ,профессор,к.н.
Новиков М.Ю.,ФИВТ,доцент,к.н.
Иванов Д.С.,ФИВТ,профессор,к.н.
Егоров Ж.Р.,ФУПМ,,к.н.
Алексеев Е.П.,ФРТ,профессор,к.н.
Семенов З.Т.,ФУПМ,профессор,д.н.
Морозов И.К.,ФУПМ,ассистент,к.н.
Семенов Д.С.,ФМиЕН,профессор,
Иванов Л.О.,ИТМО,ассистент,
Попов Л.О.,ФПМИ,доцент,д.н.
Морозов В.И.,ФИТ,ассистент,
Смирнов К.М.,ФМиЕН,ассистент,д.н.
Морозов К.М.,ФМиЕН,,д.н.
Смирнов Д.С.,ФЭТ,доцент,к.н.
Петров Е.П.,ФПМИ,профессор,д.н.
Попов А.А.,ФМиЕН,,д.н.
Козлов Ж.Р.,ФМиМ,,к.н.
Егоров Л.О.,ФЭТ,ассистент,
Смирнов З.Т.,ФФ,ассистент,к.н.
Смирнов А.А.,ФМиЕН,,д.н.
Семенов Д.С.,ФИВТ,профессор,д.н.
Волков А.А.,ФМиМ,доцент,к.н.
Лебедев Ж.Р.,ФУПМ,профессор,к.н.
Смирнов Б.В.,ФПМИ,,к.н.
Лебедева А.А.,ФУПМ,,к.н.
Кузнецов И.К.,ИТМО,ассистент,
Егоров М.Ю.,ФИВТ,ассистент,д.н.
Семенов Д.С.,ФФ,профессор,
Петров З.Т.,ФФ,,
Егоров М.Ю.,ФУПМ,доцент,д.н.
Козлов К.М.,ФМиМ,ассистент,д.н.
Алексеев Б.В.,ФИВТ,доцент,
Смирнов Л.О.,ФРТ,,к.н.
Волков Д.С.,ФРТ,профессор,
Лебедев Б.В.,ИТМО,доцент,к.н.
Козлов В.И.,ФУПМ,доцент,
Соколов Е.П.,ФМиМ,,
Семенов К.М.,ФМиМ,доцент,д.н.
Петров И.К.,ФФ,профессор,
Морозов Б.В.,ФФ,профессор,д.н.
Семенов Д.С.,ФУПМ,доцент,д.н.
Егоров А.А.,ФМиЕН,доцент,д.н.
Соколов М.Ю.,ИТМО,профессор,
Соколов Д.С.,ИТМО,ассистент,д.н.
Кузнецов Г.Н.,ИТМО,профессор,
Козлов К.М.,ФИТ,ассистент,к.н.
Новиков Е.П.,ФИВТ,профессор,
Семенов Е.П.,ФМиЕН,доцент,
Сидоров Д.С.,ФИТ,,д.н.
Волков Ж.Р.,ФУПМ,ассистент,д.н.
Соколов Б.В.,ФФ,,
Семенов Ж.Р.,ФУПМ,профессор,д.н.
Лебедев Л.О.,ФЭТ,профессор,д.н.
Козлов Е.П.,ФЭТ,профессор,к.н.
Лебедев Г.Н.,ФМиМ,профессор,
Козлов В.И.,ФРТ,профессор,
Попов И.К.,ФМиЕН,доцент,к.н.
Попов М.Ю.,ФРТ,ассистент,к.н.
Волков А.А.,ФФ,ассистент,д.н.
Новиков А.А.,ФПМИ,,д.н.
Иванов И.К.,ИТМО,,д.н.
Смирнов Е.П.,ФФ,ассистент,
Смирнов А.А.,ФУПМ,ассистент,д.н.
Сидоров М.Ю.,ФИТ,доцент,к.н.
Сидоров Ж.Р.,ФМиМ,ассистент,к.н.
Егоров Е.П.,ФМиЕН,профессор,д.н.
Сидоров А.А.,ФМиЕН,ассистент,
Егоров Е.П.,ФФ,ассистент,
Кузнецов А.А.,ФИТ,доцент,
Новиков К.М.,ФФ,ассистент,
Лебедева М.Ю.,ФИВТ,профессор,д.н.
Лебедев К.М.,ФПМИ,профессор,к.н.
Козлов Ж.Р.,ИТМО,доцент,к.н.
Петров З.Т.,ФИВТ,,к.н.
Смирнов И.К.,ФПМИ,ассистент,д.н.
Сидоров М.Ю.,ФМиЕН,,
Соколов Е.П.,ФИТ,,
Алексеев Г.Н.,ФМиМ,ассистент,д.н.
Семенов Е.П.,ФРТ,ассистент,к.н.
Лебедева З.Т.,ФРТ,ассистент,
Козлов Д.С.,ФИТ,профессор,к.н.
Семенов Б.В.,ФМиЕН,профессор,
Лебедев А.А.,ФФ,ассистент,
Смирнов А.А.,ФУПМ,,к.н.
Смирнов В.И.,ФМиЕН,доцент,
Алексеев Л.О.,ФМиЕН,ассистент,д.н.
Семенов Л.О.,ФФ,доцент,д.н.
Волков Д.С.,ФЭТ,ассистент,к.н.
Волков Г.Н.,ФИТ,ассистент,
Егоров М.Ю.,ФПМИ,доцент,к.н.
Алексеев Ж.Р.,ФМиЕН,ассистент,к.н.
Лебедев К.М.,ФИТ,,
Новиков Е.П.,ФМиЕН,доцент,к.н.
Семенов М.Ю.,ФРТ,доцент,д.н.
Сидоров В.И.,ФИТ,ассистент,д.н.
Иванов М.Ю.,ФМиЕН,ассистент,д.н.
Алексеев А.А.,ФФ,ассистент,
Козлов Д.С.,ФИВТ,,
Семенов А.А.,ФМиМ,профессор,к.н.
Попов В.И.,ФРТ,ассистент,к.н.
Морозов М.Ю.,ФЭТ,доцент,д.н.
Кузнецов Л.О.,ФЭТ,доцент,д.н.
Сидоров И.К.,ФИТ,,д.н.
Егоров А.А.,ФФ,доцент,д.н.
Лебедева Ж.Р.,ФУПМ,доцент,
Алексеев Б.В.,ФИВТ,профессор,к.н.
Козлов Б.В.,ФРТ,,
Смирнов З.Т.,ИТМО,ассистент,к.н.
Кузнецов Л.О.,ФЭТ,,к.н.
Лебедева Е.П.,ФЭТ,профессор,д.н.
Лебедева Г.Н.,ФУПМ,ассистент,
Кузнецов И.К.,ФЭТ,доцент,
Петров Д.С.,ФМиЕН,,д.н.
Волков А.А.,ФУПМ,профессор,
Петров К.М.,ФЭТ,,д.н.
Лебедева А.А.,ИТМО,,д.н.
Попов И.К.,ФИВТ,,д.н.
Егоров З.Т.,ФЭТ,,д.н.
Лебедев А.А.,ФМиМ,профессор,д.н.
Петров К.М.,ФИТ,профессор,
Соколов К.М.,ФИТ,ассистент,д.н.
Петров Г.Н.,ФИТ,доцент,д.н.
Алексеев Г.Н.,ФМиМ,ассистент,
Новиков Г.Н.,ФУПМ,ассистент,д.н.
Алексеев Л.О.,ФЭТ,профессор,д.н.
Козлов И.К.,ФИТ,,
Козлов Л.О.,ФПМИ,,к.н.
Семенов М.Ю.,ФЭТ,доцент,к.н.
Козлов Д.С.,ФМиЕН,профессор,к.н.
Сидоров В.И.,ИТМО,профессор,д.н.
Семенов В.И.,ФМиЕН,доцент,
Семенов И.К.,ФМиМ,,к.н.
Морозов В.И.,ФПМИ,,
Кузнецов Б.В.,ИТМО,доцент,к.н.
Соколов И.К.,ФМиМ,профессор,д.н.
Волков Л.О.,ФМиМ,ассистент,к.н.
Смирнов А.А.,ФФ,,к.н.
Сидоров В.И.,ФРТ,доцент,
Семенов Е.П.,ФФ,доцент,к.н.
Петров А.А.,ФФ,профессор,д.н.
Козлов Г.Н.,ФИВТ,ассистент,к.н.
Кузнецов Д.С.,ФУПМ,доцент,д.н.
Сидоров Е.П.,ФМиМ,ассистент,
Соколов Д.С.,ФИВТ,доцент,д.н.
Лебедев В.И.,ФМиМ,доцент,к.н.
Сидоров Д.С.,ФЭТ,доцент,
Смирнов М.Ю.,ИТМО,,д.н.
Волков З.Т.,ФПМИ,ассистент,
Смирнов И.К.,ИТМО,,д.н.
Кузнецов Ж.Р.,ФРТ,доцент,
Лебедева Ж.Р.,ФМиЕН,,
Егоров Ж.Р.,ФИВТ,,
Козлов Л.О.,ФМиЕН,профессор,к.н.
Кузнецов М.Ю.,ФИТ,доцент,к.н.
Попов М.Ю.,ФИТ,ассистент,
Семенов А.А.,ФМиЕН,профессор,
Лебедева К.М.,ФИВТ,профессор,к.н.
Егоров В.И.,ФФ,профессор,д.н.
Иванов Е.П.,ФМиМ,профессор,д.н.
Егоров М.Ю.,ФИТ,,к.н.
Морозов А.А.,ИТМО,ассистент,д.н.
Лебедев И.К.,ФМиМ,,д.н.
Новиков К.М.,ФРТ,доцент,
Смирнов И.К.,ФМиМ,профессор,д.н.
Новиков Ж.Р.,ФЭТ,,
Кузнецов М.Ю.,ФИВТ,,
Иванов К.М.,ФЭТ,ассистент,к.н.
Новиков В.И.,ИТМО,доцент,
Петров К.М.,ФМиМ,доцент,к.н.
Новиков З.Т.,ФМиМ,доцент,д.н.
Козлов З.Т.,ФПМИ,,
Волков Д.С.,ФУПМ,ассистент,к.н.
Иванов А.А.,ФИВТ,доцент,
Семенов Г.Н.,ФУПМ,ассистент,
Новиков И.К.,ФМиЕН,ассистент,к.н.
Волков В.И.,ФИТ,профессор,
Попов М.Ю.,ИТМО,,д.н.
Морозов А.А.,ФПМИ,ассистент,
Новиков Д.С.,ФПМИ,,
Егоров Ж.Р.,ФУПМ,ассистент,д.н.
Сидоров К.М.,ФРТ,доцент,д.н.
Морозов Ж.Р.,ФПМИ,ассистент,
Сидоров Ж.Р.,ФИВТ,,д.н.
Семенов Б.В.,ФРТ,,д.н.
Смирнов М.Ю.,ФМиЕН,доцент,д.н.
Егоров З.Т.,ФУПМ,ассистент,
Морозов М.Ю.,ФМиЕН,доцент,
Алексеев Б.В.,ФМиМ,профессор,д.н.
Морозов Д.С.,ФПМИ,профессор,к.н.
Кузнецов Л.О.,ФМиМ,,
Семенов З.Т.,ФЭТ,,
Петров В.И.,ФМиМ,,к.н.
Иванов И.К.,ИТМО,ассистент,д.н.
Смирнов А.А.,ФМиЕН,доцент,к.н.
Попов Е.П.,ФИТ,,
Новиков М.Ю.,ФПМИ,профессор,
Морозов Д.С.,ФМиЕН,доцент,
Новиков Д.С.,ФМиЕН,,
Лебедева Ж.Р.,ФЭТ,,д.н.
Новиков Е.П.,ИТМО,профессор,к.н.
Морозов Е.П.,ФУПМ,профессор,
Попов Д.С.,ФРТ,ассистент,к.н.
Лебедева Г.Н.,ФМиЕН,доцент,
Семенов Ж.Р.,ИТМО,профессор,
Кузнецов З.Т.,ФМиЕН,,к.н.
Морозов Ж.Р.,ФМиМ,профессор,д.н.
Козлов Д.С.,ФИВТ,,д.н.
Смирнов М.Ю.,ИТМО,,д.н.
Лебедева Г.Н.,ФРТ,ассистент,к.н.
Морозов Б.В.,ФУПМ,ассистент,д.н.
Козлов А.А.,ФМиМ,доцент,д.н.
Лебедева Ж.Р.,ФМиЕН,ассистент,
Лебедева Д.С.,ФИТ,профессор,д.н.
Волков Г.Н.,ФУПМ,ассистент,
Лебедев Ж.Р.,ФЭТ,доцент,к.н.
Петров В.И.,ФПМИ,ассистент,
Петров М.Ю.,ФЭТ,ассистент,
Кузнецов Ж.Р.,ФЭТ,ассистент,д.н.
Соколов К.М.,ФФ,ассистент,д.н.
Егоров Е.П.,ФФ,ассистент,к.н.
Соколов Г.Н.,ФПМИ,профессор,к.н.
Егоров Д.С.,ФУПМ,,
Морозов Ж.Р.,ФИТ,ассистент,д.н.
Алексеев Ж.Р.,ФМиМ,профессор,к.н.
Егоров Б.В.,ИТМО,профессор,
Петров В.И.,ИТМО,ассистент,д.н.
Семенов В.И.,ФМиЕН,доцент,
Смирнов Ж.Р.,ФИТ,ассистент,
Лебедев Д.С.,ФРТ,,
Попов М.Ю.,ФМиМ,ассистент,
Алексеев Б.В.,ФИВТ,профессор,
Кузнецов М.Ю.,ФУПМ,доцент,д.н.
Егоров Ж.Р.,ФМиМ,ассистент,
Егоров Ж.Р.,ФРТ,ассистент,к.н.
Кузнецов Е.П.,ФМиЕН,доцент,д.н.
Сидоров Д.С.,ФМиМ,,д.н.
Сидоров Д.С.,ФЭТ,,
Лебедева Л.О.,ИТМО,доцент,д.н.
Алексеев И.К.,ФИТ,,
Лебедева Ж.Р.,ФРТ,,к.н.
Сидоров А.А.,ФФ,доцент,д.н.
Попов Ж.Р.,ИТМО,ассистент,
Кузнецов М.Ю.,ФМиМ,профессор,
Иванов Ж.Р.,ФМиМ,доцент,д.н.
Соколов М.Ю.,ИТМО,,к.н.
Волков М.Ю.,ФМиМ,ассистент,д.н.
Смирнов З.Т.,ФИВТ,профессор,д.н.
Попов Б.В.,ФУПМ,,д.н.
Соколов М.Ю.,ФИТ,профессор,к.н.
Семенов Ж.Р.,ФИВТ,,д.н.
Лебедев Л.О.,ФМиМ,профессор,д.н.
Морозов Д.С.,ФМиМ,профессор,д.н.
Соколов Г.Н.,ФЭТ,,д.н.
Кузнецов Б.В.,ФПМИ,,к.н.
Сидоров Б.В.,ИТМО,,
Новиков А.А.,ФМиМ,ассистент,
Новиков К.М.,ФПМИ,,д.н.
Лебедева Г.Н.,ФМиМ,профессор,к.н.
Новиков Г.Н.,ИТМО,доцент,к.н.
Лебедева Г.Н.,ФМиМ,,
Иванов Е.П.,ИТМО,,д.н.
Лебедева Д.С.,ФМиЕН,ассистент,
Лебедев Л.О.,ФИТ,ассистент,
Семенов Д.С.,ФМиМ,,
Попов К.М.,ФРТ,ассистент,д.н.
Иванов И.К.,ФМиМ,ассистент,к.н.
Попов Ж.Р.,ФИВТ,ассистент,д.н.
Кузнецов Г.Н.,ФПМИ,ассистент,
Смирнов Д.С.,ФИТ,доцент,к.н.
Козлов И.К.,ФРТ,ассистент,д.н.
Козлов Е.П.,ФМиМ,профессор,к.н.
Соколов А.А.,ФИТ,,
Кузнецов Б.В.,ФРТ,доцент,к.н.
Волков Д.С.,ФФ,,
Иванов Е.П.,ФМиМ,,д.н.
Иванов Д.С.,ИТМО,доцент,
Попов Д.С.,ФРТ,ассистент,к.н.
Петров Б.В.,ФПМИ,доцент,д.н.
Алексеев Г.Н.,ИТМО,,д.н.
Петров Г.Н.,ФМиМ,ассистент,д.н.
Сидоров Л.О.,ФЭТ,профессор,
Соколов И.К.,ФУПМ,ассистент,д.н.
Соколов З.Т.,ИТМО,,
Петров В.И.,ФЭТ,ассистент,к.н.
Соколов М.Ю.,ФЭТ,ассистент,
Алексеев В.И.,ФЭТ,доцент,д.н.
Иванов З.Т.,ИТМО,доцент,
Морозов К.М.,ФФ,доцент,
Новиков А.А.,ФМиЕН,профессор,
Лебедев Л.О.,ФФ,,
Сидоров К.М.,ФМиМ,доцент,д.н.
Смирнов К.М.,ФЭТ,профессор,
Волков А.А.,ФИТ,,
Петров Ж.Р.,ФУПМ,ассистент,к.н.
Семенов В.И.,ФЭТ,ассистент,
Петров М.Ю.,ФФ,доцент,
Кузнецов А.А.,ФРТ,ассистент,к.н.
Козлов А.А.,ФЭТ,доцент,д.н.
Морозов В.И.,ИТМО,,д.н.
Егоров А.А.,ФМиЕН,,к.н.
Смирнов Г.Н.,ФУПМ,,д.н.
Козлов Г.Н.,ФФ,ассистент,д.н.
Соколов Б.В.,ФПМИ,,к.н.
Кузнецов Е.П.,ФИТ,ассистент,д.н.
Семенов И.К.,ФИВТ,,д.н.
Волков Л.О.,ФУПМ,,
Морозов А.А.,ФЭТ,профессор,к.н.
Егоров Б.В.,ФМиМ,ассистент,
Сидоров В.И.,ФЭТ,,д.н.
Попов Г.Н.,ФФ,доцент,
Лебедева В.И.,ФФ,профессор,к.н.
Новиков Ж.Р.,ФФ,профессор,д.н.
Егоров А.А.,ФПМИ,,к.н.
Сидоров К.М.,ФПМИ,доцент,к.н.
Козлов Б.В.,ИТМО,,д.н.
Алексеев Л.О.,ИТМО,доцент,д.н.
Сидоров В.И.,ФРТ,,
Волков В.И.,ИТМО,ассистент,к.н.
Сидоров Ж.Р.,ФЭТ,ассистент,
Сидоров Б.В.,ИТМО,,к.н.
Морозов И.К.,ИТМО,,к.н.
Егоров Е.П.,ФФ,профессор,к.н.
Волков И.К.,ФМиЕН,профессор,д.н.
Петров Г.Н.,ФУПМ,профессор,к.н.
Новиков Е.П.,ФРТ,,к.н.
Попов И.К.,ФФ,профессор,д.н.
Алексеев К.М.,ФПМИ,доцент,к.н.
Смирнов Г.Н.,ФИТ,доцент,к.н.
Попов А.А.,ФФ,доцент,
Кузнецов Е.П.,ФПМИ,профессор,д.н.
Новиков В.И.,ФИТ,профессор,к.н.
Егоров Л.О.,ФРТ,профессор,
Морозов В.И.,ФМиМ,профессор,к.н.
Егоров Л.О.,ФИВТ,,
Попов И.К.,ИТМО,,к.н.
Морозов Л.О.,ФПМИ,,д.н.
Козлов Д.С.,ИТМО,,д.н.
Соколов Б.В.,ФМиМ,ассистент,
Смирнов Л.О.,ФИТ,профессор,
Семенов Б.В.,ФРТ,,
Лебедев И.К.,ФИВТ,ассистент,д.н.
Алексеев Д.С.,ФЭТ,ассистент,
Козлов Д.С.,ФМиМ,профессор,д.н.
Егоров Л.О.,ФМиМ,ассистент,к.н.
Алексеев З.Т.,ФМиМ,доцент,к.н.
Морозов Г.Н.,ФМиЕН,ассистент,к.н.
Волков Г.Н.,ФМиМ,профессор,к.н.
Смирнов З.Т.,ФУПМ,доцент,
Иванов М.Ю.,ФИВТ,ассистент,д.н.
Сидоров Д.С.,ФЭТ,профессор,
Лебедев З.Т.,ФИТ,профессор,к.н.
Сидоров Д.С.,ФМиМ,доцент,к.н.
Алексеев А.А.,ФУПМ,,
Волков В.И.,ФПМИ,профессор,к.н.
Лебедев М.Ю.,ИТМО,,
Попов А.А.,ФИВТ,ассистент,к.н.
Новиков З.Т.,ФПМИ,,
Семенов В.И.,ФРТ,ассистент,д.н.
Семенов К.М.,ФИВТ,ассистент,к.н.
Кузнецов А.А.,ФМиЕН,,к.н.
Волков Г.Н.,ФИВТ,доцент,к.н.
Кузнецов Б.В.,ФРТ,профессор,к.н.
Соколов М.Ю.,ФЭТ,доцент,
Новиков Б.В.,ИТМО,доцент,к.н.
Попов В.И.,ФПМИ,доцент,к.н.
Смирнов К.М.,ФМиМ,доцент,
Лебедева Б.В.,ФРТ,ассистент,к.н.
Сидоров Г.Н.,ФУПМ,профессор,д.н.
Семенов Ж.Р.,ФЭТ,доцент,к.н.
Попов Б.В.,ФЭТ,профессор,к.н.
Смирнов В.И.,ФРТ,доцент,д.н.
Семенов М.Ю.,ИТМО,доцент,
Новиков Е.П.,ФПМИ,ассистент,к.н.
Лебедев З.Т.,ФИВТ,ассистент,к.н.
Сидоров Е.П.,ФМиМ,,
Попов З.Т.,ФМиЕН,доцент,
Семенов Ж.Р.,ФИТ,профессор,д.н.
Лебедева И.К.,ФИТ,ассистент,
Волков А.А.,ФЭТ,доцент,к.н.
Сидоров Б.В.,ФЭТ,доцент,к.н.
Попов З.Т.,ФРТ,доцент,к.н.
Лебедев Л.О.,ФРТ,,
Кузнецов Г.Н.,ФРТ,доцент,к.н.
Кузнецов Ж.Р.,ФПМИ,доцент,к.н.
Егоров А.А.,ФРТ,ассистент,к.н.
Соколов М.Ю.,ФЭТ,профессор,
Сидоров Ж.Р.,ФРТ,ассистент,к.н.
Попов И.К.,ФИТ,доцент,д.н.
Алексеев М.Ю.,ФМиЕН,профессор,
Соколов М.Ю.,ФПМИ,ассистент,
Попов З.Т.,ФИТ,,д.н.
Волков М.Ю.,ФМиЕН,ассистент,к.н.
Лебедев Д.С.,ФЭТ,профессор,д.н.
Кузнецов М.Ю.,ФУПМ,,
Морозов К.М.,ФИТ,профессор,
Морозов К.М.,ФРТ,,
Морозов Е.П.,ФЭТ,доцент,
Морозов З.Т.,ФМиЕН,ассистент,д.н.
Семенов К.М.,ФУПМ,доцент,к.н.
Петров Ж.Р.,ФИВТ,профессор,д.н.
Морозов К.М.,ФИТ,ассистент,д.н.
Смирнов З.Т.,ФМиМ,ассистент,д.н.
Смирнов А.А.,ФЭТ,профессор,д.н.
Козлов Г.Н.,ФУПМ,,
Морозов Д.С.,ФИТ,доцент,к.н.
Алексеев Б.В.,ФФ,доцент,к.н.
Лебедева К.М.,ФУПМ,ассистент,к.н.
Алексеев Г.Н.,ФИВТ,,
Иванов Е.П.,ФПМИ,профессор,д.н.
Лебедева А.А.,ФМиМ,ассистент,к.н.
Соколов И.К.,ФПМИ,,
Сидоров Л.О.,ФУПМ,ассистент,д.н.
Морозов Л.О.,ФЭТ,ассистент,
Алексеев Б.В.,ФМиМ,доцент,к.н.
Смирнов Л.О.,ФИТ,,д.н.
Алексеев Е.П.,ФИТ,профессор,к.н.
Семенов Ж.Р.,ИТМО,доцент,д.н.
Егоров Д.С.,ФРТ,профессор,
Лебедева Ж.Р.,ФПМИ,профессор,
Сидоров Г.Н.,ФУПМ,доцент,к.н.
Петров Е.П.,ИТМО,профессор,д.н.
Попов М.Ю.,ФИТ,,к.н.
Лебедев Г.Н.,ФМиЕН,,к.н.
Козлов Г.Н.,ФМиЕН,,к.н.
Сидоров Б.В.,ФПМИ,доцент,д.н.
Егоров М.Ю.,ФПМИ,ассистент,
Кузнецов К.М.,ФПМИ,профессор,д.н.
Лебедева Л.О.,ФМиМ,ассистент,д.н.
Петров И.К.,ФРТ,,д.н.
Семенов А.А.,ФИТ,,к.н.
Алексеев Ж.Р.,ФИТ,доцент,
Егоров В.И.,ФМиЕН,,к.н.
Волков М.Ю.,ИТМО,ассистент,к.н.
Петров Л.О.,ФИТ,профессор,к.н.
Сидоров В.И.,ФИВТ,профессор,
Алексеев Л.О.,ФМиЕН,профессор,к.н.
Морозов И.К.,ФРТ,,д.н.
Морозов Ж.Р.,ФПМИ,доцент,д.н.
Смирнов А.А.,ФФ,ассистент,
Попов Б.В.,ФРТ,профессор,
Соколов Е.П.,ФМиМ,,к.н.
Егоров Е.П.,ФПМИ,доцент,д.н.
Козлов З.Т.,ФРТ,доцент,к.н.
Соколов А.А.,ФФ,ассистент,к.н.
Лебедев Л.О.,ФИТ,ассистент,
Петров З.Т.,ФФ,,д.н.
Иванов В.И.,ФЭТ,,д.н.
Петров М.Ю.,ФРТ,доцент,к.н.
Сидоров В.И.,ФПМИ,,к.н.
Лебедева Ж.Р.,ИТМО,профессор,д.н.
Лебедева М.Ю.,ФМиМ,,к.н.
Семенов Ж.Р.,ФМиМ,доцент,д.н.
Новиков И.К.,ФМиЕН,ассистент,к.н.
Лебедева З.Т.,ФРТ,ассистент,к.н.
Егоров В.И.,ФФ,доцент,к.н.
Морозов А.А.,ФМиЕН,,
Сидоров М.Ю.,ФМиМ,доцент,к.н.
Сидоров З.Т.,ИТМО,доцент,к.н.
Козлов З.Т.,ФРТ,,к.н.
Морозов З.Т.,ФУПМ,ассистент,д.н.
Волков Е.П.,ФРТ,доцент,д.н.
Лебедев А.А.,ФМиЕН,профессор,д.н.
Алексеев Б.В.,ФИВТ,доцент,
Смирнов Е.П.,ФУПМ,,
Смирнов В.И.,ФМиМ,профессор,д.н.
Попов В.И.,ИТМО,ассистент,д.н.
Лебедева К.М.,ФПМИ,профессор,к.н.
Морозов Е.П.,ФИВТ,профессор,
Кузнецов Б.В.,ФИТ,,
Алексеев Г.Н.,ФУПМ,,
Иванов З.Т.,ИТМО,доцент,к.н.
Морозов Ж.Р.,ФМиМ,профессор,
Новиков В.И.,ФПМИ,,
Лебедева И.К.,ФРТ,ассистент,к.н.
Кузнецов Ж.Р.,ФИВТ,ассистент,к.н.
Лебедев К.М.,ФИТ,доцент,д.н.
Егоров К.М.,ФРТ,доцент,к.н.
Алексеев Д.С.,ФФ,доцент,к.н.
Алексеев Е.П.,ФФ,,
Петров К.М.,ФЭТ,доцент,к.н.
Егоров Л.О.,ФПМИ,ассистент,д.н.
Сидоров А.А.,ФИВТ,,д.н.
Иванов И.К.,ФРТ,,к.н.
Алексеев Е.П.,ФУПМ,,д.н.
Алексеев Д.С.,ФИВТ,ассистент,д.н.
Попов А.А.,ФУПМ,ассистент,
Попов В.И.,ФЭТ,доцент,
Семенов Б.В.,ИТМО,доцент,
Смирнов Б.В.,ФМиЕН,доцент,
Волков Д.С.,ФФ,,к.н.
Иванов Е.П.,ФЭТ,,д.н.
Козлов Г.Н.,ФМиЕН,профессор,
Волков А.А.,ФРТ,профессор,
Егоров В.И.,ФМиЕН,,к.н.
Кузнецов Д.С.,ФПМИ,профессор,
Козлов Л.О.,ФПМИ,ассистент,
Лебедев Е.П.,ФМиМ,доцент,д.н.
Козлов Б.В.,ФИВТ,профессор,д.н.
Петров Г.Н.,ФПМИ,ассистент,д.н.
Петров К.М.,ФУПМ,профессор,
Попов И.К.,ФМиЕН,профессор,
Семенов Ж.Р.,ФФ,доцент,д.н.
Иванов В.И.,ФРТ,,д.н.
Морозов Ж.Р.,ФМиЕН,доцент,
Попов И.К.,ФПМИ,доцент,д.н.
Морозов М.Ю.,ФМиЕН,,к.н.
Лебедева В.И.,ФУПМ,профессор,к.н.
Лебедева И.К.,ФИВТ,,к.н.
Кузнецов В.И.,ФУПМ,профессор,
Петров В.И.,ФПМИ,ассистент,д.н.
Соколов И.К.,ФИВТ,ассистент,к.н.
Козлов Д.С.,ФРТ,,д.н.
Иванов Е.П.,ФРТ,профессор,д.н.
Семенов Д.С.,ФФ,профессор,
Новиков Д.С.,ФРТ,ассистент,
Попов В.И.,ФЭТ,ассистент,к.н.
Сидоров З.Т.,ФЭТ,доцент,д.н.
Попов К.М.,ФМиМ,профессор,
Сидоров К.М.,ФЭТ,,
Лебедев Г.Н.,ФУПМ,профессор,
Морозов М.Ю.,ИТМО,,к.н.
Иванов А.А.,ФПМИ,,к.н.
Волков Г.Н.,ФИВТ,ассистент,
Морозов В.И.,ФЭТ,ассистент,д.н.
Егоров Е.П.,ФУПМ,доцент,д.н.
Алексеев И.К.,ИТМО,,к.н.
Петров З.Т.,ФМиМ,ассистент,д.н.
Морозов Г.Н.,ФМиМ,,
Лебедева Л.О.,ФФ,,
Сидоров И.К.,ИТМО,профессор,
Новиков Л.О.,ФРТ,,к.н.
Лебедева Л.О.,ФИВТ,,
Соколов А.А.,ФФ,профессор,
Попов К.М.,ФМиМ,профессор,к.н.
Морозов Ж.Р.,ФУПМ,,к.н.
Лебедев Б.В.,ФУПМ,,
Морозов Г.Н.,ФПМИ,доцент,к.н.
Егоров Б.В.,ФМиМ,,
Иванов Г.Н.,ФУПМ,доцент,к.н.
Лебедев Ж.Р.,ФИТ,профессор,к.н.
Смирнов З.Т.,ФИВТ,профессор,
Петров Е.П.,ФРТ,профессор,к.н.
Лебедев Б.В.,ФЭТ,профессор,к.н.
Попов А.А.,ФПМИ,,
Петров З.Т.,ФРТ,профессор,к.н.
Егоров М.Ю.,ФИТ,ассистент,д.н.
Сидоров Е.П.,ФМиЕН,,д.н.
Егоров В.И.,ФИТ,профессор,д.н.
Смирнов И.К.,ФМиЕН,доцент,к.н.
Кузнецов Г.Н.,ФЭТ,доцент,к.н.
Кузнецов Д.С.,ФРТ,,к.н.
Семенов Д.С.,ФФ,ассистент,д.н.
Иванов Ж.Р.,ФИТ,доцент,к.н.
Петров Д.С.,ФУПМ,профессор,к.н.
Кузнецов Ж.Р.,ФЭТ,ассистент,д.н.
Петров И.К.,ФМиЕН,ассистент,д.н.
Смирнов Л.О.,ФУПМ,,
Волков Ж.Р.,ИТМО,,
Козлов Г.Н.,ФМиЕН,ассистент,к.н.
Лебедев Г.Н.,ФПМИ,ассистент,к.н.
Новиков Г.Н.,ФИВТ,,
Егоров Д.С.,ФПМИ,профессор,
Лебедев Б.В.,ФФ,доцент,к.н.
Кузнецов Ж.Р.,ФИВТ,,к.н.
Козлов В.И.,ИТМО,профессор,д.н.
Лебедева Д.С.,ФПМИ,ассистент,
Егоров В.И.,ФИТ,,
Лебедева А.А.,ФМиЕН,ассистент,к.н.
Егоров Б.В.,ФМиЕН,доцент,д.н.
Соколов И.К.,ФМиЕН,,
Сидоров М.Ю.,ФУПМ,ассистент,д.н.
Егоров А.А.,ФЭТ,профессор,к.н.
Семенов З.Т.,ФМиЕН,доцент,
Алексеев Л.О.,ФМиМ,ассистент,к.н.
Кузнецов Г.Н.,ФМиЕН,профессор,к.н.
Семенов И.К.,ФУПМ,доцент,
Сидоров А.А.,ФФ,профессор,д.н.
Петров К.М.,ФИВТ,доцент,к.н.
Иванов А.А.,ФРТ,,к.н.
Козлов В.И.,ФПМИ,профессор,к.н.
Новиков Ж.Р.,ФИВТ,профессор,
Петров Д.С.,ФМиЕН,,д.н.
Семенов Г.Н.,ФМиЕН,профессор,
Алексеев З.Т.,ФЭТ,профессор,д.н.
Волков Е.П.,ФМиМ,профессор,
Козлов Ж.Р.,ФУПМ,ассистент,д.н.
Лебедев Б.В.,ФПМИ,ассистент,
Лебедев Г.Н.,ИТМО,ассистент,к.н.
Кузнецов М.Ю.,ФРТ,ассистент,к.н.
Сидоров К.М.,ФЭТ,ассистент,к.н.
Петров К.М.,ФМиЕН,доцент,д.н.
Петров Б.В.,ФИТ,профессор,д.н.
Семенов Г.Н.,ФЭТ,ассистент,д.н.
Сидоров Д.С.,ФРТ,,к.н.
Алексеев А.А.,ФИВТ,профессор,
Сидоров Е.П.,ФМиЕН,,д.н.
Иванов З.Т.,ИТМО,профессор,д.н.
Лебедева Ж.Р.,ФУПМ,ассистент,
Лебедев А.А.,ФПМИ,профессор,д.н.
Волков Л.О.,ФИТ,профессор,к.н.
Кузнецов М.Ю.,ИТМО,профессор,к.н.
Волков К.М.,ФУПМ,,
Козлов Л.О.,ФМиЕН,доцент,
Семенов К.М.,ФЭТ,профессор,к.н.
Алексеев Д.С.,ФЭТ,доцент,
Алексеев А.А.,ФМиМ,профессор,к.н.
Соколов Е.П.,ФМиМ,профессор,
Волков И.К.,ФМиМ,доцент,к.н.
Лебедева В.И.,ИТМО,,
Петров В.И.,ФИВТ,доцент,д.н.
Иванов З.Т.,ФМиЕН,профессор,
Сидоров И.К.,ФИВТ,доцент,к.н.
Егоров Б.В.,ФРТ,доцент,д.н.
Новиков А.А.,ФРТ,профессор,к.н.
Петров М.Ю.,ФЭТ,ассистент,
Смирнов Е.П.,ФМиЕН,,д.н.
Попов А.А.,ФЭТ,,д.н.
Смирнов Ж.Р.,ИТМО,ассистент,д.н.
Волков К.М.,ИТМО,ассистент,
Новиков В.И.,ФИТ,,
Петров М.Ю.,ФИВТ,,
Попов Ж.Р.,ФИВТ,профессор,д.н.
Козлов В.И.,ФИТ,,к.н.
Алексеев В.И.,ФПМИ,ассистент,к.н.
Козлов А.А.,ФПМИ,,
Егоров К.М.,ФЭТ,ассистент,д.н.
Козлов Д.С.,ФМиМ,ассистент,д.н.
Попов А.А.,ФЭТ,профессор,
Козлов Е.П.,ФМиЕН,профессор,
Семенов В.И.,ФЭТ,профессор,д.н.
Иванов Ж.Р.,ФИВТ,доцент,к.н.
Кузнецов А.А.,ФМиЕН,ассистент,к.н.
Семенов Г.Н.,ФЭТ,доцент,к.н.
Козлов Ж.Р.,ФМиЕН,доцент,к.н.
Алексеев Ж.Р.,ФЭТ,профессор,к.н.
Кузнецов Д.С.,ФПМИ,доцент,к.н.
Новиков В.И.,ФПМИ,,д.н.
Петров А.А.,ФМиМ,доцент,к.н.
Смирнов Е.П.,ФИВТ,доцент,
Соколов Г.Н.,ФМиМ,,д.н.
Смирнов З.Т.,ФМиЕН,профессор,к.н.
Новиков Ж.Р.,ФИВТ,,к.н.
Волков И.К.,ФРТ,ассистент,к.н.
Морозов В.И.,ФЭТ,доцент,д.н.
Козлов Е.П.,ФМиМ,ассистент,
Иванов И.К.,ФУПМ,профессор,
Попов В.И.,ИТМО,ассистент,к.н.
Козлов К.М.,ФУПМ,профессор,д.н.
Семенов Ж.Р.,ФМиЕН,профессор,д.н.
Новиков К.М.,ФИВТ,профессор,к.н.
Новиков К.М.,ФРТ,,д.н.
Сидоров З.Т.,ФУПМ,ассистент,
Соколов В.И.,ИТМО,доцент,д.н.
Новиков А.А.,ФРТ,профессор,
Егоров К.М.,ИТМО,ассистент,д.н.
Новиков Е.П.,ФМиЕН,,
Петров А.А.,ФЭТ,профессор,д.н.
Новиков М.Ю.,ФРТ,ассистент,к.н.
Кузнецов К.М.,ФИВТ,ассистент,к.н.
Сидоров М.Ю.,ФРТ,ассистент,к.н.
Волков В.И.,ФФ,профессор,к.н.
Новиков Л.О.,ФРТ,доцент,
Семенов Г.Н.,ФУПМ,профессор,
Семенов А.А.,ФМиЕН,,
Кузнецов З.Т.,ФФ,доцент,к.н.
Иванов Л.О.,ФИВТ,ассистент,
Попов М.Ю.,ФФ,,к.н.
Новиков М.Ю.,ФИТ,доцент,д.н.
Козлов Г.Н.,ФЭТ,ассистент,
Петров В.И.,ФУПМ,профессор,к.н.
Соколов В.И.,ФИВТ,доцент,д.н.
Лебедев В.И.,ИТМО,профессор,д.н.
Морозов Ж.Р.,ФИТ,доцент,д.н.
Волков В.И.,ФЭТ,профессор,
Волков К.М.,ФРТ,,
Морозов З.Т.,ФПМИ,ассистент,к.н.
Волков М.Ю.,ФПМИ,профессор,к.н.
Алексеев И.К.,ФРТ,доцент,д.н.
Иванов Л.О.,ФЭТ,ассистент,д.н.
Семенов Д.С.,ФЭТ,доцент,д.н.
Смирнов А.А.,ФУПМ,профессор,
Соколов Б.В.,ИТМО,профессор,
Козлов Ж.Р.,ФИВТ,ассистент,
Сидоров З.Т.,ФЭТ,,
Соколов Ж.Р.,ФИТ,,к.н.
Лебедева Е.П.,ФИТ,,к.н.
Смирнов М.Ю.,ФФ,,к.н.
Лебедев К.М.,ФМиМ,,к.н.
Петров Е.П.,ФМиЕН,ассистент,д.н.
Лебедев З.Т.,ФМиМ,ассистент,
Кузнецов З.Т.,ФМиМ,доцент,д.н.
Новиков А.А.,ФМиЕН,доцент,к.н.
Сидоров К.М.,ФЭТ,ассистент,д.н.
Козлов Ж.Р.,ФИВТ,ассистент,
Сидоров А.А.,ФФ,ассистент,к.н.
Сидоров Л.О.,ФМиМ,,
Семенов И.К.,ФЭТ,ассистент,
Семенов И.К.,ФРТ,,
Смирнов В.И.,ФФ,доцент,к.н.
Лебедев Ж.Р.,ИТМО,профессор,д.н.
Смирнов З.Т.,ФПМИ,профессор,д.н.
Смирнов Д.С.,ИТМО,профессор,д.н.
Егоров М.Ю.,ФУПМ,профессор,к.н.
Козлов Ж.Р.,ФИВТ,ассистент,к.н.
Кузнецов К.М.,ФИВТ,,д.н.
Волков Д.С.,ФПМИ,ассистент,д.н.
Соколов Л.О.,ФИТ,доцент,
Лебедев В.И.,ФЭТ,профессор,
Петров А.А.,ФПМИ,,к.н.
Петров Ж.Р.,ФМиЕН,доцент,д.н.
Смирнов Д.С.,ФПМИ,доцент,
Смирнов Г.Н.,ИТМО,доцент,к.н.
Семенов Е.П.,ФМиМ,профессор,к.н.
Соколов В.И.,ФУПМ,ассистент,д.н.
Алексеев К.М.,ФПМИ,доцент,д.н.
Смирнов В.И.,ФРТ,ассистент,д.н.
Егоров К.М.,ФМиЕН,ассистент,
Семенов В.И.,ФУПМ,ассистент,д.н.
Морозов Г.Н.,ФИВТ,,к.н.
Лебедева Л.О.,ФИВТ,доцент,к.н.
Волков Ж.Р.,ИТМО,,
Кузнецов К.М.,ФЭТ,профессор,д.н.
Волков Г.Н.,ФИВТ,ассистент,д.н.
Смирнов Д.С.,ФПМИ,профессор,д.н.
Кузнецов К.М.,ФИВТ,,
Волков З.Т.,ФФ,доцент,к.н.
Смирнов К.М.,ФМиЕН,профессор,
Попов Л.О.,ФМиЕН,,д.н.
Егоров А.А.,ИТМО,профессор,к.н.
Морозов М.Ю.,ИТМО,,д.н.
Попов Г.Н.,ФМиЕН,профессор,д.н.
Иванов А.А.,ФИТ,,
Лебедева А.А.,ФПМИ,доцент,д.н.
Попов Е.П.,ФИВТ,доцент,к.н.
Петров Ж.Р.,ФРТ,профессор,
Соколов Б.В.,ФМиМ,ассистент,к.н.
Попов Б.В.,ФМиЕН,профессор,д.н.
Кузнецов З.Т.,ФИТ,профессор,к.н.
Егоров В.И.,ФМиЕН,профессор,к.н.
Петров И.К.,ФФ,,д.н.
Волков Ж.Р.,ФФ,,д.н.
Лебедева З.Т.,ФУПМ,доцент,к.н.
Волков К.М.,ФФ,доцент,к.н.
Смирнов М.Ю.,ФРТ,доцент,
Семенов В.И.,ФМиЕН,ассистент,к.н.
Козлов Б.В.,ФУПМ,профессор,
Егоров И.К.,ФПМИ,профессор,
Алексеев Г.Н.,ФИТ,доцент,д.н.
Новиков Е.П.,ФМиМ,,д.н.
Лебедев Д.С.,ФИТ,доцент,к.н.
Иванов З.Т.,ФЭТ,доцент,д.н.
Егоров Л.О.,ФПМИ,доцент,к.н.
Петров Д.С.,ФФ,ассистент,
Соколов М.Ю.,ФПМИ,доцент,к.н.
Егоров Б.В.,ФПМИ,профессор,
Кузнецов Л.О.,ФИТ,доцент,
Лебедев Ж.Р.,ФУПМ,доцент,
Новиков Д.С.,ФПМИ,ассистент,д.н.
Егоров А.А.,ФМиМ,,
Семенов А.А.,ФУПМ,профессор,
Козлов В.И.,ФИВТ,,к.н.
Егоров З.Т.,ФУПМ,доцент,д.н.
Иванов К.М.,ИТМО,профессор,д.н.
Волков Д.С.,ФМиМ,профессор,
Соколов А.А.,ФПМИ,ассистент,
Смирнов З.Т.,ФУПМ,профессор,к.н.
Иванов Б.В.,ФПМИ,доцент,к.н.
Морозов М.Ю.,ФРТ,профессор,д.н.
Лебедев А.А.,ФУПМ,профессор,д.н.
Смирнов К.М.,ИТМО,доцент,д.н.
Морозов Л.О.,ФМиЕН,профессор,д.н.
Морозов З.Т.,ФМиЕН,профессор,д.н.
Соколов Б.В.,ФИВТ,,к.н.
Кузнецов А.А.,ФЭТ,профессор,к.н.
Петров З.Т.,ФМиМ,ассистент,к.н.
Лебедев Е.П.,ФИВТ,доцент,
Лебедева К.М.,ФМиЕН,профессор,к.н.
Кузнецов Г.Н.,ФЭТ,профессор,к.н.
Соколов М.Ю.,ФЭТ,,
Петров Д.С.,ФРТ,доцент,д.н.
Алексеев А.А.,ФФ,,
Попов И.К.,ФРТ,ассистент,к.н.
Алексеев К.М.,ФПМИ,ассистент,к.н.
Лебедев М.Ю.,ИТМО,,
Смирнов З.Т.,ФРТ,,
Соколов З.Т.,ФФ,,д.н.
Волков А.А.,ФМиЕН,доцент,д.н.
Семенов З.Т.,ФМиЕН,,
Смирнов К.М.,ФРТ,ассистент,д.н.
Семенов Б.В.,ФУПМ,профессор,
Алексеев Д.С.,ФМиМ,,д.н.
Петров Б.В.,ФРТ,профессор,д.н.
Алексеев Е.П.,ФМиЕН,профессор,к.н.
Морозов К.М.,ФИВТ,профессор,д.н.
Соколов М.Ю.,ФЭТ,доцент,к.н.
Соколов А.А.,ФИВТ,профессор,к.н.
Егоров Л.О.,ФЭТ,,к.н.
Петров А.А.,ФРТ,ассистент,д.н.
Козлов З.Т.,ФМиЕН,,д.н.
Петров Л.О.,ФРТ,ассистент,д.н.
Соколов В.И.,ФМиМ,,д.н.
Семенов З.Т.,ФФ,,к.н.
Семенов Г.Н.,ФМиЕН,ассистент,к.н.
Волков И.К.,ФПМИ,ассистент,к.н.
Лебедева Г.Н.,ФРТ,,к.н.
Соколов Л.О.,ФУПМ,профессор,д.н.
Волков К.М.,ИТМО,,д.н.
Иванов К.М.,ФИТ,доцент,д.н.
Соколов Б.В.,ФИТ,ассистент,д.н.
Попов А.А.,ФЭТ,,к.н.
Новиков М.Ю.,ФФ,,к.н.
Морозов Б.В.,ФИТ,ассистент,д.н.
Семенов Б.В.,ФФ,профессор,д.н.
Иванов Л.О.,ФИВТ,,д.н.
Лебедев Ж.Р.,ИТМО,,
Попов Д.С.,ФМиЕН,профессор,к.н.
Волков М.Ю.,ФМиМ,ассистент,д.н.
Семенов И.К.,ФПМИ,доцент,к.н.
Морозов З.Т.,ФИТ,,
Морозов И.К.,ФИВТ,доцент,к.н.
Кузнецов Б.В.,ФМиМ,доцент,
Волков В.И.,ФРТ,профессор,
Иванов Е.П.,ФМиМ,,к.н.
Алексеев К.М.,ФИТ,,
Лебедев Е.П.,ФРТ,,д.н.
Кузнецов Д.С.,ФЭТ,,
Алексеев М.Ю.,ФФ,доцент,к.н.
Петров М.Ю.,ФМиЕН,,
Соколов А.А.,ФПМИ,,д.н.
Козлов Л.О.,ФУПМ,профессор,к.н.
Попов Ж.Р.,ФЭТ,доцент,д.н.
Алексеев И.К.,ФУПМ,профессор,к.н.
Семенов Л.О.,ФМиЕН,,
Кузнецов Б.В.,ФРТ,,
Смирнов Ж.Р.,ФИТ,профессор,д.н.
Смирнов Ж.Р.,ФЭТ,,к.н.
Козлов И.К.,ФФ,доцент,к.н.
Козлов В.И.,ФУПМ,профессор,д.н.
Лебедева К.М.,ФУПМ,,к.н.
Волков З.Т.,ФПМИ,доцент,к.н.
Петров Д.С.,ФФ,профессор,к.н.
Соколов З.Т.,ФЭТ,профессор,д.н.
Лебедева З.Т.,ФЭТ,профессор,к.н.
Новиков М.Ю.,ФПМИ,,к.н.
Иванов Л.О.,ФРТ,доцент,к.н.
Лебедев М.Ю.,ФФ,профессор,д.н.
Алексеев З.Т.,ФЭТ,,
Морозов В.И.,ФУПМ,ассистент,
Алексеев З.Т.,ФМиЕН,ассистент,д.н.
Лебедев Д.С.,ФЭТ,доцент,
Петров К.М.,ИТМО,ассистент,
Алексеев Л.О.,ФФ,ассистент,д.н.
Иванов Ж.Р.,ФИТ,доцент,д.н.
Петров А.А.,ФЭТ,,д.н.
Семенов Г.Н.,ФФ,доцент,
Лебедева Д.С.,ФЭТ,профессор,к.н.
Алексеев Г.Н.,ИТМО,,
Морозов К.М.,ФИТ,ассистент,д.н.
Смирнов И.К.,ФФ,профессор,к.н.
Смирнов А.А.,ФИТ,,к.н.
Сидоров Г.Н.,ИТМО,профессор,
Петров И.К.,ФИТ,профессор,к.н.
Волков З.Т.,ФИТ,профессор,
Семенов В.И.,ФИВТ,доцент,к.н.
Волков А.А.,ФЭТ,,к.н.
Сидоров Л.О.,ФПМИ,профессор,д.н.
Лебедев А.А.,ФЭТ,профессор,
Волков Л.О.,ФИТ,,
Волков Л.О.,ФЭТ,ассистент,к.н.
Егоров Ж.Р.,ФПМИ,ассистент,
Алексеев В.И.,ФУПМ,ассистент,
Морозов З.Т.,ФИВТ,профессор,
Соколов А.А.,ИТМО,ассистент,
Попов Л.О.,ФИТ,,д.н.
Лебедева Д.С.,ФРТ,доцент,д.н.
Новиков М.Ю.,ФИТ,доцент,д.н.
Иванов З.Т.,ФИВТ,ассистент,
Иванов З.Т.,ФРТ,доцент,к.н.
Волков Е.П.,ФЭТ,доцент,к.н.
Смирнов Л.О.,ФУПМ,профессор,к.н.
Соколов Л.О.,ФИВТ,доцент,д.н.
Сидоров К.М.,ФПМИ,профессор,
Козлов Д.С.,ФМиЕН,,
Новиков И.К.,ФУПМ,,д.н.
Иванов В.И.,ИТМО,,д.н.
Волков Б.В.,ФМиЕН,,к.н.
Семенов З.Т.,ФИВТ,профессор,д.н.
Лебедев Е.П.,ФФ,ассистент,к.н.
Смирнов Ж.Р.,ФЭТ,ассистент,д.н.
Морозов А.А.,ФЭТ,ассистент,д.н.
Лебедев И.К.,ФИТ,ассистент,
Егоров Б.В.,ФЭТ,ассистент,к.н.
Алексеев А.А.,ФИВТ,доцент,
Семенов З.Т.,ФПМИ,ассистент,д.н.
Соколов М.Ю.,ФИВТ,доцент,д.н.
Козлов З.Т.,ФПМИ,ассистент,к.н.
Соколов И.К.,ФРТ,ассистент,к.н.
Иванов Ж.Р.,ФЭТ,профессор,
Волков З.Т.,ФМиЕН,доцент,
Кузнецов З.Т.,ФМиЕН,профессор,д.н.
Сидоров Б.В.,ФФ,,д.н.
Егоров Ж.Р.,ФРТ,,д.н.
Петров А.А.,ФУПМ,профессор,к.н.
Смирнов Е.П.,ФФ,ассистент,д.н.
Морозов Д.С.,ФФ,профессор,к.н.
Иванов И.К.,ИТМО,ассистент,к.н.
Морозов Б.В.,ФМиЕН,профессор,
Попов К.М.,ФРТ,профессор,д.н.
Соколов Л.О.,ФРТ,доцент,
Сидоров М.Ю.,ФМиМ,профессор,д.н.
Волков Ж.Р.,ИТМО,доцент,к.н.
Иванов Г.Н.,ФМиЕН,,д.н.
Новиков З.Т.,ФЭТ,,
Волков Г.Н.,ФПМИ,профессор,
Кузнецов Д.С.,ФЭТ,,к.н.
Сидоров Л.О.,ФМиМ,доцент,к.н.
Кузнецов В.И.,ФМиЕН,доцент,к.н.
Попов Б.В.,ФИТ,профессор,
Иванов Ж.Р.,ФУПМ,профессор,
Лебедева Б.В.,ФПМИ,доцент,д.н.
Морозов К.М.,ФИТ,профессор,к.н.
Егоров Е.П.,ФФ,ассистент,
Смирнов И.К.,ФУПМ,ассистент,
Лебедев Б.В.,ФПМИ,доцент,д.н.
Иванов К.М.,ФПМИ,профессор,к.н.
Кузнецов К.М.,ИТМО,профессор,к.н.
Козлов Е.П.,ФФ,профессор,
Сидоров В.И.,ФМиМ,доцент,
Иванов М.Ю.,ФРТ,доцент,к.н.
Лебедева А.А.,ФЭТ,доцент,д.н.
Кузнецов З.Т.,ФПМИ,,
Кузнецов В.И.,ФПМИ,ассистент,к.н.
Соколов Д.С.,ФИВТ,доцент,к.н.
Волков И.К.,ФМиМ,ассистент,к.н.
Лебедева Ж.Р.,ФЭТ,ассистент,д.н.
Волков Ж.Р.,ФЭТ,ассистент,
Лебедева И.К.,ИТМО,доцент,д.н.
Морозов Д.С.,ФПМИ,ассистент,
Сидоров Л.О.,ФИВТ,ассистент,
Волков Д.С.,ФПМИ,,д.н.
Попов А.А.,ФИТ,,
Лебедев В.И.,ФУПМ,доцент,
Кузнецов Ж.Р.,ФЭТ,профессор,
Сидоров И.К.,ФМиЕН,доцент,
Волков Б.В.,ФМиМ,,к.н.
Алексеев Г.Н.,ФРТ,,
Семенов З.Т.,ФМиЕН,профессор,к.н.
Сидоров И.К.,ФФ,профессор,
Алексеев Г.Н.,ИТМО,доцент,
Егоров З.Т.,ФФ,,д.н.
Петров Ж.Р.,ИТМО,ассистент,д.н.
Попов Б.В.,ИТМО,профессор,д.н.
Лебедев Б.В.,ФУПМ,доцент,
Иванов Г.Н.,ИТМО,доцент,
Смирнов К.М.,ФПМИ,ассистент,д.н.
Новиков Ж.Р.,ФРТ,профессор,к.н.
Лебедев М.Ю.,ФИВТ,,к.н.
Петров Б.В.,ФФ,,
Петров Е.П.,ФУПМ,,
Петров Д.С.,ФФ,профессор,д.н.
Соколов Б.В.,ФФ,профессор,к.н.
Иванов И.К.,ФУПМ,профессор,к.н.
Егоров З.Т.,ФЭТ,профессор,
Иванов М.Ю.,ИТМО,профессор,
Алексеев Л.О.,ФИВТ,ассистент,
Сидоров Д.С.,ФМиМ,доцент,
Новиков З.Т.,ФПМИ,доцент,
Волков И.К.,ФФ,,
Козлов Б.В.,ФУПМ,доцент,д.н.
Новиков И.К.,ФФ,доцент,
Алексеев Л.О.,ИТМО,профессор,
Сидоров М.Ю.,ФМиМ,ассистент,д.н.
Козлов Д.С.,ФИТ,ассистент,д.н.
Алексеев Л.О.,ИТМО,,
Лебедева З.Т.,ФИВТ,профессор,
Морозов Д.С.,ФИТ,ассистент,
Волков Г.Н.,ФИВТ,ассистент,к.н.
Иванов Л.О.,ИТМО,профессор,к.н.
Соколов В.И.,ФМиМ,,к.н.
Соколов Е.П.,ФМиМ,ассистент,к.н.
Морозов Д.С.,ФМиМ,,к.н.
Сидоров Д.С.,ФЭТ,доцент,д.н.
Иванов М.Ю.,ФПМИ,ассистент,д.н.
Иванов Л.О.,ИТМО,ассистент,д.н.
Егоров Г.Н.,ФЭТ,профессор,к.н.
Козлов З.Т.,ФИТ,доцент,к.н.
Иванов Ж.Р.,ФФ,доцент,
Сидоров Г.Н.,ФМиЕН,доцент,к.н.
Попов Б.В.,ФРТ,ассистент,к.н.
Соколов Д.С.,ФМиЕН,,к.н.
Лебедев К.М.,ИТМО,доцент,к.н.
Егоров В.И.,ФУПМ,,д.н.
Кузнецов А.А.,ФМиМ,доцент,к.н.
Лебедев Д.С.,ФФ,,
Иванов Ж.Р.,ФМиМ,,к.н.
Соколов Б.В.,ФРТ,ассистент,
Егоров М.Ю.,ФПМИ,,
Козлов Ж.Р.,ФПМИ,,к.н.
Лебедев К.М.,ФМиЕН,ассистент,д.н.
Лебедев Л.О.,ФИВТ,ассистент,д.н.
Петров И.К.,ФЭТ,профессор,
Кузнецов И.К.,ФМиЕН,доцент,
Лебедев Б.В.,ФМиЕН,ассистент,к.н.
Алексеев В.И.,ФИВТ,доцент,
Алексеев И.К.,ФИВТ,доцент,
Попов Е.П.,ФМиМ,профессор,д.н.
Егоров В.И.,ФМиЕН,профессор,д.н.
Сидоров В.И.,ФИТ,профессор,д.н.
Волков З.Т.,ФЭТ,доцент,д.н.
Волков Л.О.,ФФ,ассистент,
Кузнецов Б.В.,ФФ,профессор,д.н.
Козлов М.Ю.,ФМиЕН,ассистент,д.н.
Волков М.Ю.,ФУПМ,,
Сидоров Г.Н.,ИТМО,,
Новиков Г.Н.,ФМиМ,доцент,к.н.
Козлов А.А.,ФМиЕН,доцент,к.н.
Лебедева И.К.,ФИТ,профессор,
Лебедева З.Т.,ФЭТ,профессор,к.н.
Попов М.Ю.,ФМиМ,доцент,к.н.
Козлов Д.С.,ФИТ,доцент,д.н.
Егоров Е.П.,ФИВТ,доцент,
Иванов М.Ю.,ФМиЕН,,д.н.
Новиков Б.В.,ФРТ,профессор,
Сидоров А.А.,ФРТ,профессор,
Козлов К.М.,ФИВТ,,
Морозов К.М.,ФИВТ,ассистент,к.н.
Смирнов Л.О.,ФИТ,ассистент,
Сидоров Л.О.,ФМиМ,ассистент,
Попов Ж.Р.,ФЭТ,ассистент,к.н.
Алексеев Ж.Р.,ФФ,,к.н.
Сидоров В.И.,ФРТ,ассистент,д.н.
Иванов Д.С.,ФИВТ,доцент,д.н.
Лебедева М.Ю.,ФЭТ,доцент,
Соколов Б.В.,ФЭТ,ассистент,к.н.
Сидоров М.Ю.,ФФ,профессор,
Козлов И.К.,ФИВТ,доцент,к.н.
Егоров К.М.,ИТМО,ассистент,
Лебедева Е.П.,ФРТ,доцент,к.н.
Попов З.Т.,ФРТ,ассистент,к.н.
Смирнов Д.С.,ФИВТ,профессор,к.н.
Смирнов А.А.,ИТМО,доцент,д.н.
Морозов Е.П.,ИТМО,,д.н.
Петров Ж.Р.,ИТМО,ассистент,к.н.
Козлов Л.О.,ИТМО,ассистент,
Сидоров Л.О.,ФМиЕН,доцент,к.н.
Козлов К.М.,ИТМО,профессор,
Петров И.К.,ФМиЕН,доцент,
Егоров В.И.,ФМиЕН,доцент,
Попов Г.Н.,ФФ,профессор,к.н.
Егоров З.Т.,ФФ,доцент,д.н.
Иванов Г.Н.,ФПМИ,,д.н.
Попов М.Ю.,ФМиМ,,к.н.
Лебедев Г.Н.,ФФ,ассистент,
Семенов Е.П.,ФЭТ,,
Кузнецов М.Ю.,ФЭТ,доцент,д.н.
Козлов К.М.,ФИТ,ассистент,к.н.
Новиков К.М.,ФМиЕН,профессор,д.н.
Лебедева И.К.,ИТМО,профессор,к.н.
Лебедева К.М.,ФМиЕН,ассистент,д.н.
Лебедев Л.О.,ФИВТ,доцент,к.н.
Козлов З.Т.,ФРТ,доцент,д.н.
Лебедев Е.П.,ФПМИ,доцент,к.н.
Семенов М.Ю.,ФИВТ,доцент,д.н.
Волков В.И.,ФМиЕН,,д.н.
Морозов А.А.,ФУПМ,доцент,к.н.
Семенов Е.П.,ФЭТ,доцент,д.н.
Кузнецов Б.В.,ФИТ,профессор,
Егоров А.А.,ФИТ,ассистент,
Егоров Е.П.,ФМиЕН,ассистент,д.н.
Морозов Е.П.,ФУПМ,ассистент,д.н.
Лебедев Л.О.,ФИВТ,ассистент,
Сидоров Ж.Р.,ФФ,профессор,к.н.
Лебедев В.И.,ФИВТ,профессор,к.н.
Сидоров Е.П.,ИТМО,ассистент,
Лебедев И.К.,ФПМИ,ассистент,
Новиков М.Ю.,ФПМИ,ассистент,
Петров В.И.,ФПМИ,ассистент,д.н.
Алексеев К.М.,ФРТ,ассистент,
Сидоров Л.О.,ФРТ,ассистент,
Морозов Г.Н.,ИТМО,ассистент,д.н.
Соколов В.И.,ФРТ,доцент,к.н.
Морозов Л.О.,ФМиМ,профессор,к.н.
Кузнецов А.А.,ФИВТ,,
Егоров Б.В.,ФИТ,профессор,
Попов К.М.,ФИВТ,ассистент,
Кузнецов К.М.,ФМиМ,,
Иванов З.Т.,ФПМИ,ассистент,
Морозов Е.П.,ФРТ,ассистент,д.н.
Морозов Е.П.,ФМиЕН,ассистент,к.н.
Егоров Л.О.,ФУПМ,профессор,
Лебедев И.К.,ФРТ,ассистент,д.н.
Смирнов М.Ю.,ФЭТ,профессор,д.н.
Семенов Д.С.,ФРТ,,к.н.
Новиков З.Т.,ФУПМ,профессор,к.н.
Егоров А.А.,ФУПМ,доцент,
Кузнецов Е.П.,ИТМО,,к.н.
Иванов Д.С.,ФРТ,доцент,
Егоров И.К.,ФМиЕН,ассистент,д.н.
Лебедев И.К.,ФИТ,профессор,
Лебедева Ж.Р.,ФМиЕН,ассистент,
Лебедева В.И.,ФМиМ,доцент,
Лебедева Е.П.,ФИВТ,ассистент,д.н.
Морозов Л.О.,ФИВТ,,
Морозов Д.С.,ФПМИ,доцент,
Новиков И.К.,ИТМО,ассистент,к.н.
Лебедев И.К.,ФМиМ,,
Волков Ж.Р.,ФИВТ,ассистент,к.н.
Петров Е.П.,ФФ,,
Лебедев Ж.Р.,ФПМИ,профессор,д.н.
Лебедев Л.О.,ФМиЕН,,
Иванов З.Т.,ФПМИ,,к.н.
Попов З.Т.,ФФ,,к.н.
Петров Д.С.,ФЭТ,доцент,к.н.
Егоров А.А.,ФЭТ,,д.н.
Лебедева Л.О.,ФУПМ,доцент,к.н.
Попов Ж.Р.,ФРТ,ассистент,д.н.
Петров Д.С.,ИТМО,ассистент,д.н.
Лебедев Ж.Р.,ФПМИ,,к.н.
Волков З.Т.,ФИВТ,ассистент,к.н.
Алексеев Е.П.,ФФ,профессор,д.н.
Алексеев Е.П.,ФУПМ,доцент,
Лебедев Е.П.,ФЭТ,,
Иванов К.М.,ФИВТ,профессор,д.н.
Козлов В.И.,ФФ,ассистент,к.н.
Кузнецов И.К.,ФМиМ,,д.н.
Попов М.Ю.,ФМиЕН,ассистент,д.н.
Кузнецов З.Т.,ФФ,ассистент,д.н.
Петров Д.С.,ФПМИ,профессор,
Сидоров Г.Н.,ФИВТ,профессор,к.н.
Козлов Ж.Р.,ИТМО,доцент,к.н.
Попов Б.В.,ФИТ,,к.н.
Лебедева Ж.Р.,ФЭТ,,д.н.
Новиков Л.О.,ФРТ,,
Новиков Г.Н.,ИТМО,ассистент,
Смирнов Б.В.,ФУПМ,,к.н.
Лебедева К.М.,ФПМИ,доцент,
Кузнецов М.Ю.,ФИВТ,доцент,к.н.
Новиков З.Т.,ФМиМ,доцент,к.н.
Сидоров К.М.,ФМиЕН,,д.н.
Козлов А.А.,ФИТ,доцент,д.н.
Смирнов К.М.,ФМиМ,ассистент,
Попов М.Ю.,ИТМО,доцент,д.н.
Кузнецов З.Т.,ФЭТ,профессор,к.н.
Иванов В.И.,ФИТ,,
Попов Д.С.,ФПМИ,профессор,к.н.
Соколов А.А.,ФПМИ,,д.н.
Попов В.И.,ФРТ,,к.н.
Волков Д.С.,ФИВТ,профессор,к.н.
Новиков Л.О.,ФМиМ,,к.н.
Алексеев Е.П.,ФИТ,,к.н.
Соколов А.А.,ФФ,профессор,
Попов А.А.,ФЭТ,,
Новиков Д.С.,ФУПМ,профессор,
Лебедев А.А.,ФПМИ,ассистент,д.н.
Попов А.А.,ФМиЕН,,
Алексеев М.Ю.,ФПМИ,,
Морозов М.Ю.,ФРТ,профессор,д.н.
Морозов Е.П.,ФИТ,ассистент,д.н.
Попов Б.В.,ФУПМ,,к.н.
Волков Д.С.,ФПМИ,профессор,к.н.
Лебедев А.А.,ФМиМ,профессор,к.н.
Лебедев В.И.,ИТМО,профессор,к.н.
Егоров Ж.Р.,ФРТ,,к.н.
Егоров В.И.,ФРТ,доцент,к.н.
Лебедев И.К.,ФИВТ,,к.н.
Соколов К.М.,ФФ,доцент,к.н.
Сидоров Б.В.,ФИВТ,профессор,
Волков М.Ю.,ФПМИ,ассистент,д.н.
Семенов К.М.,ФПМИ,ассистент,д.н.
Иванов А.А.,ФФ,профессор,д.н.
Семенов Е.П.,ФИВТ,,к.н.
Иванов Е.П.,ФПМИ,доцент,
Козлов В.И.,ФРТ,,
Сидоров З.Т.,ФИВТ,доцент,д.н.
Морозов А.А.,ФРТ,доцент,
Сидоров И.К.,ФФ,доцент,д.н.
Лебедева Е.П.,ИТМО,профессор,
Смирнов Л.О.,ФМиЕН,доцент,к.н.
Петров А.А.,ФМиМ,ассистент,
Новиков Д.С.,ФУПМ,,к.н.
Козлов К.М.,ФПМИ,,к.н.
Петров Ж.Р.,ФИТ,ассистент,д.н.
Волков И.К.,ФЭТ,ассистент,к.н.
Волков В.И.,ФФ,,
Новиков Ж.Р.,ФУПМ,доцент,
Новиков Д.С.,ФУПМ,профессор,к.н.
Смирнов Е.П.,ФФ,доцент,д.н.
Петров В.И.,ФПМИ,,
Лебедев Б.В.,ФУПМ,,к.н.
Иванов А.А.,ФИТ,,д.н.
Лебедев Е.П.,ФРТ,,д.н.
Егоров М.Ю.,ФИТ,профессор,к.н.
Семенов Г.Н.,ИТМО,доцент,д.н.
Сидоров З.Т.,ИТМО,доцент,к.н.
Волков К.М.,ФИВТ,профессор,к.н.
Иванов М.Ю.,ФМиЕН,ассистент,д.н.
Алексеев К.М.,ФУПМ,,
Волков Б.В.,ФИТ,,д.н.
Сидоров К.М.,ФИТ,,д.н.
Волков Л.О.,ФИТ,,к.н.
Алексеев А.А.,ФЭТ,доцент,
Иванов Б.В.,ФЭТ,ассистент,
Новиков Б.В.,ФИВТ,доцент,к.н.
Новиков Е.П.,ФУПМ,профессор,
Егоров М.Ю.,ФРТ,ассистент,
Соколов Г.Н.,ФФ,ассистент,
Новиков М.Ю.,ФЭТ,ассистент,
Семенов З.Т.,ФМиЕН,,д.н.
Соколов И.К.,ФУПМ,доцент,д.н.
Новиков И.К.,ФФ,,
Сидоров В.И.,ФМиЕН,доцент,к.н.
Морозов Г.Н.,ФПМИ,профессор,д.н.
Алексеев Е.П.,ИТМО,профессор,к.н.
Иванов Д.С.,ИТМО,доцент,
Семенов А.А.,ФУПМ,доцент,к.н.
Семенов К.М.,ФРТ,доцент,
Волков Л.О.,ФИТ,ассистент,
Семенов В.И.,ФЭТ,,д.н.
Лебедев И.К.,ФМиМ,доцент,к.н.
Кузнецов М.Ю.,ФМиМ,профессор,к.н.
Семенов А.А.,ФИТ,профессор,
Попов Г.Н.,ФПМИ,,
Козлов Д.С.,ФФ,ассистент,
Иванов А.А.,ФУПМ,профессор,д.н.
Волков Ж.Р.,ФПМИ,,д.н.
Попов Г.Н.,ФМиЕН,ассистент,д.н.
Семенов Ж.Р.,ФФ,ассистент,
Козлов Б.В.,ФИТ,ассистент,д.н.
Лебедев К.М.,ФЭТ,профессор,д.н.
Соколов Г.Н.,ФУПМ,профессор,
Козлов Б.В.,ФФ,профессор,д.н.
Попов Г.Н.,ФФ,,
Егоров З.Т.,ФРТ,,д.н.
Морозов Г.Н.,ФМиМ,доцент,д.н.
Лебедев М.Ю.,ФУПМ,,к.н.
Иванов Б.В.,ФИТ,,
Петров А.А.,ФМиМ,доцент,к.н.
Новиков В.И.,ФУПМ,,
Новиков Г.Н.,ФПМИ,профессор,д.н.
Кузнецов З.Т.,ИТМО,доцент,
Лебедева Л.О.,ФИТ,ассистент,к.н.
Смирнов М.Ю.,ФЭТ,,
Семенов Г.Н.,ФМиМ,,д.н.
Иванов Е.П.,ФЭТ,доцент,к.н.
Лебедев А.А.,ФРТ,ассистент,
Петров Ж.Р.,ФУПМ,,
Алексеев Л.О.,ФУПМ,доцент,к.н.
Лебедев Е.П.,ФИВТ,профессор,д.н.
Лебедев Л.О.,ФЭТ,профессор,
Лебедев Д.С.,ФИТ,,
Иванов Ж.Р.,ФМиЕН,ассистент,к.н.
Козлов Г.Н.,ФЭТ,,д.н.
Морозов М.Ю.,ФМиМ,профессор,к.н.
Новиков А.А.,ФЭТ,профессор,к.н.
Новиков И.К.,ФМиМ,профессор,д.н.
Лебедева Б.В.,ФИВТ,профессор,д.н.
Иванов М.Ю.,ФУПМ,,д.н.
Семенов В.И.,ФИТ,доцент,
Иванов А.А.,ФПМИ,профессор,
Кузнецов Е.П.,ФФ,профессор,д.н.
Смирнов Л.О.,ФФ,доцент,д.н.
Новиков Б.В.,ФУПМ,ассистент,к.н.
Козлов И.К.,ФРТ,профессор,д.н.
Семенов М.Ю.,ФРТ,,
Новиков Л.О.,ФМиМ,профессор,д.н.
Морозов Г.Н.,ФИТ,ассистент,к.н.
Сидоров Е.П.,ФУПМ,ассистент,д.н.
Смирнов Г.Н.,ФИВТ,профессор,к.н.
Сидоров Е.П.,ФРТ,ассистент,
Кузнецов З.Т.,ФФ,доцент,д.н.
Сидоров Е.П.,ИТМО,,д.н.
Алексеев И.К.,ФМиМ,доцент,к.н.
Соколов З.Т.,ФМиЕН,профессор,д.н.
Попов И.К.,ФИТ,ассистент,д.н.
Петров И.К.,ФИВТ,,
Кузнецов Г.Н.,ФМиЕН,ассистент,д.н.
Лебедева В.И.,ФИТ,,к.н.
Морозов Ж.Р.,ФМиМ,,д.н.
Волков Б.В.,ФИВТ,ассистент,д.н.
Лебедев Е.П.,ФРТ,ассистент,
Петров И.К.,ФФ,ассистент,к.н.
Козлов Д.С.,ФМиЕН,,к.н.
Иванов М.Ю.,ФМиМ,доцент,д.н.
Смирнов М.Ю.,ФЭТ,ассистент,д.н.
Семенов З.Т.,ФПМИ,профессор,
Козлов И.К.,ФЭТ,профессор,
Лебедев В.И.,ФРТ,,
Алексеев И.К.,ФМиМ,доцент,к.н.
Новиков Г.Н.,ФРТ,,
Попов Б.В.,ФЭТ,доцент,
Соколов А.А.,ФИТ,профессор,
Семенов М.Ю.,ФПМИ,,
Соколов К.М.,ФМиЕН,доцент,
Новиков А.А.,ФУПМ,ассистент,к.н.
Новиков И.К.,ФПМИ,доцент,
Смирнов Г.Н.,ФМиЕН,ассистент,
Козлов Ж.Р.,ФРТ,профессор,к.н.
Семенов И.К.,ФПМИ,профессор,
Алексеев А.А.,ФПМИ,профессор,к.н.
Лебедев А.А.,ФЭТ,,д.н.
Соколов З.Т.,ИТМО,профессор,д.н.
Лебедева Е.П.,ФИТ,профессор,
Лебедева Е.П.,ФИВТ,ассистент,к.н.
Лебедев Е.П.,ФУПМ,,к.н.
Иванов И.К.,ФФ,профессор,к.н.
Козлов В.И.,ФИВТ,профессор,
Волков Г.Н.,ФЭТ,,д.н.
Петров З.Т.,ФУПМ,доцент,д.н.
Алексеев Л.О.,ФМиМ,доцент,
Семенов Г.Н.,ФЭТ,профессор,
Егоров Л.О.,ФМиМ,,к.н.
Сидоров А.А.,ФИВТ,профессор,к.н.
Семенов Л.О.,ФУПМ,профессор,к.н.
Смирнов Б.В.,ИТМО,ассистент,
Козлов К.М.,ФИВТ,,
Лебедева Б.В.,ИТМО,,д.н.
Алексеев Л.О.,ФПМИ,профессор,д.н.
Егоров А.А.,ФПМИ,доцент,
Петров З.Т.,ФМиМ,,
Алексеев И.К.,ФПМИ,профессор,к.н.
Козлов А.А.,ФПМИ,доцент,к.н.
Иванов Ж.Р.,ФИТ,,
Новиков З.Т.,ФПМИ,ассистент,д.н.
Новиков М.Ю.,ФЭТ,ассистент,к.н.
Кузнецов Л.О.,ФМиМ,профессор,
Смирнов Л.О.,ФИТ,профессор,к.н.
Петров М.Ю.,ФРТ,,
Егоров М.Ю.,ФРТ,доцент,д.н.
Сидоров Д.С.,ФУПМ,профессор,
Петров К.М.,ФЭТ,доцент,д.н.
Волков Б.В.,ФИТ,профессор,к.н.
Лебедева В.И.,ФМиЕН,профессор,
Смирнов В.И.,ФРТ,доцент,д.н.
Морозов Б.В.,ФИВТ,профессор,д.н.
Новиков З.Т.,ФМиЕН,ассистент,
Сидоров Г.Н.,ФФ,,к.н.
Егоров Д.С.,ФИТ,профессор,д.н.
Алексеев Г.Н.,ФПМИ,профессор,к.н.
Сидоров В.И.,ФЭТ,ассистент,к.н.
Семенов В.И.,ФПМИ,доцент,д.н.
Смирнов А.А.,ФЭТ,профессор,
Кузнецов Л.О.,ФЭТ,профессор,д.н.
Иванов И.К.,ФИТ,,д.н.
Лебедев К.М.,ФИВТ,,д.н.
Лебедева Б.В.,ФЭТ,,к.н.
Морозов Е.П.,ФЭТ,ассистент,
Лебедев Г.Н.,ФФ,ассистент,д.н.
Козлов Е.П.,ФФ,ассистент,
Сидоров Е.П.,ФИВТ,ассистент,к.н.
Козлов З.Т.,ФУПМ,профессор,
Кузнецов М.Ю.,ФПМИ,ассистент,д.н.
Лебедев Е.П.,ФМиЕН,доцент,к.н.
Лебедева В.И.,ФУПМ,профессор,к.н.
Кузнецов В.И.,ФМиМ,ассистент,к.н.
Соколов И.К.,ФРТ,,
Морозов А.А.,ИТМО,профессор,к.н.
Иванов В.И.,ФРТ,,
Лебедева Б.В.,ФМиМ,,д.н.
Новиков А.А.,ФРТ,профессор,
Иванов Л.О.,ФМиЕН,доцент,д.н.
Козлов Д.С.,ФИВТ,профессор,
Алексеев Б.В.,ФРТ,ассистент,
Петров Л.О.,ФРТ,,к.н.
Морозов З.Т.,ФРТ,,
Егоров Д.С.,ФУПМ,,д.н.
Лебедев З.Т.,ФМиЕН,ассистент,
Попов К.М.,ФМиМ,ассистент,
Лебедева З.Т.,ФПМИ,ассистент,к.н.
Семенов Б.В.,ФМиМ,ассистент,д.н.
Егоров Л.О.,ФПМИ,доцент,
Лебедев И.К.,ФИТ,,
Кузнецов А.А.,ФУПМ,ассистент,
Кузнецов Л.О.,ФЭТ,доцент,
Козлов М.Ю.,ФУПМ,ассистент,
Лебедев М.Ю.,ФРТ,ассистент,
Попов М.Ю.,ФУПМ,профессор,д.н.
Лебедева З.Т.,ФПМИ,ассистент,д.н.
Волков И.К.,ФМиЕН,доцент,д.н.
Егоров Е.П.,ФПМИ,доцент,
Алексеев Л.О.,ФИТ,доцент,д.н.
Егоров Л.О.,ФУПМ,ассистент,
Козлов К.М.,ИТМО,доцент,д.н.
Новиков З.Т.,ФРТ,,к.н.
Иванов Б.В.,ФПМИ,доцент,д.н.
Новиков А.А.,ФРТ,профессор,
Егоров И.К.,ФЭТ,,
Сидоров Г.Н.,ФИВТ,ассистент,к.н.
Петров Б.В.,ИТМО,профессор,к.н.
Алексеев Д.С.,ФМиМ,профессор,к.н.
Кузнецов З.Т.,ФПМИ,профессор,д.н.
Егоров Б.В.,ФЭТ,доцент,к.н.
Кузнецов Е.П.,ФПМИ,профессор,к.н.
Попов К.М.,ФРТ,ассистент,к.н.
Иванов К.М.,ФУПМ,доцент,д.н.
Волков Ж.Р.,ИТМО,ассистент,к.н.
Семенов Л.О.,ФМиЕН,профессор,д.н.
Волков Б.В.,ФИВТ,доцент,д.н.
Соколов В.И.,ФЭТ,,
Соколов В.И.,ФУПМ,,к.н.
Попов Ж.Р.,ФРТ,доцент,к.н.
Лебедева И.К.,ФИВТ,профессор,к.н.
Смирнов Л.О.,ФИТ,ассистент,д.н.
Алексеев Д.С.,ФУПМ,доцент,к.н.
Смирнов Г.Н.,ФЭТ,ассистент,к.н.
Кузнецов Б.В.,ФИТ,доцент,к.н.
Новиков А.А.,ФМиМ,ассистент,
Лебедева З.Т.,ФФ,ассистент,к.н.
Алексеев З.Т.,ИТМО,ассистент,д.н.
Лебедев З.Т.,ФПМИ,,
Семенов Г.Н.,ФИВТ,,к.н.
Петров М.Ю.,ФМиЕН,,д.н.
Соколов А.А.,ФРТ,ассистент,д.н.
Петров Ж.Р.,ФИВТ,доцент,к.н.
Лебедева Е.П.,ФМиЕН,,к.н.
Соколов Е.П.,ФЭТ,доцент,д.н.
Иванов А.А.,ИТМО,доцент,д.н.
Козлов И.К.,ИТМО,доцент,д.н.
Попов Е.П.,ФПМИ,,к.н.
Семенов Г.Н.,ИТМО,ассистент,
Морозов Б.В.,ФИВТ,,д.н.
Лебедев М.Ю.,ФИВТ,профессор,к.н.
Егоров И.К.,ФМиМ,профессор,
Волков Б.В.,ФМиЕН,,к.н.
Семенов Б.В.,ИТМО,профессор,
Козлов Д.С.,ФРТ,профессор,к.н.
Козлов И.К.,ИТМО,доцент,д.н.
Сидоров Ж.Р.,ФЭТ,ассистент,д.н.
Егоров М.Ю.,ФМиМ,ассистент,к.н.
Попов В.И.,ФМиМ,,д.н.
Егоров Л.О.,ФМиМ,доцент,
Козлов Г.Н.,ФПМИ,доцент,
Алексеев Б.В.,ФФ,,д.н.
Петров Б.В.,ФИВТ,профессор,д.н.
Семенов Г.Н.,ФФ,ассистент,к.н.
Смирнов Б.В.,ФИВТ,,
Смирнов Ж.Р.,ФПМИ,доцент,к.н.
Соколов Д.С.,ФМиЕН,доцент,к.н.
Сидоров Ж.Р.,ФУПМ,ассистент,д.н.
Новиков Е.П.,ФМиМ,профессор,
Лебедев Д.С.,ФЭТ,ассистент,к.н.
Петров М.Ю.,ФФ,профессор,
Морозов Д.С.,ФМиЕН,ассистент,д.н.
Алексеев К.М.,ФИВТ,,
Сидоров К.М.,ФУПМ,ассистент,
Кузнецов А.А.,ИТМО,ассистент,
Лебедев М.Ю.,ФУПМ,профессор,к.н.
Кузнецов Д.С.,ФЭТ,доцент,
Иванов И.К.,ФФ,ассистент,к.н.
Алексеев М.Ю.,ФМиМ,ассистент,д.н.
Новиков Б.В.,ФИТ,,д.н.
Лебедев Г.Н.,ФМиМ,профессор,к.н.
Егоров З.Т.,ФРТ,,
Петров Л.О.,ФМиМ,ассистент,д.н.
Алексеев М.Ю.,ИТМО,,
Иванов Л.О.,ФФ,,
Попов А.А.,ФМиМ,профессор,
Иванов Е.П.,ФФ,доцент,к.н.
Иванов К.М.,ФУПМ,профессор,д.н.
Смирнов Д.С.,ФМиЕН,доцент,к.н.
Морозов Е.П.,ФМиЕН,,д.н.
Алексеев Д.С.,ФИВТ,,к.н.
Попов М.Ю.,ФМиЕН,,к.н.
Смирнов Л.О.,ФМиЕН,,д.н.
Алексеев Ж.Р.,ФФ,ассистент,
Алексеев А.А.,ФУПМ,,
Петров М.Ю.,ФПМИ,,к.н.
Лебедева М.Ю.,ИТМО,ассистент,к.н.
Смирнов В.И.,ФФ,ассистент,к.н.
Семенов Е.П.,ФФ,доцент,д.н.
Сидоров Л.О.,ФРТ,,д.н.
Козлов Е.П.,ФИВТ,доцент,к.н.
Алексеев Б.В.,ФИТ,ассистент,к.н.
Егоров В.И.,ФУПМ,ассистент,к.н.
Кузнецов З.Т.,ФПМИ,,
Егоров М.Ю.,ФМиЕН,,к.н.
Петров Е.П.,ФУПМ,профессор,к.н.
Лебедева М.Ю.,ФФ,профессор,д.н.
Соколов М.Ю.,ФИВТ,доцент,
Семенов И.К.,ФРТ,доцент,к.н.
Попов Ж.Р.,ФИВТ,профессор,к.н.
Лебедева М.Ю.,ФИТ,профессор,
Кузнецов Д.С.,ФУПМ,доцент,д.н.
Морозов К.М.,ФМиМ,профессор,
Семенов Л.О.,ФИТ,доцент,д.н.
Кузнецов З.Т.,ФУПМ,доцент,
Попов М.Ю.,ФУПМ,доцент,
Лебедева З.Т.,ФЭТ,профессор,д.н.
Соколов М.Ю.,ФИВТ,ассистент,к.н.
Петров И.К.,ФИТ,доцент,
Семенов И.К.,ФРТ,ассистент,
Иванов А.А.,ФМиМ,профессор,
Смирнов Д.С.,ФМиМ,ассистент,д.н.
Попов Л.О.,ФМиМ,профессор,к.н.
Новиков И.К.,ФФ,доцент,д.н.
Петров Л.О.,ИТМО,ассистент,
Кузнецов В.И.,ФРТ,профессор,к.н.
Козлов Ж.Р.,ФМиМ,профессор,к.н.
Семенов Д.С.,ФИВТ,доцент,к.н.
Новиков Г.Н.,ФИВТ,ассистент,к.н.
Егоров Г.Н.,ФРТ,профессор,к.н.
Иванов Л.О.,ФРТ,доцент,д.н.
Сидоров В.И.,ФФ,профессор,
Алексеев В.И.,ФИТ,ассистент,д.н.
Петров З.Т.,ИТМО,,к.н.
Лебедева Ж.Р.,ИТМО,доцент,
Алексеев Е.П.,ФИВТ,,
Попов И.К.,ФРТ,профессор,к.н.
Новиков Л.О.,ФИТ,,к.н.
Иванов М.Ю.,ФРТ,профессор,
Лебедева В.И.,ФИТ,доцент,д.н.
Козлов Е.П.,ФФ,ассистент,
Егоров Е.П.,ФФ,профессор,
Козлов З.Т.,ФПМИ,профессор,
Лебедева И.К.,ФМиЕН,ассистент,к.н.
Егоров М.Ю.,ФМиЕН,,к.н.
Петров Л.О.,ФЭТ,профессор,к.н.
Соколов Л.О.,ФМиМ,,д.н.
Семенов Ж.Р.,ФМиЕН,ассистент,
Смирнов В.И.,ФИТ,профессор,
Лебедев А.А.,ИТМО,профессор,к.н.
Сидоров М.Ю.,ФРТ,профессор,к.н.
Алексеев К.М.,ФФ,доцент,д.н.
Лебедева И.К.,ФУПМ,,
Лебедев Л.О.,ФПМИ,,к.н.
Козлов И.К.,ФРТ,,
Морозов Л.О.,ФМиМ,,д.н.
Новиков К.М.,ФИВТ,доцент,д.н.
Козлов И.К.,ФИВТ,доцент,д.н.
Попов Д.С.,ФЭТ,ассистент,
Сидоров Д.С.,ФЭТ,,д.н.
Иванов Е.П.,ФПМИ,профессор,
Лебедева Л.О.,ФИВТ,ассистент,
Попов К.М.,ФРТ,ассистент,к.н.
Смирнов И.К.,ФУПМ,профессор,д.н.
Соколов В.И.,ФЭТ,профессор,
Петров Л.О.,ФМиЕН,,д.н.
Егоров И.К.,ФЭТ,доцент,
Лебедев З.Т.,ФПМИ,,д.н.
Семенов Б.В.,ФМиМ,доцент,к.н.
Волков Г.Н.,ФПМИ,доцент,
Семенов М.Ю.,ФРТ,доцент,
Соколов Д.С.,ФРТ,профессор,
Иванов Г.Н.,ИТМО,профессор,к.н.
Иванов И.К.,ФИТ,,
Смирнов И.К.,ФМиМ,,д.н.
Смирнов Л.О.,ФИТ,ассистент,к.н.
Сидоров Е.П.,ФПМИ,доцент,
Семенов Д.С.,ФПМИ,ассистент,д.н.
Семенов Д.С.,ФПМИ,доцент,д.н.
Лебедев К.М.,ФФ,,д.н.
Семенов З.Т.,ФИТ,профессор,д.н.
Егоров М.Ю.,ФИВТ,,
Морозов З.Т.,ФРТ,ассистент,
Смирнов А.А.,ФИВТ,,д.н.
Кузнецов Л.О.,ИТМО,доцент,д.н.
Соколов Ж.Р.,ФУПМ,доцент,д.н.
Соколов Е.П.,ФПМИ,доцент,д.н.
Новиков И.К.,ФРТ,доцент,к.н.
Морозов Ж.Р.,ФУПМ,доцент,д.н.
Смирнов М.Ю.,ФЭТ,ассистент,д.н.
Лебедева М.Ю.,ИТМО,,к.н.
Попов Б.В.,ФУПМ,профессор,к.н.
Лебедев Е.П.,ИТМО,доцент,
Морозов Г.Н.,ФРТ,ассистент,
Семенов Г.Н.,ФМиЕН,,к.н.
Соколов А.А.,ФРТ,,
Лебедев В.И.,ФИТ,ассистент,д.н.
Сидоров З.Т.,ФУПМ,профессор,д.н.
Лебедева Е.П.,ФУПМ,профессор,к.н.
Лебедев А.А.,ФПМИ,ассистент,к.н.
Новиков И.К.,ФМиЕН,ассистент,
Лебедева Б.В.,ФРТ,ассистент,д.н.
Козлов Л.О.,ФМиЕН,доцент,д.н.
Соколов В.И.,ФУПМ,доцент,к.н.
Кузнецов З.Т.,ФМиМ,,д.н.
Егоров Б.В.,ФИТ,профессор,д.н.
Петров Д.С.,ФИТ,,
Морозов К.М.,ФМиМ,ассистент,к.н.
Сидоров И.К.,ФМиЕН,профессор,к.н.
Попов Е.П.,ФУПМ,ассистент,д.н.
Смирнов В.И.,ФЭТ,доцент,
Морозов М.Ю.,ФИТ,профессор,к.н.
Семенов Д.С.,ФПМИ,профессор,к.н.
Морозов Ж.Р.,ФМиЕН,,д.н.
Попов Г.Н.,ИТМО,,д.н.
Алексеев Д.С.,ФУПМ,профессор,к.н.
Попов Б.В.,ФЭТ,ассистент,к.н.
Волков Ж.Р.,ФРТ,ассистент,к.н.
Попов В.И.,ИТМО,профессор,д.н.
Алексеев Л.О.,ФИТ,,д.н.
Попов Е.П.,ФФ,ассистент,д.н.
Козлов И.К.,ФМиЕН,доцент,
Семенов Л.О.,ФУПМ,профессор,
Морозов Л.О.,ФМиМ,профессор,к.н.
Попов И.К.,ФМиЕН,доцент,
Морозов К.М.,ФЭТ,доцент,к.н.
Егоров Л.О.,ФМиМ,ассистент,к.н.
Егоров Г.Н.,ФИТ,ассистент,к.н.
Петров Л.О.,ФРТ,профессор,к.н.
Лебедева Л.О.,ФМиМ,доцент,к.н.
Смирнов Л.О.,ФИВТ,,к.н.
Козлов И.К.,ФИВТ,доцент,к.н.
Кузнецов Д.С.,ФМиМ,доцент,д.н.
Алексеев З.Т.,ФМиМ,,д.н.
Семенов М.Ю.,ФИТ,доцент,д.н.
Лебедева Ж.Р.,ФРТ,профессор,к.н.
Попов Г.Н.,ФЭТ,профессор,д.н.
Семенов Л.О.,ФРТ,доцент,к.н.
Семенов А.А.,ФУПМ,,
Лебедева Д.С.,ФИТ,профессор,д.н.
Лебедев А.А.,ФРТ,,д.н.
Семенов Ж.Р.,ФМиМ,ассистент,д.н.
Попов З.Т.,ФМиЕН,профессор,
Попов И.К.,ФМиМ,ассистент,к.н.
Козлов А.А.,ФПМИ,ассистент,к.н.
Попов Г.Н.,ФРТ,доцент,к.н.
Соколов Д.С.,ФПМИ,профессор,
Сидоров Д.С.,ИТМО,ассистент,
Волков М.Ю.,ФПМИ,ассистент,
Алексеев А.А.,ФМиЕН,профессор,
Соколов Д.С.,ФПМИ,ассистент,д.н.
Иванов И.К.,ФФ,профессор,к.н.
Алексеев А.А.,ФМиМ,,д.н.
Смирнов Е.П.,ФУПМ,ассистент,д.н.
Егоров Г.Н.,ФФ,профессор,
Лебедев И.К.,ФФ,,д.н.
Иванов Б.В.,ФМиЕН,профессор,д.н.
Семенов М.Ю.,ФИТ,доцент,
Кузнецов Д.С.,ФРТ,профессор,
Смирнов М.Ю.,ФИВТ,ассистент,д.н.
Новиков И.К.,ФРТ,доцент,
Козлов Б.В.,ФИТ,доцент,
Лебедев М.Ю.,ФМиМ,профессор,д.н.
Попов А.А.,ФМиМ,,
Соколов З.Т.,ФМиЕН,ассистент,д.н.
Соколов Д.С.,ФУПМ,доцент,
Волков А.А.,ФМиЕН,ассистент,д.н.
Соколов Л.О.,ФИВТ,ассистент,
Иванов Д.С.,ФМиМ,,д.н.
Иванов К.М.,ФУПМ,,д.н.
Морозов В.И.,ФУПМ,,к.н.
Новиков И.К.,ФИВТ,профессор,к.н.
Лебедева Ж.Р.,ФУПМ,ассистент,
Петров В.И.,ФМиМ,доцент,д.н.
Лебедева Г.Н.,ФИВТ,доцент,
Козлов Л.О.,ФПМИ,,к.н.
Иванов К.М.,ФПМИ,ассистент,д.н.
Лебедев Д.С.,ФФ,ассистент,д.н.
Козлов Е.П.,ФМиМ,профессор,к.н.
Смирнов М.Ю.,ФИВТ,профессор,к.н.
Сидоров М.Ю.,ФРТ,доцент,к.н.
Морозов И.К.,ФФ,ассистент,
Егоров К.М.,ФРТ,доцент,
Попов Е.П.,ФМиЕН,ассистент,д.н.
Петров М.Ю.,ФИТ,,к.н.
Соколов Г.Н.,ФУПМ,доцент,
Петров М.Ю.,ФФ,профессор,к.н.
Лебедева Ж.Р.,ФМиМ,ассистент,д.н.
Кузнецов В.И.,ФИТ,доцент,
Козлов Ж.Р.,ФПМИ,ассистент,
Семенов З.Т.,ФЭТ,профессор,к.н.
Сидоров А.А.,ФПМИ,,
Алексеев М.Ю.,ФМиЕН,ассистент,
Козлов К.М.,ФМиЕН,ассистент,к.н.
Морозов К.М.,ИТМО,ассистент,к.н.
Соколов Г.Н.,ФРТ,профессор,д.н.
Смирнов Е.П.,ФМиЕН,,к.н.
Смирнов И.К.,ФМиЕН,профессор,к.н.
Смирнов В.И.,ФИВТ,доцент,
Петров Е.П.,ФФ,профессор,к.н.
Морозов Д.С.,ФИТ,доцент,
Егоров Е.П.,ФМиЕН,,д.н.
Семенов В.И.,ФУПМ,доцент,
Новиков Ж.Р.,ФЭТ,,д.н.
Попов З.Т.,ФМиЕН,доцент,к.н.
Волков Л.О.,ФПМИ,профессор,д.н.
Козлов М.Ю.,ФИТ,ассистент,
Лебедева Л.О.,ФПМИ,ассистент,к.н.
Алексеев А.А.,ФУПМ,доцент,д.н.
Алексеев А.А.,ИТМО,доцент,д.н.
Волков А.А.,ФПМИ,доцент,
Егоров Б.В.,ФЭТ,доцент,к.н.
Иванов Б.В.,ФПМИ,доцент,
Сидоров Л.О.,ИТМО,,к.н.
Иванов Ж.Р.,ИТМО,профессор,д.н.
Иванов М.Ю.,ФИТ,профессор,к.н.
Козлов Б.В.,ФПМИ,ассистент,к.н.
Иванов Г.Н.,ИТМО,ассистент,д.н.
Семенов В.И.,ФМиЕН,доцент,к.н.
Семенов Е.П.,ФМиЕН,ассистент,к.н.
Егоров З.Т.,ФЭТ,профессор,к.н.
Волков М.Ю.,ФРТ,ассистент,
Алексеев А.А.,ФЭТ,ассистент,
Сидоров А.А.,ФИТ,доцент,
Сидоров К.М.,ФРТ,,д.н.
Лебедева Л.О.,ФИТ,,к.н.
Иванов Л.О.,ФУПМ,ассистент,
Семенов В.И.,ФПМИ,,к.н.
Соколов Г.Н.,ФЭТ,ассистент,
Семенов З.Т.,ФРТ,ассистент,
Иванов Л.О.,ФИТ,доцент,
Сидоров К.М.,ФМиЕН,профессор,к.н.
Кузнецов Л.О.,ФИТ,,д.н.
Козлов И.К.,ФУПМ,ассистент,
Сидоров Б.В.,ФМиМ,,
Семенов Д.С.,ФФ,доцент,к.н.
Лебедева А.А.,ФМиЕН,ассистент,к.н.
Сидоров К.М.,ФПМИ,профессор,к.н.
Козлов Д.С.,ФИТ,ассистент,
Иванов Г.Н.,ФИВТ,профессор,к.н.
Кузнецов Б.В.,ФМиМ,ассистент,
Сидоров Ж.Р.,ИТМО,доцент,
Попов Е.П.,ФФ,,д.н.
Попов З.Т.,ФМиМ,ассистент,
Лебедев И.К.,ФМиМ,доцент,к.н.
Лебедев Ж.Р.,ФМиЕН,ассистент,
Семенов Е.П.,ФИТ,,
Семенов З.Т.,ФРТ,,
Морозов Д.С.,ФРТ,,
Петров З.Т.,ФИТ,ассистент,д.н.
Смирнов Ж.Р.,ФПМИ,ассистент,к.н.
Иванов Д.С.,ФМиМ,доцент,д.н.
Алексеев Б.В.,ФПМИ,ассистент,
Сидоров А.А.,ФФ,,
Лебедева Б.В.,ФПМИ,доцент,
Иванов В.И.,ФИВТ,доцент,к.н.
Козлов Г.Н.,ФМиЕН,профессор,
Волков Б.В.,ФМиМ,,к.н.
Новиков Е.П.,ФИТ,,
Лебедева Д.С.,ФЭТ,,к.н.
Попов Г.Н.,ИТМО,ассистент,
Попов К.М.,ФПМИ,профессор,к.н.
Козлов Е.П.,ФПМИ,,
Семенов М.Ю.,ФЭТ,ассистент,к.н.
Попов Л.О.,ФПМИ,профессор,д.н.
Кузнецов Л.О.,ФИВТ,,к.н.
Соколов А.А.,ФИТ,профессор,д.н.
Иванов Б.В.,ФУПМ,доцент,д.н.
Морозов Л.О.,ФЭТ,,д.н.
Иванов К.М.,ФРТ,доцент,к.н.
Сидоров М.Ю.,ФУПМ,,к.н.
Попов Б.В.,ФМиЕН,,д.н.
Егоров М.Ю.,ИТМО,,к.н.
Сидоров В.И.,ФУПМ,доцент,
Смирнов М.Ю.,ФИВТ,профессор,д.н.
Морозов Д.С.,ФРТ,ассистент,д.н.
Иванов Е.П.,ФИТ,доцент,к.н.
Новиков В.И.,ФПМИ,ассистент,д.н.
Лебедева М.Ю.,ФРТ,доцент,д.н.
Морозов М.Ю.,ФФ,профессор,
Соколов З.Т.,ФИТ,доцент,к.н.
Новиков М.Ю.,ФУПМ,,
Петров Ж.Р.,ФИВТ,доцент,к.н.
Новиков Б.В.,ФПМИ,доцент,к.н.
Лебедева М.Ю.,ФЭТ,,
Морозов Л.О.,ФПМИ,,
Волков И.К.,ФИВТ,ассистент,
Соколов Е.П.,ФУПМ,ассистент,к.н.
Соколов И.К.,ФИВТ,ассистент,
Лебедев З.Т.,ФФ,доцент,
Алексеев М.Ю.,ФМиМ,профессор,к.н.
Соколов А.А.,ФМиЕН,,
Смирнов Л.О.,ФРТ,,д.н.
Лебедева Б.В.,ФИВТ,ассистент,д.н.
Попов З.Т.,ФМиМ,,д.н.
Лебедева И.К.,ФФ,,д.н.
Семенов Г.Н.,ФРТ,профессор,к.н.
Сидоров Г.Н.,ФФ,доцент,к.н.
Петров Б.В.,ФУПМ,ассистент,
Сидоров Б.В.,ФМиЕН,,к.н.
Петров М.Ю.,ФПМИ,доцент,
Лебедев Е.П.,ФИТ,ассистент,д.н.
Семенов Г.Н.,ФРТ,,
Лебедев Г.Н.,ФЭТ,,д.н.
Петров А.А.,ФМиМ,доцент,к.н.
Лебедева Г.Н.,ИТМО,доцент,д.н.
Козлов М.Ю.,ФИВТ,,
Кузнецов К.М.,ФИТ,доцент,
Козлов И.К.,ФФ,,
Лебедева И.К.,ИТМО,ассистент,
Семенов В.И.,ФЭТ,профессор,д.н.
Лебедева Б.В.,ФРТ,,д.н.
Соколов Ж.Р.,ИТМО,доцент,к.н.
Морозов Б.В.,ФМиЕН,профессор,д.н.
Смирнов Д.С.,ФИТ,ассистент,д.н.
Соколов Ж.Р.,ФРТ,доцент,
Лебедев Ж.Р.,ФУПМ,ассистент,к.н.
Алексеев З.Т.,ФФ,ассистент,
Кузнецов К.М.,ФИТ,доцент,к.н.
Егоров Б.В.,ИТМО,доцент,д.н.
Лебедева Л.О.,ФИТ,,
Смирнов В.И.,ФИВТ,ассистент,
Сидоров З.Т.,ИТМО,,д.н.
Семенов З.Т.,ФМиЕН,доцент,к.н.
Морозов И.К.,ФИВТ,ассистент,к.н.
Морозов В.И.,ФФ,ассистент,к.н.
Козлов Е.П.,ФУПМ,профессор,
Морозов И.К.,ФМиЕН,ассистент,д.н.
Семенов М.Ю.,ИТМО,доцент,д.н.
Алексеев В.И.,ФУПМ,доцент,
Кузнецов В.И.,ФМиМ,доцент,к.н.
Лебедева Д.С.,ФПМИ,профессор,
Кузнецов В.И.,ФРТ,профессор,к.н.
Козлов В.И.,ФИТ,,к.н.
Соколов Ж.Р.,ФФ,,
Лебедев Е.П.,ФМиЕН,профессор,
Семенов К.М.,ФМиЕН,ассистент,к.н.
Егоров Д.С.,ФИТ,ассистент,к.н.
Козлов Е.П.,ФИТ,,к.н.
Новиков И.К.,ФМиМ,ассистент,д.н.
Кузнецов Г.Н.,ФЭТ,доцент,
Алексеев В.И.,ФЭТ,,
Алексеев К.М.,ФУПМ,доцент,д.н.
Иванов Л.О.,ФИТ,ассистент,
Лебедев Г.Н.,ФФ,,
Сидоров Л.О.,ФФ,профессор,
Новиков М.Ю.,ФРТ,доцент,к.н.
Козлов З.Т.,ФМиМ,,д.н.
Смирнов И.К.,ФРТ,профессор,д.н.
Лебедев В.И.,ФРТ,профессор,к.н.
Семенов Д.С.,ФПМИ,,
Лебедев В.И.,ФФ,,к.н.
Лебедева И.К.,ФЭТ,профессор,к.н.
Иванов Б.В.,ФРТ,профессор,
Алексеев Ж.Р.,ФМиЕН,ассистент,д.н.
Иванов Ж.Р.,ФМиЕН,доцент,
Смирнов А.А.,ФЭТ,доцент,
Козлов Б.В.,ФЭТ,ассистент,д.н.
Смирнов Б.В.,ФФ,ассистент,д.н.
Лебедев З.Т.,ИТМО,доцент,д.н.
Попов Г.Н.,ИТМО,ассистент,д.н.
Алексеев И.К.,ФЭТ,профессор,д.н.
Егоров Л.О.,ФМиМ,доцент,
Козлов В.И.,ИТМО,доцент,к.н.
Попов З.Т.,ФРТ,доцент,д.н.
Семенов Г.Н.,ФИТ,,к.н.
Козлов М.Ю.,ФУПМ,ассистент,к.н.
Попов Е.П.,ФПМИ,,к.н.
Козлов Д.С.,ФЭТ,доцент,д.н.
Семенов Ж.Р.,ФЭТ,,к.н.
Егоров Г.Н.,ФПМИ,,д.н.
Козлов А.А.,ФЭТ,профессор,
Соколов Л.О.,ФФ,,д.н.
Лебедев В.И.,ФМиМ,ассистент,к.н.
Сидоров Б.В.,ФРТ,,
Лебедев И.К.,ФИВТ,,д.н.
Алексеев З.Т.,ФФ,,д.н.
Петров К.М.,ФУПМ,профессор,к.н.
Иванов Г.Н.,ФРТ,ассистент,к.н.
Сидоров Г.Н.,ФФ,профессор,
Лебедев И.К.,ФИТ,,д.н.
Смирнов З.Т.,ФПМИ,ассистент,
Лебедева З.Т.,ФМиМ,,д.н.
Иванов З.Т.,ФРТ,доцент,
Сидоров Е.П.,ФЭТ,,д.н.
Сидоров Л.О.,ФРТ,профессор,д.н.
Морозов И.К.,ИТМО,доцент,д.н.
Петров Б.В.,ФЭТ,доцент,д.н.
Попов Е.П.,ФПМИ,ассистент,д.н.
Волков Г.Н.,ФРТ,,
Попов К.М.,ФМиМ,,к.н.
Козлов Ж.Р.,ФМиМ,доцент,д.н.
Волков Е.П.,ФИВТ,,к.н.
Морозов И.К.,ФФ,ассистент,к.н.
Лебедева З.Т.,ФМиМ,доцент,к.н.
Алексеев Л.О.,ФМиМ,ассистент,к.н.
Новиков А.А.,ФМиЕН,ассистент,к.н.
Морозов Д.С.,ФЭТ,ассистент,к.н.
Алексеев Г.Н.,ФУПМ,профессор,д.н.
Морозов Ж.Р.,ФЭТ,доцент,
Лебедева З.Т.,ФРТ,доцент,д.н.
Лебедева Г.Н.,ФИВТ,ассистент,
Лебедев К.М.,ИТМО,профессор,д.н.
Морозов К.М.,ИТМО,профессор,д.н.
Петров К.М.,ФЭТ,доцент,
Иванов А.А.,ФИТ,доцент,
Козлов З.Т.,ФЭТ,профессор,
Сидоров Д.С.,ФИТ,ассистент,д.н.
Иванов М.Ю.,ФМиЕН,профессор,д.н.
Новиков М.Ю.,ФФ,,
Петров А.А.,ФРТ,доцент,д.н.
Семенов Б.В.,ФМиЕН,профессор,
Лебедев З.Т.,ФИТ,профессор,
Попов И.К.,ФМиМ,профессор,
Иванов В.И.,ФПМИ,ассистент,к.н.
Лебедев Л.О.,ФУПМ,,
Новиков Б.В.,ФМиМ,профессор,к.н.
Семенов К.М.,ФЭТ,профессор,
Кузнецов З.Т.,ФМиЕН,,
Лебедев З.Т.,ФФ,ассистент,к.н.
Новиков М.Ю.,ФИТ,доцент,
Лебедева Д.С.,ФЭТ,доцент,д.н.
Петров М.Ю.,ФИВТ,профессор,к.н.
Егоров Ж.Р.,ФРТ,доцент,к.н.
Сидоров Ж.Р.,ИТМО,ассистент,д.н.
Егоров К.М.,ФИВТ,ассистент,
Иванов Б.В.,ФРТ,доцент,д.н.
Сидоров Л.О.,ИТМО,ассистент,д.н.
Козлов Ж.Р.,ФМиЕН,,
Волков А.А.,ФИТ,,
Новиков И.К.,ФИВТ,,к.н.
Егоров М.Ю.,ФМиЕН,ассистент,
Егоров Л.О.,ИТМО,,д.н.
Семенов Г.Н.,ИТМО,ассистент,к.н.
Иванов Л.О.,ФЭТ,ассистент,д.н.
Алексеев А.А.,ФФ,профессор,д.н.
Семенов З.Т.,ФЭТ,доцент,
Сидоров Д.С.,ФИТ,профессор,
Иванов К.М.,ФРТ,доцент,
Смирнов Л.О.,ФУПМ,профессор,д.н.
Егоров З.Т.,ФЭТ,доцент,д.н.
Иванов Ж.Р.,ФМиЕН,профессор,
Волков Г.Н.,ФМиМ,профессор,
Кузнецов И.К.,ФМиЕН,профессор,к.н.
Волков И.К.,ФИТ,профессор,
Соколов К.М.,ФМиМ,ассистент,к.н.
Соколов К.М.,ФУПМ,,
Иванов Л.О.,ФИТ,профессор,к.н.
Волков З.Т.,ФРТ,доцент,
Петров З.Т.,ФФ,профессор,к.н.
Волков Г.Н.,ФРТ,профессор,к.н.
Алексеев Ж.Р.,ФМиЕН,профессор,к.н.
Лебедева Г.Н.,ФЭТ,профессор,к.н.
Морозов М.Ю.,ФФ,,д.н.
Семенов К.М.,ФПМИ,доцент,д.н.
Егоров И.К.,ИТМО,ассистент,д.н.
Лебедев Г.Н.,ФПМИ,ассистент,к.н.
Лебедев Л.О.,ФМиЕН,доцент,
Козлов Е.П.,ФМиЕН,профессор,к.н.
Кузнецов Б.В.,ФРТ,ассистент,д.н.
Лебедев В.И.,ФИВТ,профессор,д.н.
Лебедева Г.Н.,ФПМИ,,
Иванов В.И.,ФПМИ,ассистент,к.н.
Иванов И.К.,ФМиЕН,профессор,к.н.
Алексеев М.Ю.,ИТМО,доцент,д.н.
Кузнецов В.И.,ФМиМ,доцент,
Лебедев Б.В.,ФУПМ,профессор,к.н.
Козлов К.М.,ФМиЕН,ассистент,к.н.
Иванов М.Ю.,ФРТ,,
Попов Ж.Р.,ФПМИ,,к.н.
Иванов М.Ю.,ФУПМ,профессор,к.н.
Морозов Е.П.,ФФ,,д.н.
Егоров К.М.,ФИТ,доцент,
Иванов В.И.,ФИТ,ассистент,д.н.
Петров Д.С.,ФРТ,доцент,к.н.
Попов И.К.,ФИТ,профессор,
Козлов Е.П.,ФПМИ,профессор,к.н.
Волков Е.П.,ФИВТ,профессор,
Егоров Б.В.,ФМиМ,,д.н.
Волков Ж.Р.,ИТМО,профессор,д.н.
Смирнов М.Ю.,ФЭТ,,
Смирнов Б.В.,ФМиМ,ассистент,к.н.
Новиков Е.П.,ФПМИ,профессор,к.н.
Егоров В.И.,ФИВТ,профессор,к.н.
Сидоров Г.Н.,ФЭТ,,д.н.
Семенов Г.Н.,ФУПМ,профессор,к.н.
Смирнов А.А.,ФМиЕН,доцент,д.н.
Новиков Г.Н.,ФИТ,,д.н.
Попов Г.Н.,ФМиМ,профессор,д.н.
Новиков З.Т.,ФИТ,доцент,д.н.
Новиков Е.П.,ФИТ,,д.н.
Новиков Б.В.,ИТМО,ассистент,к.н.
Лебедева З.Т.,ФПМИ,доцент,к.н.
Лебедева Е.П.,ФИВТ,доцент,д.н.
Соколов Ж.Р.,ФФ,профессор,
Егоров Е.П.,ФИВТ,профессор,
Попов А.А.,ФМиМ,профессор,д.н.
Новиков В.И.,ФИТ,,к.н.
Лебедева Ж.Р.,ФИТ,ассистент,к.н.
Смирнов М.Ю.,ФФ,доцент,
Петров И.К.,ФМиЕН,,д.н.
Попов Б.В.,ФИВТ,доцент,д.н.
Егоров Б.В.,ФПМИ,доцент,д.н.
Смирнов З.Т.,ФРТ,профессор,д.н.
Новиков М.Ю.,ФРТ,,к.н.
Новиков Г.Н.,ФПМИ,ассистент,д.н.
Иванов Л.О.,ФИВТ,профессор,
Кузнецов А.А.,ФУПМ,доцент,д.н.
Попов И.К.,ФУПМ,профессор,
Новиков Г.Н.,ФЭТ,профессор,к.н.
Иванов Е.П.,ФИТ,профессор,к.н.
Иванов М.Ю.,ФУПМ,доцент,к.н.
Лебедев З.Т.,ФМиЕН,ассистент,
Сидоров В.И.,ФРТ,ассистент,
Соколов И.К.,ФМиЕН,,д.н.
Козлов З.Т.,ФИТ,ассистент,д.н.
Волков Г.Н.,ФИВТ,ассистент,
Соколов Ж.Р.,ФЭТ,,
Смирнов Б.В.,ФРТ,,д.н.
Петров Л.О.,ФМиЕН,,
Лебедева Ж.Р.,ФИВТ,доцент,д.н.
Петров Ж.Р.,ФФ,доцент,
Волков Л.О.,ФМиЕН,профессор,д.н.
Лебедева Л.О.,ФПМИ,,д.н.
Козлов К.М.,ФМиЕН,доцент,д.н.
Морозов Л.О.,ФЭТ,профессор,д.н.
Козлов Е.П.,ФФ,доцент,
Петров В.И.,ИТМО,,д.н.
Кузнецов Л.О.,ФФ,ассистент,к.н.
Попов А.А.,ФУПМ,,
Иванов Ж.Р.,ИТМО,профессор,к.н.
Лебедева В.И.,ФМиМ,доцент,к.н.
Лебедев З.Т.,ФЭТ,,к.н.
Попов А.А.,ФИТ,профессор,д.н.
Семенов И.К.,ФЭТ,ассистент,к.н.
Семенов Ж.Р.,ФЭТ,ассистент,д.н.
Кузнецов А.А.,ФМиМ,доцент,
Новиков Д.С.,ФМиЕН,ассистент,
Лебедева Г.Н.,ФПМИ,ассистент,
Соколов Д.С.,ФИВТ,профессор,д.н.
Кузнецов Л.О.,ФПМИ,,
Иванов Б.В.,ФМиМ,,д.н.
Новиков Ж.Р.,ФМиМ,ассистент,д.н.
Егоров К.М.,ФИТ,профессор,д.н.
Новиков М.Ю.,ФПМИ,профессор,
Алексеев А.А.,ФЭТ,ассистент,
Алексеев К.М.,ФЭТ,доцент,к.н.
Семенов К.М.,ФИВТ,,д.н.
Попов Г.Н.,ФФ,,д.н.
Волков З.Т.,ФМиМ,ассистент,
Петров И.К.,ФФ,доцент,д.н.
Алексеев К.М.,ФРТ,профессор,к.н.
Смирнов Б.В.,ФМиЕН,профессор,д.н.
Волков Б.В.,ФПМИ,профессор,
Кузнецов Л.О.,ИТМО,ассистент,д.н.
Лебедева Б.В.,ФПМИ,,д.н.
Егоров Г.Н.,ФМиМ,,
Козлов Ж.Р.,ФИВТ,ассистент,к.н.
Морозов Ж.Р.,ФЭТ,ассистент,
Козлов И.К.,ФИВТ,ассистент,
Козлов А.А.,ФМиЕН,профессор,д.н.
Попов Д.С.,ФМиЕН,доцент,
Смирнов Ж.Р.,ФУПМ,профессор,д.н.
Сидоров Ж.Р.,ФМиЕН,,к.н.
Козлов Б.В.,ФМиЕН,доцент,д.н.
Сидоров М.Ю.,ФФ,профессор,
Смирнов А.А.,ФРТ,профессор,
Лебедев Ж.Р.,ФРТ,доцент,
Петров Е.П.,ФМиЕН,доцент,д.н.
Попов К.М.,ФИВТ,ассистент,к.н.
Алексеев Л.О.,ФФ,профессор,д.н.
Соколов Ж.Р.,ФРТ,ассистент,
Сидоров З.Т.,ФПМИ,доцент,д.н.
Лебедева Б.В.,ИТМО,,д.н.
Волков В.И.,ФЭТ,доцент,к.н.
Морозов И.К.,ФРТ,доцент,д.н.
Егоров Л.О.,ФМиЕН,ассистент,
Волков А.А.,ФИВТ,доцент,д.н.
Козлов Б.В.,ФИВТ,ассистент,к.н.
Соколов Л.О.,ФЭТ,профессор,д.н.
Сидоров Е.П.,ФМиМ,,к.н.
Семенов М.Ю.,ФПМИ,,к.н.
Соколов К.М.,ФМиМ,доцент,д.н.
Семенов М.Ю.,ФПМИ,ассистент,д.н.
Козлов И.К.,ФМиЕН,профессор,к.н.
Алексеев Г.Н.,ФУПМ,доцент,к.н.
Семенов Г.Н.,ФЭТ,профессор,
Егоров З.Т.,ФРТ,ассистент,к.н.
Лебедева Ж.Р.,ФУПМ,профессор,к.н.
Лебедева З.Т.,ИТМО,доцент,д.н.
Алексеев Г.Н.,ФФ,доцент,к.н.
Волков Г.Н.,ФМиМ,,к.н.
Лебедева Е.П.,ИТМО,,
Морозов Ж.Р.,ИТМО,доцент,к.н.
Смирнов Д.С.,ФМиЕН,,
Сидоров Г.Н.,ФИВТ,профессор,
Морозов Д.С.,ФИТ,,д.н.
Смирнов В.И.,ИТМО,,
Попов М.Ю.,ФЭТ,,
Лебедева Е.П.,ФРТ,профессор,
Сидоров Л.О.,ИТМО,,
Смирнов Д.С.,ФЭТ,профессор,д.н.
Волков Л.О.,ФРТ,профессор,к.н.
Новиков Е.П.,ФРТ,ассистент,
Соколов Е.П.,ФИВТ,доцент,к.н.
Петров И.К.,ИТМО,доцент,д.н.
Лебедева З.Т.,ФФ,ассистент,
Алексеев А.А.,ФМиМ,доцент,
Морозов Б.В.,ФФ,профессор,д.н.
Соколов М.Ю.,ФМиМ,профессор,
Алексеев Б.В.,ФРТ,профессор,
Лебедев М.Ю.,ФРТ,ассистент,
Петров Ж.Р.,ФФ,профессор,
Семенов И.К.,ФФ,профессор,к.н.
Попов К.М.,ФЭТ,,д.н.
Кузнецов Д.С.,ФРТ,,д.н.
Волков В.И.,ФУПМ,доцент,
Семенов К.М.,ФИТ,доцент,д.н.
Волков Е.П.,ФИВТ,профессор,д.н.
Смирнов М.Ю.,ФЭТ,ассистент,
Иванов Б.В.,ФФ,профессор,к.н.
Лебедева Д.С.,ФМиМ,профессор,д.н.
Лебедев М.Ю.,ФИВТ,доцент,к.н.
Лебедев Л.О.,ФУПМ,доцент,к.н.
Егоров Г.Н.,ФУПМ,профессор,к.н.
Семенов Б.В.,ФРТ,профессор,к.н.
Петров З.Т.,ФМиЕН,профессор,к.н.
Волков М.Ю.,ФУПМ,доцент,
Козлов Ж.Р.,ФУПМ,,к.н.
Морозов В.И.,ФФ,,
Волков М.Ю.,ФИТ,профессор,к.н.
Кузнецов А.А.,ФФ,,д.н.
Соколов Г.Н.,ФМиЕН,профессор,
Попов А.А.,ИТМО,профессор,
Попов М.Ю.,ФИВТ,ассистент,
Новиков Е.П.,ФФ,,
Смирнов И.К.,ФРТ,доцент,
Лебедев М.Ю.,ФПМИ,профессор,к.н.
Козлов М.Ю.,ФПМИ,ассистент,
Попов Г.Н.,ФИВТ,ассистент,к.н.
Смирнов М.Ю.,ФФ,ассистент,
Семенов Е.П.,ИТМО,доцент,
Алексеев Е.П.,ФФ,доцент,
Кузнецов Е.П.,ФМиЕН,ассистент,к.н.
Волков К.М.,ФИТ,,к.н.
Семенов В.И.,ИТМО,,
Козлов Л.О.,ФУПМ,профессор,к.н.
Лебедева Д.С.,ФРТ,ассистент,
Новиков А.А.,ФМиМ,доцент,к.н.
Морозов И.К.,ФИВТ,доцент,
Волков В.И.,ФЭТ,,
Иванов Д.С.,ФРТ,профессор,д.н.
Новиков И.К.,ФФ,ассистент,д.н.
Козлов К.М.,ФИТ,ассистент,к.н.
Алексеев В.И.,ФПМИ,,д.н.
Соколов З.Т.,ФФ,доцент,
Смирнов Е.П.,ФПМИ,,к.н.
Лебедев Б.В.,ФРТ,,к.н.
Смирнов Г.Н.,ФРТ,ассистент,д.н.
Волков Д.С.,ФМиМ,доцент,д.н.
Соколов М.Ю.,ФПМИ,ассистент,к.н.
Семенов Е.П.,ФУПМ,доцент,
Иванов М.Ю.,ФЭТ,,к.н.
Соколов М.Ю.,ФИВТ,ассистент,д.н.
Кузнецов И.К.,ФЭТ,,
Соколов Г.Н.,ФМиЕН,,
Сидоров Б.В.,ИТМО,ассистент,к.н.
Семенов З.Т.,ФПМИ,,к.н.
Морозов И.К.,ФУПМ,,
Новиков В.И.,ФПМИ,профессор,д.н.
Иванов Д.С.,ФПМИ,,
Семенов К.М.,ФРТ,ассистент,к.н.
Попов Г.Н.,ФУПМ,ассистент,к.н.
Морозов К.М.,ФИВТ,,к.н.
Семенов Г.Н.,ФПМИ,,к.н.
Лебедев А.А.,ФМиЕН,ассистент,к.н.
Иванов И.К.,ФИТ,,д.н.
Лебедев А.А.,ИТМО,профессор,
Волков И.К.,ФИВТ,,д.н.
Кузнецов З.Т.,ИТМО,доцент,к.н.
Петров Д.С.,ФРТ,ассистент,к.н.
Алексеев Е.П.,ФУПМ,профессор,к.н.
Иванов З.Т.,ФИТ,ассистент,д.н.
Соколов А.А.,ФФ,профессор,
Семенов Е.П.,ФМиМ,доцент,к.н.
Соколов З.Т.,ФМиЕН,,д.н.
Новиков Д.С.,ФМиМ,доцент,д.н.
Волков Ж.Р.,ИТМО,,к.н.
Егоров Е.П.,ФМиМ,доцент,д.н.
Егоров М.Ю.,ИТМО,ассистент,д.н.
Попов Ж.Р.,ФМиМ,ассистент,к.н.
Семенов Г.Н.,ФИТ,доцент,к.н.
Лебедев Е.П.,ФПМИ,,д.н.
Иванов З.Т.,ФПМИ,профессор,к.н.
Иванов Ж.Р.,ФФ,ассистент,
Соколов Ж.Р.,ИТМО,ассистент,
Попов Ж.Р.,ФУПМ,профессор,
Морозов Г.Н.,ФФ,ассистент,д.н.
Новиков Е.П.,ФЭТ,ассистент,к.н.
Новиков А.А.,ИТМО,,к.н.
Егоров К.М.,ИТМО,ассистент,
Петров Л.О.,ФЭТ,,к.н.
Лебедева И.К.,ФРТ,ассистент,к.н.
Лебедев Д.С.,ФУПМ,профессор,
Лебедева М.Ю.,ФМиЕН,ассистент,к.н.
Лебедев В.И.,ФМиМ,профессор,к.н.
Попов З.Т.,ФРТ,ассистент,к.н.
Морозов Б.В.,ФИВТ,профессор,д.н.
Кузнецов З.Т.,ФРТ,доцент,к.н.
Кузнецов Ж.Р.,ИТМО,ассистент,к.н.
Новиков М.Ю.,ФУПМ,доцент,к.н.
Алексеев А.А.,ФМиЕН,,к.н.
Соколов Ж.Р.,ФМиМ,ассистент,д.н.
Морозов К.М.,ФПМИ,профессор,
Алексеев К.М.,ФФ,доцент,д.н.
Козлов М.Ю.,ФПМИ,ассистент,
Егоров Л.О.,ИТМО,доцент,к.н.
Иванов К.М.,ФПМИ,профессор,к.н.
Алексеев И.К.,ФФ,доцент,д.н.
Егоров Б.В.,ФЭТ,профессор,к.н.
Иванов Е.П.,ФФ,профессор,к.н.
Иванов К.М.,ФФ,ассистент,
Новиков А.А.,ФУПМ,ассистент,д.н.
Смирнов Б.В.,ФФ,ассистент,к.н.
Сидоров К.М.,ФИВТ,доцент,д.н.
Соколов Л.О.,ИТМО,доцент,д.н.
Алексеев К.М.,ФФ,,д.н.
Лебедев М.Ю.,ФИВТ,,к.н.
Семенов Л.О.,ФИВТ,ассистент,д.н.
Кузнецов В.И.,ФМиМ,ассистент,к.н.
Алексеев Е.П.,ФИВТ,профессор,д.н.
Кузнецов И.К.,ФРТ,,
Козлов Е.П.,ФМиЕН,профессор,
Иванов Д.С.,ФПМИ,,к.н.
Лебедев Д.С.,ФПМИ,ассистент,д.н.
Морозов Е.П.,ФУПМ,,к.н.
Лебедев Г.Н.,ФИВТ,доцент,
Смирнов А.А.,ФИВТ,,
Семенов Ж.Р.,ФЭТ,профессор,к.н.
Козлов Л.О.,ФФ,профессор,д.н.
Попов Д.С.,ФПМИ,доцент,
Кузнецов Ж.Р.,ФЭТ,доцент,д.н.
Лебедев Е.П.,ИТМО,,
Новиков И.К.,ФПМИ,профессор,к.н.
Сидоров Е.П.,ФРТ,,к.н.
Петров И.К.,ФЭТ,ассистент,д.н.
Иванов Д.С.,ИТМО,доцент,д.н.
Семенов Б.В.,ФИВТ,,
Кузнецов М.Ю.,ФИВТ,ассистент,к.н.
Козлов Д.С.,ФМиЕН,доцент,
Попов Д.С.,ФИВТ,доцент,к.н.
Козлов Л.О.,ФЭТ,,
Сидоров В.И.,ФИВТ,профессор,
Лебедев Л.О.,ФУПМ,профессор,д.н.
Соколов В.И.,ФИВТ,доцент,к.н.
Козлов З.Т.,ФФ,ассистент,д.н.
Кузнецов Л.О.,ФУПМ,ассистент,д.н.
Соколов М.Ю.,ФИТ,,д.н.
Лебедева Ж.Р.,ФПМИ,ассистент,д.н.
Смирнов Г.Н.,ФПМИ,профессор,к.н.
Волков К.М.,ФЭТ,профессор,
Иванов М.Ю.,ФПМИ,,д.н.
Попов З.Т.,ИТМО,профессор,
Новиков Г.Н.,ФИВТ,ассистент,д.н.
Новиков И.К.,ФПМИ,доцент,к.н.
Козлов Е.П.,ФПМИ,доцент,
Новиков В.И.,ФМиЕН,ассистент,к.н.
Попов В.И.,ИТМО,профессор,к.н.
Морозов Е.П.,ФИТ,доцент,к.н.
Соколов З.Т.,ФЭТ,доцент,
Иванов А.А.,ФМиЕН,ассистент,д.н.
Сидоров А.А.,ФРТ,доцент,к.н.
Кузнецов М.Ю.,ФЭТ,доцент,к.н.
Морозов И.К.,ФПМИ,ассистент,д.н.
Смирнов Е.П.,ФФ,,д.н.
Петров Д.С.,ФМиМ,профессор,к.н.
Лебедева З.Т.,ФПМИ,,
Смирнов И.К.,ФМиМ,,к.н.
Сидоров И.К.,ФУПМ,профессор,д.н.
Козлов В.И.,ФРТ,доцент,к.н.
Волков Ж.Р.,ФМиМ,ассистент,
Кузнецов И.К.,ФУПМ,,к.н.
Лебедева Ж.Р.,ФРТ,ассистент,д.н.
Смирнов Б.В.,ФРТ,профессор,д.н.
Новиков К.М.,ФМиЕН,доцент,д.н.
Сидоров Б.В.,ФПМИ,ассистент,к.н.
Новиков К.М.,ФУПМ,доцент,к.н.
Алексеев Ж.Р.,ФРТ,профессор,д.н.
Лебедева И.К.,ФРТ,ассистент,к.н.
Семенов Б.В.,ФМиЕН,,д.н.
Алексеев Б.В.,ФИВТ,профессор,д.н.
Кузнецов Г.Н.,ФМиМ,профессор,
Иванов К.М.,ФИТ,доцент,к.н.
Петров Б.В.,ФИТ,,д.н.
Новиков Д.С.,ФРТ,профессор,
Новиков М.Ю.,ФМиМ,доцент,д.н.
Морозов В.И.,ФПМИ,,к.н.
Попов Ж.Р.,ФЭТ,,к.н.
Волков К.М.,ФИВТ,ассистент,к.н.
Новиков Г.Н.,ФЭТ,ассистент,к.н.
Козлов К.М.,ФИВТ,ассистент,
Иванов Д.С.,ФФ,доцент,к.н.
Попов К.М.,ФРТ,доцент,д.н.
Егоров Д.С.,ФМиЕН,профессор,к.н.
Кузнецов З.Т.,ФМиЕН,профессор,
Лебедев Д.С.,ФРТ,профессор,д.н.
Алексеев И.К.,ФПМИ,ассистент,д.н.
Лебедев И.К.,ФМиЕН,,д.н.
Сидоров Е.П.,ФУПМ,доцент,к.н.
Волков И.К.,ФЭТ,,к.н.
Семенов Г.Н.,ФФ,,к.н.
Смирнов И.К.,ФИТ,профессор,
Морозов Г.Н.,ФФ,,к.н.
Морозов В.И.,ФФ,доцент,д.н.
Егоров М.Ю.,ФИТ,профессор,
Иванов И.К.,ИТМО,профессор,д.н.
Козлов Г.Н.,ФФ,ассистент,д.н.
Семенов Ж.Р.,ФПМИ,профессор,д.н.
Алексеев Е.П.,ФПМИ,профессор,д.н.
Сидоров М.Ю.,ИТМО,профессор,
Егоров Е.П.,ФЭТ,профессор,
Лебедева А.А.,ФФ,профессор,к.н.
Попов Е.П.,ФМиМ,профессор,к.н.
Петров З.Т.,ФИТ,,д.н.
Волков Г.Н.,ФМиЕН,ассистент,к.н.
Кузнецов Г.Н.,ФМиМ,доцент,к.н.
Егоров Ж.Р.,ФИВТ,профессор,
Смирнов А.А.,ФУПМ,доцент,
Новиков А.А.,ФИТ,доцент,
Козлов А.А.,ИТМО,доцент,к.н.
Козлов Ж.Р.,ФРТ,,
Новиков Д.С.,ФИВТ,доцент,
Сидоров А.А.,ФФ,,к.н.
Соколов К.М.,ФРТ,,
Алексеев М.Ю.,ФМиМ,профессор,к.н.
Иванов Л.О.,ФРТ,профессор,к.н.
Лебедев Г.Н.,ФМиМ,профессор,к.н.
Иванов К.М.,ФИТ,ассистент,к.н.
Попов Е.П.,ИТМО,,
Лебедев Д.С.,ФИТ,ассистент,
Новиков Б.В.,ФЭТ,ассистент,д.н.
Соколов Ж.Р.,ФФ,,к.н.
Алексеев Г.Н.,ФУПМ,,д.н.
Новиков В.И.,ФИТ,,к.н.
Новиков В.И.,ФМиЕН,ассистент,
Лебедева Ж.Р.,ФЭТ,доцент,к.н.
Семенов В.И.,ФПМИ,ассистент,к.н.
Козлов Д.С.,ФФ,доцент,д.н.
Козлов Л.О.,ФРТ,ассистент,
Смирнов З.Т.,ФУПМ,ассистент,
Соколов А.А.,ФИВТ,ассистент,д.н.
Козлов Л.О.,ФИВТ,профессор,д.н.
Морозов Б.В.,ФИТ,профессор,к.н.
Лебедева К.М.,ИТМО,профессор,д.н.
Семенов В.И.,ФИТ,ассистент,д.н.
Иванов Б.В.,ФИТ,,д.н.
Иванов А.А.,ИТМО,доцент,к.н.
Морозов М.Ю.,ФРТ,ассистент,д.н.
Иванов В.И.,ФМиМ,ассистент,к.н.
Петров И.К.,ФИВТ,ассистент,
Козлов Е.П.,ФЭТ,,д.н.
Лебедев К.М.,ФРТ,,
Лебедев Г.Н.,ФЭТ,,д.н.
Алексеев А.А.,ФПМИ,ассистент,
Петров М.Ю.,ФМиЕН,профессор,
Морозов В.И.,ФИВТ,профессор,
Семенов Е.П.,ФМиМ,,к.н.
Семенов И.К.,ФМиЕН,доцент,
Соколов Д.С.,ФМиМ,ассистент,к.н.
Иванов Г.Н.,ФИВТ,профессор,
Кузнецов З.Т.,ФФ,ассистент,
Смирнов Ж.Р.,ФРТ,профессор,к.н.
Иванов А.А.,ФРТ,профессор,
Соколов В.И.,ФЭТ,доцент,
Попов К.М.,ФПМИ,доцент,к.н.
Петров Д.С.,ФМиЕН,профессор,к.н.
Кузнецов Г.Н.,ФИВТ,доцент,к.н.
Иванов Е.П.,ФИТ,доцент,
Алексеев И.К.,ФИТ,,д.н.
Алексеев Ж.Р.,ФМиМ,профессор,
Кузнецов А.А.,ФИВТ,ассистент,к.н.
Козлов Е.П.,ФФ,,д.н.
Сидоров Б.В.,ФРТ,профессор,к.н.
Попов Г.Н.,ФИТ,профессор,д.н.
Морозов К.М.,ФФ,ассистент,д.н.
Иванов И.К.,ФУПМ,,д.н.
Морозов Л.О.,ФИВТ,,д.н.
Кузнецов Б.В.,ФМиЕН,,
Смирнов З.Т.,ФПМИ,доцент,д.н.
Иванов А.А.,ФМиМ,,
Иванов А.А.,ФИВТ,доцент,д.н.
Алексеев Е.П.,ФУПМ,,д.н.
Егоров И.К.,ИТМО,ассистент,д.н.
Петров В.И.,ФИТ,ассистент,д.н.
Кузнецов Г.Н.,ИТМО,профессор,д.н.
Смирнов В.И.,ФМиМ,профессор,д.н.
Новиков Л.О.,ФУПМ,ассистент,
Кузнецов И.К.,ФИТ,,к.н.
Петров И.К.,ФУПМ,ассистент,д.н.
Соколов Л.О.,ФЭТ,профессор,к.н.
Лебедев В.И.,ФМиМ,профессор,
Лебедев К.М.,ФИВТ,ассистент,к.н.
Иванов Е.П.,ФПМИ,доцент,д.н.
Семенов Е.П.,ФРТ,доцент,к.н.
Морозов З.Т.,ИТМО,ассистент,
Попов Ж.Р.,ФИТ,профессор,к.н.
Сидоров Д.С.,ФУПМ,,д.н.
Петров Д.С.,ФМиМ,ассистент,д.н.
Кузнецов В.И.,ФЭТ,ассистент,
Попов К.М.,ФРТ,,к.н.
Петров И.К.,ФУПМ,профессор,к.н.
Сидоров К.М.,ФМиМ,,к.н.
Лебедев К.М.,ФПМИ,,
Алексеев Е.П.,ФИТ,ассистент,к.н.
Егоров Л.О.,ФРТ,доцент,д.н.
Козлов И.К.,ФУПМ,профессор,д.н.
Петров А.А.,ИТМО,ассистент,
Соколов В.И.,ФМиМ,профессор,д.н.
Волков Б.В.,ФИВТ,профессор,к.н.
Иванов А.А.,ФМиМ,,
Морозов Е.П.,ИТМО,,
Новиков А.А.,ФМиМ,ассистент,
Смирнов З.Т.,ФМиЕН,доцент,д.н.
Кузнецов К.М.,ФЭТ,доцент,к.н.
Алексеев А.А.,ИТМО,доцент,д.н.
Соколов И.К.,ФМиМ,профессор,
Волков Д.С.,ФФ,доцент,к.н.
Попов Е.П.,ФУПМ,,д.н.
Волков З.Т.,ФУПМ,,д.н.
Кузнецов К.М.,ФМиМ,доцент,д.н.
Новиков В.И.,ФИВТ,доцент,
Егоров Б.В.,ФИВТ,профессор,д.н.
Петров Д.С.,ФУПМ,,д.н.
Волков З.Т.,ФИВТ,,
Волков К.М.,ФУПМ,ассистент,
Иванов В.И.,ФРТ,доцент,
Соколов К.М.,ИТМО,доцент,к.н.
Семенов К.М.,ФИВТ,профессор,
Смирнов К.М.,ИТМО,,к.н.
Семенов К.М.,ИТМО,,д.н.
Лебедева Д.С.,ФПМИ,доцент,д.н.
Попов Б.В.,ФФ,,к.н.
Егоров В.И.,ФМиЕН,доцент,д.н.
Соколов В.И.,ФЭТ,ассистент,
Семенов И.К.,ФЭТ,доцент,к.н.
Лебедева Ж.Р.,ФУПМ,ассистент,
Лебедева М.Ю.,ФФ,,д.н.
Сидоров Б.В.,ФУПМ,доцент,
Егоров Е.П.,ФМиЕН,профессор,
Петров Ж.Р.,ФМиЕН,ассистент,д.н.
Лебедев З.Т.,ИТМО,,
Морозов В.И.,ФМиЕН,,д.н.
Лебедев А.А.,ФПМИ,ассистент,д.н.
Волков Ж.Р.,ФМиМ,профессор,д.н.
Петров К.М.,ФРТ,ассистент,к.н.
Иванов Е.П.,ФРТ,профессор,
Лебедева М.Ю.,ФРТ,,
Алексеев Е.П.,ФПМИ,,к.н.
Морозов А.А.,ФМиМ,доцент,
Кузнецов З.Т.,ФМиЕН,ассистент,д.н.
Кузнецов И.К.,ФМиЕН,,к.н.
Сидоров И.К.,ФМиЕН,доцент,д.н.
Козлов З.Т.,ФПМИ,ассистент,
Морозов Д.С.,ФИВТ,,
Егоров Ж.Р.,ИТМО,,
Соколов Г.Н.,ФМиМ,профессор,
Иванов А.А.,ФФ,ассистент,
Лебедев Д.С.,ФМиМ,ассистент,к.н.
Сидоров Е.П.,ФПМИ,ассистент,д.н.
Кузнецов К.М.,ФИВТ,ассистент,д.н.
Попов М.Ю.,ФИТ,доцент,
Кузнецов Г.Н.,ФИВТ,ассистент,
Сидоров Ж.Р.,ФМиЕН,,д.н.
Смирнов И.К.,ФУПМ,,к.н.
Смирнов З.Т.,ФМиЕН,доцент,д.н.
Соколов Е.П.,ФФ,доцент,д.н.
Попов Б.В.,ФПМИ,доцент,к.н.
Кузнецов Л.О.,ФПМИ,профессор,к.н.
Лебедева М.Ю.,ФИТ,профессор,к.н.
Смирнов Д.С.,ФМиЕН,ассистент,к.н.
Смирнов Л.О.,ФУПМ,профессор,
Кузнецов М.Ю.,ФМиЕН,ассистент,д.н.
Козлов И.К.,ФИВТ,доцент,д.н.
Кузнецов К.М.,ФПМИ,,д.н.
Иванов Ж.Р.,ФФ,ассистент,
Морозов И.К.,ФИВТ,,
Попов А.А.,ФМиЕН,,
Лебедев Г.Н.,ФФ,доцент,к.н.
Лебедев Б.В.,ФРТ,профессор,к.н.
Семенов К.М.,ФМиЕН,профессор,к.н.
Козлов Е.П.,ФПМИ,профессор,
Новиков В.И.,ФМиМ,,
Попов М.Ю.,ФИТ,,к.н.
Волков Б.В.,ФПМИ,профессор,к.н.
Петров И.К.,ФФ,,д.н.
Сидоров З.Т.,ФПМИ,ассистент,
Соколов В.И.,ФФ,доцент,д.н.
Попов Е.П.,ФМиМ,доцент,к.н.
Соколов Е.П.,ИТМО,профессор,д.н.
Новиков В.И.,ФРТ,ассистент,к.н.
Кузнецов И.К.,ФЭТ,ассистент,
Егоров Ж.Р.,ФФ,профессор,д.н.
Семенов И.К.,ФФ,доцент,к.н.
Козлов Л.О.,ФФ,ассистент,д.н.
Смирнов Г.Н.,ФИВТ,,к.н.
Лебедева И.К.,ФМиМ,,к.н.
Лебедев Г.Н.,ФМиЕН,доцент,
Соколов Д.С.,ФМиЕН,доцент,
Алексеев Г.Н.,ФЭТ,доцент,
Морозов З.Т.,ФРТ,,
Соколов К.М.,ФЭТ,,
Волков Е.П.,ИТМО,,д.н.
Алексеев Е.П.,ФМиМ,,
Попов Л.О.,ФИВТ,доцент,к.н.
Петров Б.В.,ФПМИ,доцент,к.н.
Алексеев Г.Н.,ФМиМ,,к.н.
Лебедев Г.Н.,ФПМИ,профессор,
Волков А.А.,ФИТ,доцент,
Егоров К.М.,ФИВТ,,
Козлов В.И.,ФИТ,ассистент,д.н.
Петров Л.О.,ФИВТ,ассистент,к.н.
Морозов А.А.,ФМиМ,ассистент,
Алексеев К.М.,ФФ,ассистент,к.н.
Смирнов И.К.,ФИВТ,профессор,
Соколов Г.Н.,ФРТ,ассистент,
Егоров Ж.Р.,ФМиЕН,,д.н.
Егоров А.А.,ФМиЕН,доцент,д.н.
Петров Г.Н.,ФПМИ,ассистент,к.н.
Волков К.М.,ФИТ,профессор,к.н.
Иванов З.Т.,ФПМИ,,д.н.
Козлов Ж.Р.,ИТМО,,д.н.
Новиков Д.С.,ФРТ,,д.н.
Егоров Ж.Р.,ФПМИ,доцент,к.н.
Егоров Б.В.,ФИТ,доцент,к.н.
Смирнов Д.С.,ФУПМ,профессор,
Морозов Л.О.,ФИВТ,доцент,д.н.
Лебедева Е.П.,ФМиЕН,,д.н.
Алексеев Б.В.,ФФ,доцент,
Алексеев Е.П.,ИТМО,,к.н.
Новиков Ж.Р.,ФЭТ,доцент,
Иванов А.А.,ИТМО,профессор,к.н.
Лебедева Г.Н.,ФЭТ,,д.н.
Морозов Л.О.,ФИВТ,доцент,д.н.
Новиков М.Ю.,ФМиМ,профессор,к.н.
Иванов Ж.Р.,ФМиМ,доцент,к.н.
Лебедева И.К.,ФИТ,профессор,к.н.
Алексеев Ж.Р.,ФФ,доцент,к.н.
Лебедев Б.В.,ФМиМ,профессор,д.н.
Попов Б.В.,ФФ,профессор,д.н.
Новиков Е.П.,ФПМИ,,д.н.
Сидоров А.А.,ИТМО,профессор,к.н.
Козлов Е.П.,ФФ,доцент,д.н.
Попов Е.П.,ФЭТ,,к.н.
Иванов Д.С.,ФМиМ,,
Лебедева Б.В.,ФМиЕН,доцент,д.н.
Сидоров Е.П.,ИТМО,ассистент,к.н.
Лебедева Д.С.,ФУПМ,ассистент,
Иванов Г.Н.,ФРТ,,д.н.
Лебедева В.И.,ФУПМ,ассистент,д.н.
Попов Л.О.,ФИВТ,,
Егоров Г.Н.,ФУПМ,доцент,
Волков Ж.Р.,ФЭТ,,к.н.
Козлов З.Т.,ФИВТ,ассистент,
Петров В.И.,ФУПМ,профессор,д.н.
Сидоров З.Т.,ИТМО,,д.н.
Попов Е.П.,ФМиЕН,,
Сидоров М.Ю.,ФМиМ,профессор,д.н.
Соколов Е.П.,ФМиЕН,ассистент,к.н.
Кузнецов Б.В.,ФУПМ,,
Кузнецов М.Ю.,ФПМИ,,д.н.
Смирнов А.А.,ФПМИ,ассистент,д.н.
Соколов Л.О.,ФФ,профессор,
Козлов Е.П.,ФПМИ,,
Алексеев Л.О.,ФЭТ,ассистент,д.н.
Смирнов З.Т.,ИТМО,,
Морозов Д.С.,ФИВТ,,д.н.
Попов Б.В.,ФИТ,,д.н.
Козлов К.М.,ФМиМ,профессор,
Соколов В.И.,ФПМИ,ассистент,
Новиков И.К.,ИТМО,,д.н.
Семенов В.И.,ФИВТ,профессор,
Кузнецов Б.В.,ИТМО,ассистент,д.н.
Кузнецов Г.Н.,ФРТ,,
Попов З.Т.,ФЭТ,профессор,к.н.
Алексеев Г.Н.,ФФ,ассистент,д.н.
Козлов М.Ю.,ФРТ,доцент,к.н.
Иванов А.А.,ИТМО,,к.н.
Лебедев З.Т.,ФРТ,ассистент,к.н.
Семенов М.Ю.,ФМиМ,доцент,
Петров М.Ю.,ИТМО,доцент,к.н.
Соколов Г.Н.,ФРТ,доцент,д.н.
Соколов Е.П.,ФМиМ,,д.н.
Петров Д.С.,ИТМО,,к.н.
Новиков Л.О.,ФИВТ,,
Сидоров В.И.,ИТМО,ассистент,д.н.
Попов К.М.,ФМиЕН,,к.н.
Морозов М.Ю.,ФМиМ,,к.н.
Смирнов К.М.,ФПМИ,ассистент,
Лебедев Е.П.,ФЭТ,ассистент,
Соколов К.М.,ФМиМ,ассистент,д.н.
Сидоров Ж.Р.,ФРТ,,к.н.
Иванов М.Ю.,ФПМИ,,к.н.
Иванов И.К.,ФИТ,профессор,
Сидоров Л.О.,ФИВТ,ассистент,к.н.
Алексеев Б.В.,ФИВТ,,д.н.
Алексеев Б.В.,ФПМИ,,д.н.
Петров Г.Н.,ФПМИ,доцент,д.н.
Соколов Б.В.,ФУПМ,,д.н.
Семенов В.И.,ФРТ,,д.н.
Волков Г.Н.,ФУПМ,доцент,
Соколов В.И.,ИТМО,ассистент,
Петров Л.О.,ИТМО,доцент,д.н.
Семенов И.К.,ФРТ,доцент,к.н.
Попов Г.Н.,ФРТ,профессор,
Волков Д.С.,ФМиЕН,профессор,
Соколов В.И.,ФУПМ,ассистент,д.н.
Волков В.И.,ФЭТ,,к.н.
Смирнов Ж.Р.,ФПМИ,доцент,д.н.
Алексеев В.И.,ФИВТ,доцент,к.н.
Егоров Л.О.,ФПМИ,профессор,д.н.
Семенов Ж.Р.,ФИТ,,
Кузнецов Ж.Р.,ФРТ,доцент,
Сидоров Е.П.,ФИВТ,профессор,
Егоров А.А.,ФРТ,доцент,
Попов А.А.,ФУПМ,профессор,к.н.
Егоров И.К.,ФУПМ,доцент,
Семенов Д.С.,ФЭТ,профессор,к.н.
Кузнецов И.К.,ФРТ,профессор,д.н.
Семенов Д.С.,ФПМИ,доцент,д.н.
Кузнецов А.А.,ФМиЕН,ассистент,
Волков Г.Н.,ФРТ,ассистент,
Новиков Ж.Р.,ФЭТ,ассистент,к.н.
Смирнов Ж.Р.,ФЭТ,доцент,к.н.
Петров М.Ю.,ФРТ,доцент,д.н.
Семенов Ж.Р.,ИТМО,,к.н.
Лебедева Г.Н.,ФФ,ассистент,д.н.
Соколов И.К.,ФМиЕН,профессор,к.н.
Алексеев Л.О.,ФРТ,профессор,к.н.
Лебедев Ж.Р.,ФПМИ,доцент,к.н.
Морозов Е.П.,ФПМИ,доцент,д.н.
Иванов З.Т.,ФУПМ,профессор,д.н.
Егоров М.Ю.,ИТМО,ассистент,д.н.
Лебедев В.И.,ИТМО,доцент,
Смирнов К.М.,ФПМИ,,д.н.
Лебедев Д.С.,ФЭТ,профессор,к.н.
Новиков М.Ю.,ФФ,профессор,
Новиков И.К.,ФИТ,ассистент,
Морозов Ж.Р.,ФМиМ,профессор,к.н.
Алексеев В.И.,ФПМИ,профессор,
Козлов Д.С.,ФИВТ,доцент,к.н.
Сидоров З.Т.,ФЭТ,ассистент,к.н.
Волков А.А.,ФМиЕН,доцент,к.н.
Кузнецов М.Ю.,ФИТ,профессор,к.н.
Волков Д.С.,ФИТ,,д.н.
Попов Л.О.,ФИТ,профессор,к.н.
Иванов Е.П.,ФИТ,доцент,д.н.
Морозов Е.П.,ФУПМ,профессор,
Волков Д.С.,ФМиМ,,д.н.
Иванов И.К.,ФРТ,,д.н.
Сидоров К.М.,ФИВТ,ассистент,д.н.
Лебедева Г.Н.,ИТМО,профессор,к.н.
Кузнецов В.И.,ФФ,,
Сидоров Б.В.,ФЭТ,,
Иванов Г.Н.,ФПМИ,ассистент,
Соколов Е.П.,ФРТ,доцент,
Морозов Д.С.,ФМиМ,ассистент,д.н.
Новиков М.Ю.,ФИВТ,профессор,
Козлов Ж.Р.,ФИТ,доцент,
Сидоров Г.Н.,ФУПМ,ассистент,
Лебедев К.М.,ФПМИ,доцент,д.н.
Кузнецов М.Ю.,ФИВТ,ассистент,к.н.
Морозов М.Ю.,ФЭТ,ассистент,к.н.
Волков Г.Н.,ФПМИ,ассистент,д.н.
Попов Ж.Р.,ФПМИ,доцент,к.н.
Лебедев М.Ю.,ФФ,,к.н.
Попов Ж.Р.,ФПМИ,,д.н.
Семенов Л.О.,ФИТ,профессор,к.н.
Морозов И.К.,ФМиМ,ассистент,к.н.
Кузнецов Ж.Р.,ФРТ,профессор,д.н.
Морозов В.И.,ИТМО,профессор,д.н.
Петров З.Т.,ФПМИ,профессор,к.н.
Волков Б.В.,ИТМО,ассистент,д.н.
Попов Г.Н.,ФФ,,д.н.
Лебедева Б.В.,ФМиМ,доцент,к.н.
Иванов Ж.Р.,ФФ,доцент,к.н.
Смирнов Г.Н.,ФИВТ,доцент,
Волков Л.О.,ФПМИ,профессор,к.н.
Семенов М.Ю.,ФРТ,,д.н.
Иванов А.А.,ФРТ,профессор,к.н.
Иванов К.М.,ФИВТ,доцент,д.н.
Петров Д.С.,ФПМИ,,д.н.
Сидоров А.А.,ФМиЕН,профессор,
Иванов К.М.,ФУПМ,ассистент,к.н.
Смирнов А.А.,ФМиМ,профессор,к.н.
Морозов Е.П.,ФМиЕН,ассистент,
Соколов Е.П.,ФФ,профессор,д.н.
Егоров З.Т.,ФИВТ,доцент,к.н.
Морозов М.Ю.,ФМиМ,доцент,
Новиков И.К.,ФИВТ,,д.н.
Семенов Д.С.,ФРТ,доцент,
Кузнецов Ж.Р.,ФФ,ассистент,к.н.
Лебедев И.К.,ФФ,ассистент,к.н.
Сидоров А.А.,ФЭТ,ассистент,
Кузнецов Л.О.,ФУПМ,,
Лебедева Е.П.,ИТМО,профессор,д.н.
Морозов Ж.Р.,ФЭТ,доцент,д.н.
Кузнецов Л.О.,ФЭТ,,
Лебедев Д.С.,ФПМИ,доцент,к.н.
Петров К.М.,ФУПМ,,к.н.
Сидоров В.И.,ФЭТ,доцент,к.н.
Попов Д.С.,ФУПМ,доцент,к.н.
Лебедев Г.Н.,ФИВТ,,д.н.
Козлов З.Т.,ИТМО,,д.н.
Козлов А.А.,ФИТ,профессор,д.н.
Егоров Ж.Р.,ИТМО,доцент,
Смирнов Е.П.,ФПМИ,,к.н.
Лебедева А.А.,ФИТ,,к.н.
Попов Е.П.,ИТМО,профессор,д.н.
Волков М.Ю.,ФЭТ,профессор,
Лебедева Б.В.,ФИТ,,
Новиков Б.В.,ФМиМ,доцент,д.н.
Попов Г.Н.,ИТМО,профессор,к.н.
Лебедева Д.С.,ФФ,доцент,к.н.
Попов Е.П.,ФМиМ,профессор,к.н.
Смирнов Д.С.,ФЭТ,доцент,д.н.
Козлов М.Ю.,ФРТ,,д.н.
Сидоров Д.С.,ФРТ,доцент,
Лебедева Е.П.,ФИТ,ассистент,к.н.
Соколов В.И.,ФПМИ,профессор,
Волков Г.Н.,ФИТ,профессор,
Сидоров И.К.,ФИТ,,к.н.
Соколов М.Ю.,ФМиМ,ассистент,к.н.
Петров М.Ю.,ФМиЕН,ассистент,к.н.
Лебедева З.Т.,ФУПМ,доцент,д.н.
Волков В.И.,ФИТ,,д.н.
Морозов В.И.,ФПМИ,,д.н.
Новиков А.А.,ФИВТ,,
Новиков Б.В.,ИТМО,,к.н.
Новиков И.К.,ФИВТ,профессор,
Новиков Г.Н.,ИТМО,доцент,д.н.
Кузнецов З.Т.,ФМиМ,профессор,д.н.
Волков Е.П.,ФИВТ,профессор,к.н.
Иванов Б.В.,ФФ,профессор,
Морозов А.А.,ФПМИ,доцент,к.н.
Морозов Д.С.,ФМиЕН,профессор,
Лебедева К.М.,ФИТ,профессор,д.н.
Алексеев Е.П.,ФПМИ,доцент,д.н.
Иванов Б.В.,ИТМО,доцент,
Козлов Г.Н.,ФМиЕН,,д.н.
Сидоров Б.В.,ФИВТ,доцент,д.н.
Морозов И.К.,ФИВТ,доцент,д.н.
Алексеев Л.О.,ФМиЕН,ассистент,д.н.
Соколов Л.О.,ФИВТ,доцент,к.н.
Иванов А.А.,ИТМО,доцент,
Лебедева К.М.,ФУПМ,доцент,д.н.
Семенов И.К.,ФФ,ассистент,
Попов А.А.,ИТМО,профессор,
Семенов Г.Н.,ФИТ,ассистент,д.н.
Кузнецов Д.С.,ФПМИ,доцент,
Петров М.Ю.,ИТМО,профессор,
Морозов И.К.,ФМиЕН,профессор,к.н.
Кузнецов М.Ю.,ФРТ,доцент,
Смирнов Ж.Р.,ФЭТ,ассистент,д.н.
Морозов В.И.,ФМиЕН,,
Петров Д.С.,ФМиМ,ассистент,к.н.
Семенов В.И.,ИТМО,ассистент,к.н.
Смирнов В.И.,ФМиМ,доцент,д.н.
Лебедева М.Ю.,ФМиЕН,доцент,
Кузнецов К.М.,ФФ,профессор,д.н.
Иванов В.И.,ФФ,,
Смирнов А.А.,ФПМИ,ассистент,к.н.
Кузнецов Л.О.,ФМиМ,,
Кузнецов В.И.,ФМиЕН,профессор,к.н.
Сидоров А.А.,ФРТ,ассистент,
Егоров В.И.,ФРТ,ассистент,
Волков К.М.,ФФ,,д.н.
Егоров Д.С.,ФФ,ассистент,к.н.
Волков Г.Н.,ФМиЕН,,к.н.
Соколов Ж.Р.,ФМиЕН,профессор,к.н.
Смирнов К.М.,ФИВТ,доцент,д.н.
Смирнов К.М.,ФМиМ,доцент,к.н.
Лебедев В.И.,ФИТ,ассистент,д.н.
Алексеев Ж.Р.,ФМиЕН,,д.н.
Смирнов К.М.,ФМиМ,доцент,д.н.
Кузнецов Д.С.,ФПМИ,,к.н.
Лебедева Е.П.,ИТМО,доцент,д.н.
Козлов З.Т.,ФЭТ,,к.н.
Лебедев Ж.Р.,ИТМО,ассистент,к.н.
Морозов З.Т.,ФЭТ,профессор,к.н.
Сидоров З.Т.,ФИВТ,,к.н.
Волков Л.О.,ФРТ,,
Смирнов Д.С.,ФУПМ,доцент,к.н.
Волков З.Т.,ФЭТ,,д.н.
Лебедева Л.О.,ИТМО,профессор,к.н.
Волков Ж.Р.,ФМиЕН,ассистент,
Иванов Д.С.,ФМиМ,профессор,к.н.
Соколов И.К.,ФЭТ,ассистент,
Новиков К.М.,ФРТ,,к.н.
Волков Д.С.,ФУПМ,профессор,к.н.
Кузнецов А.А.,ФУПМ,ассистент,д.н.
Козлов Г.Н.,ФМиМ,доцент,
Смирнов И.К.,ФЭТ,доцент,д.н.
Кузнецов Л.О.,ФЭТ,профессор,
Волков Г.Н.,ФФ,ассистент,к.н.
Петров Е.П.,ФИВТ,ассистент,д.н.
Алексеев В.И.,ИТМО,ассистент,д.н.
Волков Ж.Р.,ФИТ,ассистент,д.н.
Петров Л.О.,ФЭТ,доцент,
Смирнов К.М.,ФФ,ассистент,к.н.
Волков Ж.Р.,ФМиЕН,,
Алексеев Б.В.,ФМиМ,ассистент,к.н.
Егоров И.К.,ФПМИ,профессор,д.н.
Лебедев Г.Н.,ФУПМ,,д.н.
Алексеев К.М.,ФРТ,ассистент,к.н.
Морозов А.А.,ФРТ,ассистент,
Морозов З.Т.,ФМиЕН,ассистент,к.н.
Попов Е.П.,ФФ,ассистент,
Морозов Е.П.,ФРТ,доцент,
Петров Б.В.,ФМиЕН,доцент,
Попов З.Т.,ФЭТ,профессор,
Иванов Б.В.,ИТМО,ассистент,к.н.
Соколов Д.С.,ФФ,ассистент,д.н.
Алексеев Е.П.,ФФ,ассистент,д.н.
Егоров Г.Н.,ИТМО,,д.н.
Кузнецов Б.В.,ИТМО,профессор,д.н.
Лебедев Д.С.,ФУПМ,,
Попов И.К.,ФПМИ,профессор,
Морозов Г.Н.,ИТМО,,д.н.
Сидоров Г.Н.,ФИВТ,профессор,
Смирнов Б.В.,ФМиЕН,доцент,
Соколов Г.Н.,ИТМО,,
Морозов Г.Н.,ФМиЕН,,д.н.
Соколов Б.В.,ИТМО,,к.н.
Волков Б.В.,ФИТ,,к.н.
Кузнецов Л.О.,ФЭТ,профессор,
Семенов Л.О.,ИТМО,профессор,к.н.
Соколов А.А.,ФИВТ,профессор,к.н.
Смирнов Г.Н.,ФПМИ,,д.н.
Кузнецов Г.Н.,ИТМО,доцент,д.н.
Семенов А.А.,ФИТ,,
Морозов Ж.Р.,ФПМИ,доцент,к.н.
Лебедева Е.П.,ФИВТ,,к.н.
Морозов Ж.Р.,ФИВТ,,к.н.
Козлов Л.О.,ФМиЕН,профессор,
Егоров Г.Н.,ФИВТ,профессор,д.н.
Морозов Д.С.,ФЭТ,профессор,к.н.
Волков М.Ю.,ФПМИ,ассистент,д.н.
Соколов З.Т.,ИТМО,профессор,к.н.
Кузнецов К.М.,ФЭТ,ассистент,
Алексеев Е.П.,ФИТ,ассистент,д.н.
Лебедев Ж.Р.,ФРТ,доцент,
Сидоров Е.П.,ФРТ,,д.н.
Иванов Л.О.,ФФ,профессор,к.н.
Иванов В.И.,ФУПМ,профессор,к.н.
Кузнецов З.Т.,ФИТ,ассистент,д.н.
Смирнов И.К.,ФМиЕН,ассистент,д.н.
Иванов Е.П.,ИТМО,ассистент,
Лебедева К.М.,ФФ,,
Козлов М.Ю.,ИТМО,ассистент,
Иванов К.М.,ФУПМ,ассистент,к.н.
Морозов З.Т.,ФМиЕН,доцент,к.н.
Козлов Б.В.,ФРТ,,д.н.
Соколов Л.О.,ФИТ,профессор,к.н.
Морозов К.М.,ИТМО,профессор,
Лебедева Ж.Р.,ФФ,профессор,к.н.
Новиков Е.П.,ФФ,,
Сидоров К.М.,ИТМО,профессор,д.н.
Новиков Д.С.,ФРТ,профессор,д.н.
Кузнецов Л.О.,ФИВТ,ассистент,д.н.
Егоров Ж.Р.,ИТМО,,
Алексеев Е.П.,ФУПМ,,к.н.
Алексеев Л.О.,ФМиЕН,ассистент,к.н.
Иванов Л.О.,ФИВТ,доцент,д.н.
Лебедева Л.О.,ИТМО,доцент,
Петров Г.Н.,ФУПМ,доцент,д.н.
Сидоров Ж.Р.,ФМиМ,доцент,
Семенов Г.Н.,ФЭТ,доцент,д.н.
Егоров Е.П.,ФЭТ,ассистент,д.н.
Иванов Ж.Р.,ФФ,ассистент,д.н.
Смирнов З.Т.,ФМиЕН,доцент,
Козлов Б.В.,ФРТ,профессор,д.н.
Кузнецов Е.П.,ФЭТ,профессор,к.н.
Иванов К.М.,ФИВТ,доцент,
Лебедева В.И.,ИТМО,доцент,д.н.
Алексеев В.И.,ФФ,,к.н.
Иванов К.М.,ФИВТ,доцент,
Смирнов В.И.,ФИВТ,доцент,
Смирнов З.Т.,ФИТ,,
Сидоров Б.В.,ФПМИ,,д.н.
Козлов Г.Н.,ФПМИ,профессор,к.н.
Лебедева Г.Н.,ФУПМ,ассистент,к.н.
Морозов И.К.,ФУПМ,доцент,д.н.
Новиков В.И.,ФФ,профессор,
Лебедев З.Т.,ФУПМ,доцент,
Кузнецов Л.О.,ФМиЕН,профессор,к.н.
Козлов К.М.,ФИТ,профессор,к.н.
Лебедева В.И.,ФЭТ,доцент,
Морозов З.Т.,ФИВТ,ассистент,к.н.
Смирнов Б.В.,ФРТ,ассистент,д.н.
Егоров К.М.,ФПМИ,,к.н.
Соколов Е.П.,ФИВТ,профессор,
Попов Л.О.,ФМиЕН,профессор,
Лебедева Д.С.,ФИТ,доцент,д.н.
Лебедев Б.В.,ФФ,ассистент,к.н.
Морозов Ж.Р.,ФРТ,,к.н.
Кузнецов И.К.,ИТМО,доцент,к.н.
Кузнецов В.И.,ФЭТ,доцент,д.н.
Семенов Е.П.,ФМиЕН,,д.н.
Лебедев А.А.,ФПМИ,,д.н.
Козлов Е.П.,ФМиЕН,профессор,
Новиков Е.П.,ФУПМ,,д.н.
Козлов Ж.Р.,ФМиМ,доцент,
Волков Б.В.,ФИВТ,профессор,
Смирнов Ж.Р.,ФИТ,профессор,
Смирнов Б.В.,ИТМО,ассистент,к.н.
Смирнов М.Ю.,ФИТ,доцент,д.н.
Алексеев Л.О.,ФМиЕН,,
Егоров Д.С.,ФПМИ,,д.н.
Семенов Г.Н.,ФУПМ,профессор,к.н.
Волков Л.О.,ФЭТ,доцент,д.н.
Петров И.К.,ФПМИ,ассистент,к.н.
Соколов Ж.Р.,ФМиМ,профессор,к.н.
Кузнецов Ж.Р.,ФУПМ,доцент,к.н.
Лебедева Е.П.,ФУПМ,доцент,
Петров А.А.,ИТМО,доцент,д.н.
Лебедева Г.Н.,ФМиМ,,к.н.
Новиков В.И.,ФЭТ,ассистент,к.н.
Попов В.И.,ФФ,ассистент,
Петров Б.В.,ФРТ,доцент,д.н.
Морозов К.М.,ФМиМ,ассистент,к.н.
Петров Е.П.,ИТМО,,д.н.
Новиков Б.В.,ФМиМ,профессор,д.н.
Сидоров А.А.,ФЭТ,,д.н.
Лебедева Л.О.,ФМиЕН,доцент,д.н.
Сидоров Б.В.,ФРТ,профессор,д.н.
Сидоров Г.Н.,ФМиМ,профессор,к.н.
Лебедев Е.П.,ФМиМ,ассистент,д.н.
Егоров Е.П.,ФПМИ,,
Соколов А.А.,ФИТ,,
Соколов А.А.,ФРТ,профессор,д.н.
Егоров К.М.,ФМиМ,доцент,д.н.
Егоров И.К.,ФУПМ,профессор,д.н.
Попов Е.П.,ФИТ,доцент,к.н.
Соколов Б.В.,ФРТ,ассистент,
Козлов З.Т.,ИТМО,ассистент,
Смирнов А.А.,ФИТ,доцент,д.н.
Петров Ж.Р.,ФПМИ,,к.н.
Попов А.А.,ФРТ,профессор,д.н.
Смирнов И.К.,ФЭТ,профессор,д.н.
Семенов К.М.,ФИТ,ассистент,к.н.
Соколов Ж.Р.,ФФ,доцент,д.н.
Сидоров Б.В.,ФИТ,доцент,
Смирнов Б.В.,ФПМИ,доцент,д.н.
Соколов Б.В.,ФЭТ,,
Семенов А.А.,ФИТ,,к.н.
Соколов И.К.,ФПМИ,доцент,к.н.
Алексеев А.А.,ФРТ,профессор,д.н.
Петров И.К.,ФПМИ,доцент,
Семенов К.М.,ФУПМ,профессор,д.н.
Петров В.И.,ФУПМ,,к.н.
Лебедева К.М.,ФПМИ,ассистент,
Соколов З.Т.,ФПМИ,ассистент,
Соколов Г.Н.,ФМиЕН,доцент,к.н.
Егоров З.Т.,ФПМИ,ассистент,к.н.
Лебедева Ж.Р.,ФФ,ассистент,д.н.
Петров М.Ю.,ФЭТ,доцент,к.н.
Смирнов Г.Н.,ФЭТ,,к.н.
Егоров А.А.,ФИВТ,доцент,
Попов Д.С.,ФПМИ,доцент,
Соколов Г.Н.,ФФ,профессор,к.н.
Алексеев В.И.,ФРТ,доцент,д.н.
Козлов Б.В.,ФПМИ,доцент,д.н.
Волков Л.О.,ФИТ,ассистент,д.н.
Иванов Л.О.,ФПМИ,профессор,к.н.
Иванов Г.Н.,ФПМИ,профессор,д.н.
Алексеев Д.С.,ФИВТ,профессор,д.н.
Козлов А.А.,ФИТ,,д.н.
Соколов Б.В.,ФМиМ,доцент,д.н.
Кузнецов Ж.Р.,ФМиЕН,доцент,д.н.
Сидоров К.М.,ФИВТ,доцент,д.н.
Волков Е.П.,ФРТ,,к.н.
Новиков М.Ю.,ФФ,доцент,
Волков М.Ю.,ФУПМ,профессор,
Попов И.К.,ФУПМ,доцент,д.н.
Семенов Ж.Р.,ФРТ,ассистент,д.н.
Волков Д.С.,ФМиЕН,,к.н.
Петров Л.О.,ФУПМ,,д.н.
Лебедева Б.В.,ФРТ,доцент,
Новиков Ж.Р.,ФФ,профессор,к.н.
Попов Ж.Р.,ИТМО,,
Егоров Д.С.,ФИВТ,доцент,д.н.
Семенов Л.О.,ФИТ,доцент,д.н.
Попов Е.П.,ФРТ,профессор,
Волков Д.С.,ФУПМ,,
Лебедев Д.С.,ФУПМ,доцент,к.н.
Соколов Г.Н.,ФЭТ,доцент,к.н.
Кузнецов К.М.,ФМиЕН,доцент,д.н.
Сидоров Л.О.,ФЭТ,ассистент,к.н.
Алексеев К.М.,ФЭТ,доцент,к.н.
Волков Д.С.,ФЭТ,доцент,д.н.
Козлов Л.О.,ФФ,ассистент,
Семенов М.Ю.,ФЭТ,,к.н.
Новиков Ж.Р.,ФИТ,доцент,к.н.
Соколов В.И.,ФЭТ,,д.н.
Иванов З.Т.,ФПМИ,доцент,к.н.
Лебедев Б.В.,ФУПМ,профессор,д.н.
Лебедева Ж.Р.,ФМиМ,,к.н.
Новиков Д.С.,ФЭТ,ассистент,
Егоров Ж.Р.,ФРТ,ассистент,д.н.
Сидоров М.Ю.,ФИТ,,д.н.
Сидоров А.А.,ФПМИ,профессор,д.н.
Лебедева Ж.Р.,ФУПМ,,к.н.
Егоров И.К.,ФИТ,профессор,д.н.
Соколов К.М.,ФМиЕН,ассистент,
Кузнецов Д.С.,ФЭТ,профессор,д.н.
Лебедева М.Ю.,ИТМО,профессор,д.н.
Алексеев И.К.,ФПМИ,ассистент,
Соколов Д.С.,ФРТ,,
Иванов Ж.Р.,ФУПМ,,
Петров Г.Н.,ФМиЕН,ассистент,к.н.
Иванов Е.П.,ФИТ,доцент,к.н.
Козлов Г.Н.,ИТМО,,к.н.
Козлов Ж.Р.,ИТМО,ассистент,д.н.
Морозов К.М.,ФИВТ,ассистент,д.н.
Волков Б.В.,ФМиЕН,,к.н.
Егоров А.А.,ФИВТ,ассистент,
Лебедева Е.П.,ФИВТ,,к.н.
Иванов Б.В.,ФПМИ,,к.н.
Лебедев Д.С.,ФУПМ,доцент,к.н.
Егоров И.К.,ФРТ,профессор,д.н.
Попов Б.В.,ФУПМ,доцент,
Иванов И.К.,ФМиМ,ассистент,к.н.
Морозов Л.О.,ФФ,ассистент,
Волков Д.С.,ФЭТ,доцент,д.н.
Попов Г.Н.,ФФ,,
Козлов К.М.,ФМиМ,,
Иванов А.А.,ФУПМ,доцент,к.н.
Морозов К.М.,ФИВТ,профессор,д.н.
Новиков Е.П.,ФЭТ,ассистент,д.н.
Соколов И.К.,ФИВТ,доцент,к.н.
Лебедева В.И.,ФИВТ,ассистент,к.н.
Семенов М.Ю.,ФЭТ,доцент,
Смирнов Л.О.,ФИВТ,профессор,
Попов Е.П.,ФПМИ,,к.н.
Козлов Л.О.,ФИТ,ассистент,
Егоров К.М.,ФМиЕН,,
Соколов М.Ю.,ФМиМ,,к.н.
Лебедева Л.О.,ФМиЕН,,к.н.
Новиков И.К.,ФМиЕН,доцент,
Лебедева Д.С.,ФРТ,ассистент,д.н.
Кузнецов И.К.,ФЭТ,доцент,
Кузнецов Д.С.,ФЭТ,ассистент,д.н.
Волков Д.С.,ФУПМ,ассистент,
Смирнов Е.П.,ФИВТ,,к.н.
Семенов И.К.,ФФ,ассистент,к.н.
Семенов К.М.,ФУПМ,ассистент,д.н.
Попов Л.О.,ФФ,ассистент,к.н.
Соколов Л.О.,ФФ,,
Волков Г.Н.,ФФ,доцент,
Смирнов И.К.,ФИВТ,профессор,д.н.
Петров Б.В.,ФЭТ,доцент,
Смирнов Ж.Р.,ФПМИ,профессор,
Морозов К.М.,ФПМИ,ассистент,д.н.
Соколов И.К.,ФЭТ,ассистент,к.н.
Лебедев К.М.,ФУПМ,ассистент,д.н.
Сидоров И.К.,ФМиЕН,доцент,
Попов И.К.,ФРТ,доцент,
Лебедева Д.С.,ИТМО,доцент,д.н.
Смирнов Л.О.,ФФ,профессор,
Лебедев Е.П.,ФУПМ,,к.н.
Козлов Ж.Р.,ФУПМ,,д.н.
Сидоров К.М.,ФФ,ассистент,
Сидоров А.А.,ИТМО,профессор,д.н.
Смирнов Е.П.,ФМиМ,доцент,к.н.
Морозов М.Ю.,ФМиЕН,ассистент,д.н.
Петров Е.П.,ФИТ,,
Сидоров Г.Н.,ИТМО,ассистент,
Сидоров Д.С.,ФМиМ,профессор,
Морозов И.К.,ФИТ,ассистент,
Попов К.М.,ФЭТ,ассистент,к.н.
Иванов А.А.,ИТМО,доцент,
Сидоров М.Ю.,ФПМИ,доцент,к.н.
Иванов М.Ю.,ФУПМ,доцент,к.н.
Волков В.И.,ФЭТ,доцент,к.н.
Морозов М.Ю.,ФМиМ,,д.н.
Сидоров М.Ю.,ФФ,,д.н.
Сидоров М.Ю.,ФУПМ,доцент,
Волков К.М.,ФРТ,,к.н.
Козлов Д.С.,ФЭТ,ассистент,к.н.
Семенов Б.В.,ФМиМ,доцент,
Кузнецов Д.С.,ФУПМ,профессор,д.н.
Соколов А.А.,ФФ,,
Егоров А.А.,ФМиМ,доцент,
Новиков К.М.,ФРТ,профессор,к.н.
Лебедев Б.В.,ФМиЕН,профессор,к.н.
Лебедев З.Т.,ФЭТ,профессор,д.н.
Морозов М.Ю.,ФРТ,,к.н.
Семенов Г.Н.,ФИТ,доцент,д.н.
Соколов Д.С.,ФПМИ,ассистент,д.н.
Новиков И.К.,ФФ,ассистент,к.н.
Алексеев А.А.,ФМиЕН,профессор,к.н.
Семенов И.К.,ФИТ,ассистент,к.н.
Соколов И.К.,ФИВТ,доцент,к.н.
Волков К.М.,ФРТ,,д.н.
Егоров А.А.,ФМиМ,профессор,к.н.
Кузнецов М.Ю.,ФИВТ,доцент,д.н.
Соколов К.М.,ФМиЕН,ассистент,
Лебедева Г.Н.,ФИВТ,ассистент,
Алексеев Б.В.,ФФ,ассистент,
Новиков В.И.,ФМиМ,ассистент,д.н.
Егоров З.Т.,ФУПМ,,к.н.
Новиков И.К.,ФМиЕН,профессор,
Козлов Г.Н.,ФРТ,профессор,
Козлов Е.П.,ФУПМ,,к.н.
Новиков З.Т.,ФМиМ,,д.н.
Петров Е.П.,ФПМИ,профессор,
Морозов К.М.,ФМиМ,ассистент,
Лебедев И.К.,ФПМИ,ассистент,к.н.
Лебедев В.И.,ФУПМ,,
Егоров В.И.,ФРТ,ассистент,д.н.
Морозов Л.О.,ИТМО,ассистент,
Лебедев Ж.Р.,ФФ,профессор,д.н.
Морозов Л.О.,ФРТ,ассистент,
Иванов З.Т.,ФИТ,профессор,д.н.
Егоров К.М.,ФЭТ,профессор,
Семенов В.И.,ФЭТ,,д.н.
Козлов А.А.,ФРТ,ассистент,д.н.
Сидоров А.А.,ФРТ,,к.н.
Кузнецов К.М.,ФМиМ,доцент,д.н.
Лебедева Г.Н.,ФФ,профессор,к.н.
Новиков Ж.Р.,ФПМИ,ассистент,
Смирнов А.А.,ФМиМ,профессор,к.н.
Морозов М.Ю.,ФФ,,
Козлов З.Т.,ФИВТ,,д.н.
Морозов А.А.,ФИТ,,к.н.
Морозов Б.В.,ФРТ,ассистент,
Козлов Д.С.,ФРТ,профессор,д.н.
Попов Л.О.,ФМиМ,ассистент,к.н.
Козлов А.А.,ФМиЕН,доцент,к.н.
Иванов Е.П.,ФМиМ,профессор,д.н.
Козлов К.М.,ФРТ,ассистент,к.н.
Егоров Г.Н.,ФМиЕН,,
Лебедева К.М.,ИТМО,профессор,
Иванов К.М.,ФПМИ,ассистент,к.н.
Кузнецов В.И.,ФУПМ,ассистент,
Лебедева К.М.,ФУПМ,профессор,к.н.
Алексеев К.М.,ФФ,ассистент,д.н.
Алексеев Д.С.,ФРТ,ассистент,
Новиков З.Т.,ФПМИ,,
Морозов Е.П.,ФМиМ,профессор,
Козлов В.И.,ФЭТ,доцент,д.н.
Петров И.К.,ФЭТ,ассистент,
Семенов И.К.,ИТМО,,д.н.
Попов Л.О.,ФМиМ,доцент,д.н.
Соколов К.М.,ИТМО,,д.н.
Алексеев А.А.,ФУПМ,профессор,д.н.
Алексеев Е.П.,ИТМО,ассистент,
Алексеев З.Т.,ИТМО,,к.н.
Соколов З.Т.,ФРТ,,к.н.
Кузнецов Д.С.,ФПМИ,,
Иванов З.Т.,ФМиМ,доцент,
Петров Г.Н.,ФЭТ,доцент,
Волков М.Ю.,ФИТ,доцент,
Волков Е.П.,ФМиМ,ассистент,
Егоров Б.В.,ФУПМ,,к.н.
Алексеев К.М.,ИТМО,,д.н.
Попов В.И.,ФМиЕН,профессор,к.н.
Лебедева Г.Н.,ФИВТ,ассистент,
Козлов Б.В.,ФЭТ,профессор,д.н.
Лебедева И.К.,ИТМО,,д.н.
Егоров Б.В.,ФФ,,к.н.
Иванов Л.О.,ФРТ,,
Попов А.А.,ИТМО,ассистент,д.н.
Лебедева А.А.,ФПМИ,профессор,к.н.
Алексеев Е.П.,ФИВТ,ассистент,
Лебедев К.М.,ФИВТ,профессор,к.н.
Кузнецов Е.П.,ФЭТ,ассистент,д.н.
Соколов И.К.,ИТМО,ассистент,к.н.
Петров З.Т.,ФФ,ассистент,к.н.
Козлов Л.О.,ФПМИ,,
Семенов М.Ю.,ФИВТ,ассистент,к.н.
Семенов З.Т.,ФИТ,ассистент,
Кузнецов Е.П.,ФМиМ,доцент,д.н.
Иванов Л.О.,ФМиЕН,профессор,
Смирнов Г.Н.,ФУПМ,доцент,д.н.
Кузнецов Л.О.,ФУПМ,,к.н.
Козлов М.Ю.,ФРТ,доцент,к.н.
Лебедев В.И.,ФФ,ассистент,
Кузнецов К.М.,ИТМО,доцент,к.н.
Лебедев А.А.,ФРТ,доцент,к.н.
Попов Д.С.,ФМиМ,профессор,
Попов Л.О.,ФРТ,,
Лебедева И.К.,ФМиЕН,профессор,
Семенов Е.П.,ФМиЕН,ассистент,к.н.
Смирнов Л.О.,ФУПМ,ассистент,д.н.
Алексеев Б.В.,ФФ,,
Семенов В.И.,ФФ,доцент,д.н.
Волков К.М.,ИТМО,ассистент,д.н.
Лебедев В.И.,ФИТ,профессор,д.н.
Морозов З.Т.,ФЭТ,ассистент,д.н.
Иванов Л.О.,ФИВТ,ассистент,к.н.
Алексеев Г.Н.,ФМиЕН,доцент,д.н.
Лебедева В.И.,ФПМИ,,
Новиков К.М.,ФМиЕН,профессор,д.н.
Лебедев Д.С.,ФРТ,профессор,д.н.
Новиков Б.В.,ИТМО,профессор,
Морозов К.М.,ФПМИ,доцент,д.н.
Лебедев Е.П.,ФМиЕН,ассистент,к.н.
Новиков З.Т.,ФУПМ,,к.н.
Козлов Л.О.,ФМиМ,доцент,д.н.
Семенов З.Т.,ФМиЕН,,д.н.
Морозов Г.Н.,ФИТ,профессор,
Иванов Г.Н.,ФИВТ,ассистент,
Попов К.М.,ФФ,,к.н.
Волков Г.Н.,ФФ,доцент,
Козлов Д.С.,ФИТ,,д.н.
Егоров Л.О.,ФУПМ,ассистент,д.н.
Морозов Б.В.,ФМиЕН,профессор,д.н.
Семенов Ж.Р.,ФЭТ,ассистент,д.н.
Лебедева Ж.Р.,ФИВТ,,к.н.
Егоров Г.Н.,ФИТ,профессор,к.н.
Попов Е.П.,ФФ,ассистент,
Кузнецов И.К.,ФМиМ,профессор,к.н.
Петров Б.В.,ФПМИ,профессор,д.н.
Смирнов А.А.,ФЭТ,профессор,д.н.
Лебедев Г.Н.,ФМиЕН,ассистент,д.н.
Новиков К.М.,ФИВТ,,
Семенов В.И.,ФИВТ,ассистент,д.н.
Лебедева З.Т.,ФМиМ,ассистент,
Лебедев Л.О.,ФЭТ,,д.н.
Соколов Б.В.,ФУПМ,,д.н.
Волков М.Ю.,ФИТ,ассистент,д.н.
Новиков М.Ю.,ФЭТ,,к.н.
Егоров Л.О.,ФИТ,профессор,д.н.
Иванов Б.В.,ФМиЕН,доцент,
Соколов В.И.,ФФ,ассистент,
Егоров Ж.Р.,ИТМО,доцент,д.н.
Алексеев А.А.,ФФ,профессор,
Иванов В.И.,ФФ,,д.н.
Смирнов З.Т.,ФПМИ,,д.н.
Егоров К.М.,ФМиМ,профессор,к.н.
Иванов В.И.,ФЭТ,доцент,д.н.
Иванов Е.П.,ФИТ,доцент,д.н.
Лебедева М.Ю.,ФФ,профессор,к.н.
Егоров И.К.,ФМиЕН,,д.н.
Соколов М.Ю.,ФМиМ,,
Кузнецов Г.Н.,ФМиЕН,,д.н.
Сидоров В.И.,ФРТ,профессор,к.н.
Лебедева Д.С.,ФЭТ,профессор,д.н.
Петров М.Ю.,ФУПМ,доцент,
Иванов А.А.,ИТМО,ассистент,
Морозов Л.О.,ФПМИ,доцент,
Кузнецов М.Ю.,ФУПМ,,
Егоров Л.О.,ФФ,ассистент,д.н.
Алексеев Г.Н.,ФМиМ,,д.н.
Лебедева Ж.Р.,ФРТ,,
Алексеев З.Т.,ФИВТ,доцент,д.н.
Лебедев Б.В.,ФМиЕН,ассистент,
Семенов И.К.,ФФ,профессор,
Волков К.М.,ФУПМ,,
Семенов К.М.,ФУПМ,ассистент,
Соколов К.М.,ФФ,,
Лебедева К.М.,ФПМИ,доцент,
Волков Е.П.,ФФ,профессор,д.н.
Новиков А.А.,ФУПМ,профессор,д.н.
Новиков Г.Н.,ФМиМ,ассистент,д.н.
Лебедев И.К.,ИТМО,доцент,
Лебедев Е.П.,ФРТ,,к.н.
Лебедев И.К.,ФРТ,профессор,
Сидоров Л.О.,ФЭТ,ассистент,
Соколов Л.О.,ФРТ,,д.н.
Смирнов К.М.,ФФ,доцент,
Егоров К.М.,ФИТ,,к.н.
Егоров В.И.,ИТМО,доцент,д.н.
Сидоров Л.О.,ФИТ,доцент,д.н.
Попов Б.В.,ФМиЕН,профессор,д.н.
Смирнов Д.С.,ФМиЕН,профессор,к.н.
Сидоров З.Т.,ФИВТ,профессор,к.н.
Соколов В.И.,ФПМИ,,
Алексеев В.И.,ФИТ,ассистент,к.н.
Егоров В.И.,ФМиЕН,профессор,к.н.
Новиков А.А.,ФУПМ,ассистент,к.н.
Новиков К.М.,ФМиЕН,доцент,д.н.
Новиков Д.С.,ФМиМ,ассистент,к.н.
Сидоров З.Т.,ИТМО,ассистент,д.н.
Сидоров К.М.,ФРТ,профессор,
Новиков З.Т.,ФИТ,,к.н.
Петров К.М.,ФФ,ассистент,
Лебедев А.А.,ИТМО,,
Смирнов Е.П.,ФУПМ,доцент,д.н.
Новиков М.Ю.,ФМиЕН,профессор,к.н.
Волков Л.О.,ФИВТ,доцент,
Новиков Б.В.,ФУПМ,,к.н.
Иванов М.Ю.,ФУПМ,,д.н.
Волков Л.О.,ФМиЕН,,
Иванов Г.Н.,ФФ,ассистент,д.н.
Сидоров И.К.,ФИТ,,д.н.
Егоров З.Т.,ФИТ,ассистент,д.н.
Новиков Г.Н.,ФИВТ,профессор,к.н.
Сидоров М.Ю.,ФМиМ,профессор,
Лебедев В.И.,ФМиЕН,доцент,
Иванов М.Ю.,ИТМО,профессор,д.н.
Алексеев А.А.,ФЭТ,профессор,
Козлов Е.П.,ФУПМ,,к.н.
Петров К.М.,ФРТ,,д.н.
Алексеев Л.О.,ФУПМ,профессор,к.н.
Семенов Д.С.,ФМиМ,,к.н.
Попов В.И.,ФПМИ,доцент,
Сидоров К.М.,ФПМИ,ассистент,к.н.
Кузнецов В.И.,ФМиМ,,к.н.
Смирнов З.Т.,ФПМИ,,д.н.
Попов К.М.,ФРТ,ассистент,д.н.
Новиков Л.О.,ФИВТ,доцент,
Козлов А.А.,ФФ,ассистент,д.н.
Лебедев Ж.Р.,ФФ,доцент,к.н.
Лебедев А.А.,ФЭТ,,д.н.
Сидоров И.К.,ФИТ,доцент,к.н.
Соколов М.Ю.,ФИТ,доцент,д.н.
Морозов В.И.,ФПМИ,доцент,
Алексеев В.И.,ФУПМ,профессор,к.н.
Соколов Ж.Р.,ФИВТ,ассистент,д.н.
Алексеев К.М.,ФРТ,,
Иванов Г.Н.,ФПМИ,ассистент,д.н.
Петров И.К.,ФМиМ,доцент,д.н.
Морозов М.Ю.,ФУПМ,,д.н.
Козлов Г.Н.,ФМиЕН,профессор,
Кузнецов М.Ю.,ИТМО,доцент,к.н.
Попов И.К.,ФУПМ,ассистент,к.н.
Сидоров В.И.,ФПМИ,,
Кузнецов Ж.Р.,ФРТ,доцент,
Козлов Ж.Р.,ИТМО,ассистент,
Лебедева В.И.,ФЭТ,,д.н.
Козлов Е.П.,ФПМИ,доцент,
Иванов Г.Н.,ФЭТ,,к.н.
Морозов Ж.Р.,ФЭТ,,
Иванов Ж.Р.,ФУПМ,,к.н.
Кузнецов Л.О.,ИТМО,ассистент,
Лебедев К.М.,ФУПМ,ассистент,
Смирнов Ж.Р.,ФИТ,профессор,д.н.
Петров Б.В.,ФМиМ,ассистент,
Лебедев Л.О.,ФПМИ,профессор,
Петров В.И.,ФИВТ,профессор,к.н.
Лебедева Ж.Р.,ФИТ,ассистент,к.н.
Козлов А.А.,ФЭТ,ассистент,д.н.
Смирнов А.А.,ИТМО,,к.н.
Попов Ж.Р.,ФИВТ,доцент,к.н.
Лебедев М.Ю.,ИТМО,ассистент,
Попов Е.П.,ФМиМ,,д.н.
Лебедева В.И.,ФРТ,,к.н.
Волков Е.П.,ФМиМ,,
Соколов А.А.,ФМиМ,,д.н.
Смирнов З.Т.,ФИТ,,д.н.
Семенов И.К.,ФЭТ,доцент,к.н.
Лебедев Д.С.,ФПМИ,профессор,к.н.
Козлов И.К.,ФЭТ,ассистент,к.н.
Новиков К.М.,ФФ,,к.н.
Егоров Г.Н.,ФПМИ,доцент,к.н.
Новиков Д.С.,ФМиЕН,,к.н.
Новиков Е.П.,ФИВТ,,д.н.
Алексеев Е.П.,ФМиМ,доцент,
Морозов З.Т.,ФМиЕН,доцент,к.н.
Попов В.И.,ФФ,ассистент,к.н.
Иванов М.Ю.,ФМиМ,профессор,
Сидоров З.Т.,ФФ,профессор,д.н.
Семенов И.К.,ФФ,доцент,к.н.
Лебедев К.М.,ФУПМ,,
Алексеев Г.Н.,ФМиМ,,д.н.
Смирнов З.Т.,ФМиЕН,ассистент,д.н.
Новиков Л.О.,ФФ,ассистент,к.н.
Лебедев Б.В.,ФМиМ,ассистент,
Егоров Г.Н.,ФУПМ,профессор,к.н.
Алексеев И.К.,ФИВТ,ассистент,к.н.
Петров Л.О.,ФМиМ,,д.н.
Иванов Б.В.,ФФ,,д.н.
Козлов И.К.,ФПМИ,доцент,д.н.
Сидоров К.М.,ФИВТ,,
Соколов Б.В.,ФИТ,профессор,к.н.
Петров Л.О.,ФЭТ,ассистент,д.н.
Козлов З.Т.,ФУПМ,ассистент,д.н.
Попов Б.В.,ФМиЕН,доцент,д.н.
Егоров И.К.,ФРТ,профессор,
Петров Е.П.,ФРТ,ассистент,к.н.
Смирнов И.К.,ФПМИ,профессор,к.н.
Лебедева З.Т.,ФИТ,доцент,
Алексеев Е.П.,ФИВТ,ассистент,
Смирнов Ж.Р.,ФУПМ,,
Соколов Е.П.,ФФ,доцент,д.н.
Лебедева Л.О.,ФИТ,ассистент,к.н.
Петров Ж.Р.,ФИВТ,,д.н.
Петров М.Ю.,ФУПМ,профессор,д.н.
Петров Г.Н.,ФМиЕН,доцент,к.н.
Лебедева Д.С.,ФФ,,
Семенов А.А.,ФМиМ,профессор,
Морозов Г.Н.,ФМиМ,ассистент,
Иванов А.А.,ИТМО,,д.н.
Соколов Е.П.,ФПМИ,профессор,
Иванов Ж.Р.,ФРТ,ассистент,к.н.
Алексеев Ж.Р.,ФИТ,ассистент,д.н.
Козлов В.И.,ФРТ,ассистент,д.н.
Иванов Г.Н.,ФИВТ,профессор,
Кузнецов К.М.,ФУПМ,профессор,к.н.
Егоров М.Ю.,ФПМИ,доцент,
Сидоров Д.С.,ФИТ,доцент,д.н.
Волков Ж.Р.,ФИВТ,,
Кузнецов З.Т.,ФУПМ,профессор,к.н.
Попов М.Ю.,ФЭТ,профессор,к.н.
Козлов А.А.,ФИТ,,к.н.
Новиков Б.В.,ФЭТ,,д.н.
Петров З.Т.,ФМиЕН,,к.н.
Лебедев К.М.,ФРТ,ассистент,
Новиков А.А.,ФМиМ,,
Кузнецов Л.О.,ФМиМ,профессор,д.н.
Лебедев Л.О.,ФИВТ,,
Козлов К.М.,ФЭТ,,
Семенов Б.В.,ФИТ,профессор,
Соколов И.К.,ФМиМ,доцент,д.н.
Соколов З.Т.,ФИВТ,ассистент,
Попов Д.С.,ФЭТ,,
Сидоров Ж.Р.,ФМиМ,ассистент,
Смирнов Ж.Р.,ФУПМ,доцент,д.н.
Козлов З.Т.,ФИТ,ассистент,
Егоров Б.В.,ФУПМ,доцент,
Петров Б.В.,ФИТ,ассистент,
Лебедев Е.П.,ФРТ,профессор,к.н.
Кузнецов Ж.Р.,ФМиЕН,ассистент,к.н.
Лебедева Д.С.,ФИВТ,ассистент,к.н.
Иванов А.А.,ФЭТ,ассистент,к.н.
Кузнецов М.Ю.,ФЭТ,профессор,
Соколов М.Ю.,ФИТ,доцент,
Лебедев Е.П.,ФИВТ,профессор,к.н.
Семенов Е.П.,ФИТ,профессор,к.н.
Петров К.М.,ФЭТ,,д.н.
Соколов Д.С.,ФМиЕН,профессор,к.н.
Алексеев Г.Н.,ИТМО,профессор,к.н.
Сидоров Г.Н.,ИТМО,ассистент,д.н.
Соколов В.И.,ФЭТ,,
Морозов Д.С.,ФПМИ,профессор,д.н.
Сидоров И.К.,ФПМИ,ассистент,
Козлов Б.В.,ФМиЕН,доцент,
Егоров В.И.,ФУПМ,,
Петров Ж.Р.,ИТМО,профессор,
Егоров И.К.,ФИТ,ассистент,
Алексеев И.К.,ФИВТ,ассистент,
Алексеев М.Ю.,ФРТ,профессор,
Козлов Е.П.,ФФ,ассистент,д.н.
Смирнов К.М.,ФМиЕН,профессор,д.н.
Морозов М.Ю.,ФЭТ,ассистент,к.н.
Сидоров Е.П.,ФПМИ,ассистент,
Семенов Д.С.,ФЭТ,ассистент,к.н.
Морозов Б.В.,ФИВТ,,
Петров В.И.,ФИТ,ассистент,к.н.
Морозов Г.Н.,ФРТ,ассистент,д.н.
Егоров К.М.,ФРТ,профессор,к.н.
Семенов К.М.,ФУПМ,ассистент,к.н.
Петров В.И.,ФЭТ,,к.н.
Новиков Г.Н.,ФИТ,ассистент,д.н.
Петров А.А.,ФПМИ,доцент,к.н.
Алексеев В.И.,ФИТ,доцент,к.н.
Козлов В.И.,ФРТ,профессор,к.н.
Попов Е.П.,ИТМО,доцент,
Алексеев Л.О.,ФПМИ,,
Морозов Л.О.,ФФ,,д.н.
Новиков В.И.,ФЭТ,доцент,к.н.
Лебедева Б.В.,ФМиМ,ассистент,к.н.
Новиков Ж.Р.,ФИТ,ассистент,д.н.
Петров К.М.,ФПМИ,,д.н.
Петров Ж.Р.,ФПМИ,,
Иванов Г.Н.,ИТМО,ассистент,к.н.
Сидоров Ж.Р.,ФРТ,,
Лебедева А.А.,ФЭТ,доцент,к.н.
Соколов И.К.,ИТМО,профессор,
Кузнецов З.Т.,ФМиЕН,,
Петров Г.Н.,ФУПМ,ассистент,к.н.
Лебедева А.А.,ФМиМ,профессор,к.н.
Соколов К.М.,ФМиМ,,к.н.
Волков И.К.,ФЭТ,профессор,
Морозов Д.С.,ИТМО,профессор,д.н.
Новиков Д.С.,ФФ,ассистент,к.н.
Новиков Е.П.,ФЭТ,,д.н.
Попов Л.О.,ФМиМ,профессор,д.н.
Смирнов И.К.,ФЭТ,доцент,к.н.
Семенов З.Т.,ФФ,,к.н.
Козлов А.А.,ФПМИ,профессор,к.н.
Новиков Л.О.,ФЭТ,доцент,
Новиков Г.Н.,ФИТ,доцент,к.н.
Морозов Л.О.,ФУПМ,доцент,д.н.
Соколов М.Ю.,ФПМИ,доцент,д.н.
Иванов К.М.,ФРТ,доцент,д.н.
Петров Д.С.,ФЭТ,,
Иванов Г.Н.,ИТМО,профессор,
Попов И.К.,ФИТ,доцент,
Морозов И.К.,ФРТ,ассистент,к.н.
Морозов З.Т.,ФЭТ,профессор,к.н.
Новиков М.Ю.,ФМиЕН,,д.н.
Петров Ж.Р.,ИТМО,ассистент,
Морозов Л.О.,ФЭТ,,к.н.
Сидоров Д.С.,ФМиЕН,,д.н.
Лебедева Е.П.,ФИТ,,к.н.
Семенов Г.Н.,ФИВТ,профессор,
Волков Б.В.,ФМиЕН,,к.н.
Кузнецов Г.Н.,ФМиМ,ассистент,д.н.
Егоров Б.В.,ИТМО,доцент,д.н.
Морозов Б.В.,ФИТ,доцент,д.н.
Козлов Г.Н.,ФУПМ,доцент,
Семенов З.Т.,ФЭТ,профессор,
Козлов Д.С.,ФУПМ,доцент,д.н.
Лебедева Г.Н.,ФМиМ,,
Козлов Е.П.,ФМиЕН,,
Семенов И.К.,ФПМИ,доцент,д.н.
Новиков И.К.,ФРТ,профессор,д.н.
Новиков З.Т.,ФФ,,
Смирнов Ж.Р.,ИТМО,доцент,д.н.
Соколов М.Ю.,ФФ,,д.н.
Кузнецов Л.О.,ИТМО,,д.н.
Иванов М.Ю.,ФРТ,ассистент,
Волков И.К.,ИТМО,ассистент,д.н.
Иванов И.К.,ФИВТ,профессор,к.н.
Семенов Б.В.,ФРТ,ассистент,
Козлов В.И.,ФИТ,ассистент,
Егоров Л.О.,ИТМО,,
Волков И.К.,ФУПМ,ассистент,к.н.
Соколов Д.С.,ФИТ,,д.н.
Попов Ж.Р.,ФУПМ,профессор,к.н.
Кузнецов Б.В.,ФМиЕН,профессор,
Сидоров Е.П.,ФМиЕН,доцент,д.н.
Новиков Д.С.,ФМиМ,ассистент,
Смирнов Г.Н.,ФРТ,доцент,к.н.
Кузнецов З.Т.,ФУПМ,ассистент,к.н.
Алексеев Б.В.,ИТМО,доцент,к.н.
Алексеев Д.С.,ФФ,доцент,к.н.
Попов В.И.,ФУПМ,профессор,
Попов Б.В.,ФМиЕН,ассистент,
Морозов М.Ю.,ФИВТ,профессор,
Алексеев В.И.,ФЭТ,профессор,д.н.
Кузнецов А.А.,ФФ,ассистент,к.н.
Новиков Л.О.,ФИВТ,ассистент,
Морозов М.Ю.,ФМиМ,профессор,к.н.
Лебедев В.И.,ФРТ,доцент,к.н.
Сидоров Б.В.,ФИВТ,ассистент,к.н.
Морозов А.А.,ИТМО,,д.н.
Иванов Е.П.,ФУПМ,ассистент,к.н.
Сидоров Д.С.,ИТМО,,д.н.
Соколов А.А.,ФЭТ,профессор,к.н.
Смирнов Е.П.,ФФ,профессор,д.н.
Волков И.К.,ФМиМ,,д.н.
Соколов Г.Н.,ФМиЕН,профессор,
Козлов В.И.,ФПМИ,,к.н.
Волков Е.П.,ФЭТ,доцент,д.н.
Смирнов З.Т.,ФФ,доцент,д.н.
Попов Д.С.,ФУПМ,ассистент,д.н.
Морозов М.Ю.,ФУПМ,,к.н.
Лебедева Б.В.,ФУПМ,,к.н.
Лебедев И.К.,ФУПМ,профессор,д.н.
Лебедев Д.С.,ИТМО,,
Иванов М.Ю.,ФЭТ,доцент,
Алексеев Е.П.,ФИВТ,,
Иванов Ж.Р.,ФМиЕН,,
Петров А.А.,ФМиЕН,,
Волков Д.С.,ФМиМ,доцент,к.н.
Попов М.Ю.,ФФ,,д.н.
Лебедев З.Т.,ФИВТ,,д.н.
Егоров З.Т.,ИТМО,,
Кузнецов Л.О.,ФИВТ,доцент,
Иванов Ж.Р.,ИТМО,доцент,к.н.
Петров И.К.,ФРТ,профессор,д.н.
Семенов К.М.,ФИТ,ассистент,к.н.
Лебедев Б.В.,ФЭТ,доцент,д.н.
Козлов И.К.,ФЭТ,,
Лебедева К.М.,ФФ,профессор,д.н.
Смирнов А.А.,ФЭТ,ассистент,к.н.
Кузнецов З.Т.,ФМиМ,доцент,
Лебедев З.Т.,ФРТ,доцент,
Лебедев Ж.Р.,ФМиМ,,д.н.
Волков Б.В.,ИТМО,доцент,к.н.
Попов З.Т.,ФПМИ,профессор,д.н.
Петров М.Ю.,ФФ,доцент,
Лебедев Г.Н.,ФМиЕН,,д.н.
Сидоров З.Т.,ФРТ,ассистент,
Сидоров Ж.Р.,ФМиЕН,,
Попов Е.П.,ФПМИ,,к.н.
Иванов Л.О.,ФИТ,профессор,д.н.
Попов К.М.,ФЭТ,доцент,к.н.
Иванов Г.Н.,ФПМИ,ассистент,
Егоров Ж.Р.,ФИТ,профессор,
Лебедева М.Ю.,ИТМО,ассистент,к.н.
Лебедева Г.Н.,ФПМИ,,д.н.
Егоров Б.В.,ФИТ,профессор,д.н.
Сидоров Е.П.,ФФ,доцент,д.н.
Семенов Ж.Р.,ФУПМ,профессор,к.н.
Новиков Е.П.,ФУПМ,профессор,
Козлов Г.Н.,ФРТ,ассистент,к.н.
Новиков Г.Н.,ФФ,профессор,к.н.
Волков Б.В.,ФРТ,доцент,
Кузнецов Б.В.,ФМиМ,профессор,д.н.
Лебедева Л.О.,ФИТ,профессор,к.н.
Козлов А.А.,ФЭТ,ассистент,
Морозов И.К.,ФМиЕН,ассистент,д.н.
Попов И.К.,ФМиМ,профессор,д.н.
Лебедева Б.В.,ФФ,доцент,
Сидоров З.Т.,ФФ,профессор,
Лебедева В.И.,ФУПМ,ассистент,
Соколов Г.Н.,ФЭТ,профессор,
Егоров М.Ю.,ИТМО,,к.н.
Иванов З.Т.,ИТМО,ассистент,к.н.
Егоров И.К.,ФИВТ,,д.н.
Новиков Е.П.,ФЭТ,,к.н.
Попов К.М.,ФУПМ,доцент,
Новиков Ж.Р.,ФИТ,,
Петров Ж.Р.,ФМиЕН,,д.н.
Соколов К.М.,ФМиМ,доцент,
Козлов А.А.,ФПМИ,,
Морозов Г.Н.,ФМиЕН,доцент,
Смирнов В.И.,ИТМО,профессор,д.н.
Иванов Г.Н.,ФФ,,д.н.
Егоров Г.Н.,ФУПМ,доцент,к.н.
Смирнов Б.В.,ФИТ,ассистент,к.н.
Кузнецов М.Ю.,ФУПМ,профессор,
Новиков А.А.,ФУПМ,ассистент,д.н.
Лебедев К.М.,ФМиМ,,к.н.
Семенов К.М.,ФПМИ,доцент,
Морозов Ж.Р.,ФРТ,ассистент,д.н.
Новиков Л.О.,ИТМО,профессор,д.н.
Егоров Г.Н.,ФМиМ,,д.н.
Соколов Г.Н.,ФФ,,к.н.
Иванов Ж.Р.,ФРТ,профессор,
Морозов Б.В.,ФМиЕН,ассистент,д.н.
Алексеев З.Т.,ФИТ,,
Соколов Ж.Р.,ФЭТ,доцент,д.н.
Егоров З.Т.,ФЭТ,ассистент,
Егоров Д.С.,ФИВТ,,д.н.
Егоров Л.О.,ФМиМ,доцент,к.н.
Иванов В.И.,ФИВТ,ассистент,
Егоров Е.П.,ФПМИ,доцент,д.н.
Семенов Д.С.,ИТМО,ассистент,
Лебедева А.А.,ФМиЕН,доцент,д.н.
Иванов Л.О.,ФФ,,к.н.
Смирнов А.А.,ФУПМ,ассистент,
Семенов З.Т.,ФУПМ,доцент,
Волков Б.В.,ФПМИ,доцент,д.н.
Соколов В.И.,ФПМИ,ассистент,д.н.
Лебедева Ж.Р.,ФПМИ,ассистент,
Лебедев Е.П.,ФИВТ,ассистент,к.н.
Иванов К.М.,ИТМО,,к.н.
Петров Г.Н.,ФПМИ,профессор,к.н.
Кузнецов А.А.,ФИТ,профессор,
Козлов А.А.,ФФ,,
Иванов И.К.,ИТМО,доцент,
Алексеев Д.С.,ФЭТ,,к.н.
Семенов А.А.,ФПМИ,доцент,д.н.
Смирнов Б.В.,ФМиЕН,,д.н.
Лебедев В.И.,ФПМИ,доцент,д.н.
Попов Г.Н.,ФИТ,профессор,к.н.
Лебедева И.К.,ФРТ,,д.н.
Морозов Л.О.,ФМиЕН,,д.н.
Лебедева Д.С.,ФИТ,,
Козлов А.А.,ФМиЕН,,д.н.
Егоров И.К.,ФЭТ,ассистент,к.н.
Кузнецов В.И.,ИТМО,ассистент,
Кузнецов К.М.,ФИТ,доцент,д.н.
Морозов А.А.,ФФ,доцент,к.н.
Попов Б.В.,ФМиМ,,
Егоров А.А.,ИТМО,ассистент,к.н.
Лебедев З.Т.,ФИВТ,,к.н.
Петров К.М.,ФПМИ,,к.н.
Петров М.Ю.,ИТМО,ассистент,д.н.
Соколов А.А.,ФМиМ,ассистент,д.н.
Соколов Ж.Р.,ФМиМ,профессор,д.н.
Морозов Д.С.,ИТМО,ассистент,
Козлов М.Ю.,ФМиЕН,ассистент,к.н.
Попов Г.Н.,ФПМИ,ассистент,к.н.
Волков З.Т.,ФМиЕН,ассистент,
Петров М.Ю.,ФУПМ,профессор,д.н.
Лебедева Ж.Р.,ФФ,доцент,
Новиков Г.Н.,ФМиЕН,,
Волков Е.П.,ФУПМ,профессор,к.н.
Козлов К.М.,ИТМО,ассистент,к.н.
Соколов З.Т.,ФМиЕН,ассистент,
Морозов И.К.,ФУПМ,,
Алексеев К.М.,ИТМО,,
Волков З.Т.,ИТМО,профессор,к.н.
Новиков Б.В.,ФРТ,ассистент,
Алексеев Г.Н.,ФЭТ,ассистент,к.н.
Морозов Б.В.,ФМиЕН,ассистент,д.н.
Кузнецов Ж.Р.,ФПМИ,,к.н.
Волков Д.С.,ФЭТ,ассистент,к.н.
Сидоров Д.С.,ФФ,,
Соколов Б.В.,ИТМО,,д.н.
Егоров К.М.,ИТМО,доцент,
Иванов Д.С.,ФИТ,,
Морозов Е.П.,ФРТ,,д.н.
Петров Л.О.,ФУПМ,профессор,к.н.
Новиков З.Т.,ФУПМ,профессор,к.н.
Лебедев В.И.,ФУПМ,ассистент,к.н.
Лебедева В.И.,ФМиЕН,,к.н.
Смирнов Б.В.,ИТМО,,
Кузнецов А.А.,ФИТ,,к.н.
Иванов З.Т.,ФУПМ,доцент,к.н.
Морозов Е.П.,ФИТ,ассистент,к.н.
Морозов М.Ю.,ФИВТ,ассистент,д.н.
Новиков Г.Н.,ФФ,доцент,к.н.
Морозов М.Ю.,ФРТ,доцент,к.н.
Волков Ж.Р.,ФФ,,д.н.
Алексеев Д.С.,ФИВТ,профессор,
Сидоров Ж.Р.,ФМиЕН,ассистент,д.н.
Новиков Е.П.,ФУПМ,доцент,д.н.
Иванов И.К.,ФЭТ,ассистент,к.н.
Попов М.Ю.,ФЭТ,ассистент,к.н.
Новиков И.К.,ФИТ,доцент,к.н.
Сидоров З.Т.,ФИВТ,,
Кузнецов Е.П.,ФПМИ,ассистент,к.н.
Волков М.Ю.,ФРТ,доцент,
Лебедев З.Т.,ФИТ,ассистент,к.н.
Петров Л.О.,ФИТ,ассистент,д.н.
Лебедев В.И.,ФРТ,ассистент,д.н.
Смирнов Л.О.,ФИВТ,доцент,к.н.
Сидоров А.А.,ФПМИ,ассистент,д.н.
Соколов К.М.,ФЭТ,доцент,к.н.
Волков З.Т.,ФЭТ,доцент,
Кузнецов Е.П.,ФИВТ,доцент,к.н.
Новиков Б.В.,ФИВТ,ассистент,д.н.
Попов Ж.Р.,ФИТ,профессор,д.н.
Попов В.И.,ИТМО,,д.н.
Егоров Л.О.,ИТМО,,к.н.
Волков З.Т.,ФМиМ,доцент,
Лебедева М.Ю.,ФУПМ,профессор,д.н.
Алексеев А.А.,ФИВТ,,д.н.
Попов Е.П.,ФРТ,,
Иванов М.Ю.,ФУПМ,доцент,к.н.
Лебедев З.Т.,ФИТ,профессор,д.н.
Иванов В.И.,ИТМО,доцент,д.н.
Лебедева К.М.,ФПМИ,,к.н.
Соколов Ж.Р.,ФПМИ,,д.н.
Новиков Б.В.,ФИВТ,ассистент,
Кузнецов Ж.Р.,ФМиЕН,профессор,
Смирнов М.Ю.,ФИВТ,доцент,д.н.
Лебедева И.К.,ФМиЕН,,к.н.
Попов В.И.,ФИВТ,,
Иванов Ж.Р.,ФМиЕН,,к.н.
Морозов Е.П.,ФРТ,ассистент,к.н.
Кузнецов З.Т.,ФИВТ,,д.н.
Попов В.И.,ИТМО,ассистент,к.н.
Иванов Д.С.,ФМиЕН,ассистент,
Морозов З.Т.,ФМиЕН,,к.н.
Сидоров В.И.,ФРТ,,
Попов Е.П.,ФФ,профессор,д.н.
Кузнецов А.А.,ИТМО,профессор,к.н.
Сидоров Л.О.,ФПМИ,профессор,к.н.
Смирнов К.М.,ФИТ,ассистент,д.н.
Новиков И.К.,ФРТ,ассистент,к.н.
Новиков М.Ю.,ФРТ,доцент,к.н.
Лебедева Г.Н.,ФМиЕН,профессор,д.н.
Алексеев А.А.,ФУПМ,ассистент,
Смирнов Е.П.,ФЭТ,профессор,
Иванов З.Т.,ИТМО,ассистент,д.н.
Соколов А.А.,ФЭТ,профессор,к.н.
Лебедев Г.Н.,ФИТ,,
Лебедева Л.О.,ФПМИ,ассистент,к.н.
Иванов Г.Н.,ФЭТ,доцент,д.н.
Егоров Д.С.,ФРТ,,к.н.
Алексеев З.Т.,ФМиЕН,доцент,
Лебедев К.М.,ФМиЕН,ассистент,
Кузнецов А.А.,ФЭТ,ассистент,
Семенов Г.Н.,ИТМО,доцент,
Кузнецов Ж.Р.,ФМиМ,,
Новиков Г.Н.,ФЭТ,,к.н.
Лебедев В.И.,ИТМО,,д.н.
Семенов В.И.,ФУПМ,,к.н.
Козлов З.Т.,ИТМО,доцент,
Новиков Ж.Р.,ФИТ,,к.н.
Иванов К.М.,ФПМИ,,к.н.
Волков И.К.,ФИТ,доцент,
Попов А.А.,ФИТ,профессор,д.н.
Козлов Б.В.,ФФ,профессор,
Сидоров Е.П.,ФПМИ,профессор,к.н.
Козлов А.А.,ФМиЕН,профессор,
Семенов Д.С.,ФМиМ,профессор,
Новиков Е.П.,ФМиЕН,профессор,
Лебедев К.М.,ФИВТ,профессор,к.н.
Лебедева К.М.,ИТМО,доцент,
Волков К.М.,ФРТ,,д.н.
Соколов Ж.Р.,ФИВТ,ассистент,к.н.
Семенов К.М.,ФЭТ,,
Семенов А.А.,ФФ,профессор,к.н.
Морозов К.М.,ФУПМ,доцент,д.н.
Алексеев Д.С.,ФУПМ,,
Иванов Е.П.,ФИВТ,профессор,д.н.
Лебедев Е.П.,ИТМО,,д.н.
Сидоров Е.П.,ФФ,профессор,
Егоров Б.В.,ФПМИ,ассистент,д.н.
Попов В.И.,ИТМО,профессор,к.н.
Иванов Ж.Р.,ФФ,доцент,к.н.
Иванов Г.Н.,ФПМИ,профессор,д.н.
Лебедев Ж.Р.,ФЭТ,,д.н.
Соколов В.И.,ФМиЕН,профессор,к.н.
Алексеев З.Т.,ИТМО,доцент,к.н.
Козлов М.Ю.,ФМиМ,ассистент,к.н.
Петров Д.С.,ФУПМ,,
Соколов Ж.Р.,ФЭТ,,д.н.
Егоров Е.П.,ФМиМ,профессор,
Козлов И.К.,ФУПМ,ассистент,к.н.
Петров К.М.,ФИВТ,профессор,к.н.
Петров Г.Н.,ФУПМ,ассистент,к.н.
Сидоров К.М.,ИТМО,ассистент,
Семенов Л.О.,ФМиЕН,доцент,к.н.
Петров З.Т.,ФИТ,,
Попов Б.В.,ФПМИ,ассистент,д.н.
Лебедев Ж.Р.,ФЭТ,профессор,д.н.
Егоров Ж.Р.,ФФ,,д.н.
Алексеев Л.О.,ФИТ,доцент,к.н.
Соколов А.А.,ФИТ,ассистент,
Соколов М.Ю.,ФЭТ,доцент,к.н.
Козлов М.Ю.,ФМиМ,ассистент,д.н.
Иванов К.М.,ФМиМ,доцент,д.н.
Кузнецов Л.О.,ФФ,доцент,
Иванов К.М.,ФЭТ,доцент,к.н.
Лебедева З.Т.,ФИВТ,доцент,д.н.
Сидоров Е.П.,ИТМО,,к.н.
Соколов Ж.Р.,ФМиЕН,,д.н.
Соколов Д.С.,ФИВТ,,к.н.
Смирнов А.А.,ФРТ,ассистент,д.н.
Семенов Л.О.,ФМиЕН,,к.н.
Попов Г.Н.,ФМиЕН,ассистент,д.н.
Семенов М.Ю.,ФФ,доцент,
Лебедев А.А.,ФПМИ,доцент,
Лебедева З.Т.,ФРТ,,
Лебедев К.М.,ФИВТ,профессор,к.н.
Новиков Ж.Р.,ФФ,,д.н.
Волков А.А.,ФУПМ,доцент,д.н.
Кузнецов Г.Н.,ФМиЕН,доцент,
Сидоров К.М.,ФРТ,,
Лебедев Л.О.,ФЭТ,доцент,
Смирнов Е.П.,ИТМО,ассистент,к.н.
Иванов А.А.,ФУПМ,ассистент,
Волков Б.В.,ФФ,ассистент,
Лебедева Г.Н.,ФЭТ,профессор,д.н.
Попов А.А.,ФПМИ,,к.н.
Козлов Д.С.,ФИВТ,ассистент,д.н.
Егоров Л.О.,ФИВТ,,д.н.
Козлов З.Т.,ФУПМ,ассистент,д.н.
Попов М.Ю.,ФИТ,доцент,
Морозов А.А.,ФМиЕН,,
Соколов Ж.Р.,ИТМО,доцент,к.н.
Петров В.И.,ФЭТ,ассистент,д.н.
Семенов Г.Н.,ФМиЕН,,д.н.
Алексеев Л.О.,ФФ,доцент,к.н.
Егоров К.М.,ФИТ,профессор,
Волков Д.С.,ФИТ,,
Волков Е.П.,ФМиЕН,профессор,
Иванов А.А.,ФЭТ,доцент,д.н.
Семенов Ж.Р.,ФИТ,ассистент,к.н.
Соколов Г.Н.,ФИВТ,,
Смирнов Л.О.,ФМиМ,профессор,
Сидоров К.М.,ФРТ,профессор,д.н.
Петров Ж.Р.,ФФ,профессор,
Егоров В.И.,ФЭТ,ассистент,к.н.
Сидоров К.М.,ФИТ,,к.н.
Смирнов А.А.,ФИТ,доцент,к.н.
Кузнецов М.Ю.,ФИТ,,
Иванов И.К.,ИТМО,,к.н.
Соколов Е.П.,ФИТ,профессор,к.н.
Алексеев В.И.,ИТМО,ассистент,
Иванов Г.Н.,ФИТ,ассистент,к.н.
Соколов И.К.,ФМиЕН,ассистент,
Соколов Д.С.,ФПМИ,профессор,к.н.
Попов Ж.Р.,ИТМО,профессор,д.н.
Смирнов И.К.,ФМиМ,доцент,
Смирнов В.И.,ИТМО,ассистент,к.н.
Семенов А.А.,ФМиЕН,доцент,к.н.
Егоров И.К.,ФПМИ,ассистент,к.н.
Кузнецов Д.С.,ФМиМ,доцент,д.н.
Алексеев Д.С.,ФУПМ,ассистент,
Смирнов З.Т.,ФУПМ,ассистент,к.н.
Егоров З.Т.,ФЭТ,доцент,
Лебедев М.Ю.,ФРТ,ассистент,к.н.
Семенов А.А.,ФМиЕН,ассистент,д.н.
Новиков И.К.,ФМиЕН,профессор,
Семенов А.А.,ФМиМ,ассистент,
Петров Е.П.,ФФ,,к.н.
Алексеев Ж.Р.,ФФ,профессор,к.н.
Лебедева К.М.,ИТМО,,д.н.
Попов Ж.Р.,ФМиЕН,профессор,д.н.
Лебедева М.Ю.,ФЭТ,ассистент,д.н.
Егоров М.Ю.,ИТМО,,д.н.
Волков Б.В.,ФРТ,ассистент,к.н.
Новиков Л.О.,ФФ,,
Егоров Ж.Р.,ФИВТ,,
Лебедева Л.О.,ФМиЕН,доцент,д.н.
Козлов Ж.Р.,ФРТ,ассистент,д.н.
Лебедева М.Ю.,ИТМО,профессор,к.н.
Козлов Е.П.,ФПМИ,профессор,к.н.
Соколов Ж.Р.,ФУПМ,ассистент,
Смирнов К.М.,ФМиЕН,профессор,д.н.
Новиков В.И.,ФИВТ,,
Сидоров И.К.,ФРТ,доцент,к.н.
Попов М.Ю.,ФМиМ,ассистент,д.н.
Соколов А.А.,ИТМО,доцент,к.н.
Смирнов З.Т.,ФЭТ,доцент,
Сидоров Е.П.,ФМиЕН,доцент,д.н.
Егоров Б.В.,ФЭТ,,
Соколов И.К.,ФМиМ,ассистент,к.н.
Новиков Д.С.,ИТМО,доцент,д.н.
Лебедев В.И.,ФЭТ,доцент,д.н.
Егоров И.К.,ФЭТ,профессор,д.н.
Попов Д.С.,ФИТ,профессор,
Новиков А.А.,ФРТ,профессор,
Соколов М.Ю.,ФЭТ,профессор,к.н.
Алексеев А.А.,ИТМО,профессор,д.н.
Петров Б.В.,ФЭТ,ассистент,к.н.
Петров И.К.,ФИВТ,профессор,
Новиков И.К.,ФИТ,ассистент,к.н.
Алексеев В.И.,ФМиЕН,,
Смирнов З.Т.,ФРТ,,д.н.
Семенов М.Ю.,ФПМИ,профессор,
Алексеев Е.П.,ФУПМ,профессор,к.н.
Новиков З.Т.,ФМиЕН,ассистент,к.н.
Иванов М.Ю.,ФМиЕН,ассистент,к.н.
Иванов В.И.,ФЭТ,,
Семенов Е.П.,ФФ,доцент,к.н.
Иванов Д.С.,ФПМИ,,к.н.
Морозов Л.О.,ФИВТ,доцент,
Волков Л.О.,ФМиЕН,,
Кузнецов М.Ю.,ФЭТ,доцент,к.н.
Сидоров Д.С.,ФМиЕН,,к.н.
Волков Д.С.,ФЭТ,ассистент,
Лебедев Б.В.,ФМиМ,ассистент,к.н.
Кузнецов З.Т.,ФМиЕН,,к.н.
Семенов Е.П.,ИТМО,ассистент,к.н.
Козлов Б.В.,ФМиЕН,,к.н.
Иванов Л.О.,ФЭТ,доцент,к.н.
Волков Е.П.,ФИВТ,доцент,
Егоров В.И.,ФФ,,к.н.
Козлов Б.В.,ФМиМ,,к.н.
Сидоров Д.С.,ФЭТ,,
Попов И.К.,ФИТ,,д.н.
Лебедева З.Т.,ФИТ,доцент,к.н.
Сидоров Е.П.,ФИТ,ассистент,д.н.
Петров Е.П.,ФМиМ,,
Сидоров Ж.Р.,ФЭТ,ассистент,
Лебедев Е.П.,ФРТ,ассистент,д.н.
Петров А.А.,ИТМО,доцент,
Морозов И.К.,ФМиМ,профессор,к.н.
Семенов В.И.,ФМиМ,профессор,д.н.
Соколов Ж.Р.,ФИТ,профессор,д.н.
Лебедев А.А.,ФРТ,профессор,к.н.
Лебедева К.М.,ФРТ,доцент,д.н.
Волков И.К.,ИТМО,профессор,
Козлов А.А.,ФРТ,,д.н.
Лебедев Е.П.,ФФ,,
Попов М.Ю.,ФЭТ,,
Попов М.Ю.,ФМиМ,,к.н.
Морозов Е.П.,ФМиМ,доцент,д.н.
Козлов Д.С.,ФПМИ,ассистент,д.н.
Петров М.Ю.,ИТМО,,д.н.
Алексеев Г.Н.,ФМиМ,ассистент,к.н.
Попов К.М.,ФИТ,профессор,д.н.
Семенов М.Ю.,ФИВТ,ассистент,к.н.
Козлов Г.Н.,ФИТ,доцент,
Соколов И.К.,ФИВТ,,д.н.
Лебедева М.Ю.,ФЭТ,профессор,к.н.
Морозов Е.П.,ФУПМ,доцент,к.н.
Алексеев Д.С.,ФМиМ,,д.н.
Петров А.А.,ФУПМ,доцент,к.н.
Егоров И.К.,ФФ,ассистент,
Алексеев М.Ю.,ФИТ,доцент,к.н.
Смирнов К.М.,ФМиМ,профессор,к.н.
Лебедев Д.С.,ФФ,,
Алексеев Ж.Р.,ФРТ,профессор,д.н.
Алексеев М.Ю.,ФПМИ,доцент,
Попов Г.Н.,ФМиЕН,ассистент,
Смирнов К.М.,ФФ,профессор,д.н.
Лебедев В.И.,ФМиМ,ассистент,
Лебедев М.Ю.,ИТМО,ассистент,д.н.
Егоров К.М.,ФРТ,профессор,к.н.
Семенов Д.С.,ФПМИ,профессор,д.н.
Егоров В.И.,ИТМО,ассистент,
Волков К.М.,ФИТ,профессор,к.н.
Егоров Л.О.,ФЭТ,профессор,
Сидоров З.Т.,ФМиМ,ассистент,д.н.
Петров Г.Н.,ФПМИ,доцент,
Лебедева Л.О.,ФЭТ,профессор,д.н.
Козлов Л.О.,ФМиМ,доцент,
Семенов Г.Н.,ФИТ,ассистент,
Морозов Е.П.,ФРТ,профессор,д.н.
Петров К.М.,ФПМИ,доцент,д.н.
Семенов Г.Н.,ФУПМ,,
Петров К.М.,ФРТ,,д.н.
Новиков М.Ю.,ФУПМ,,д.н.
Попов Б.В.,ФМиМ,ассистент,
Сидоров Б.В.,ИТМО,доцент,к.н.
Семенов Д.С.,ФМиМ,доцент,д.н.
Кузнецов Д.С.,ФЭТ,доцент,
Алексеев К.М.,ФПМИ,доцент,
Сидоров Б.В.,ФИВТ,доцент,д.н.
Новиков А.А.,ФМиМ,,д.н.
Козлов И.К.,ФИВТ,,
Лебедева Л.О.,ФМиМ,доцент,д.н.
Алексеев Л.О.,ИТМО,ассистент,
Петров З.Т.,ФМиЕН,профессор,д.н.
Лебедев Л.О.,ИТМО,доцент,д.н.
Морозов Ж.Р.,ФПМИ,профессор,д.н.
Лебедева И.К.,ИТМО,ассистент,д.н.
Морозов А.А.,ФИТ,профессор,
Лебедев Л.О.,ИТМО,профессор,
Семенов Ж.Р.,ФИВТ,,д.н.
Иванов А.А.,ФМиМ,профессор,д.н.
Алексеев В.И.,ФИТ,профессор,д.н.
Волков З.Т.,ФЭТ,доцент,
Иванов А.А.,ФМиМ,профессор,к.н.
Смирнов И.К.,ФМиМ,ассистент,д.н.
Лебедева И.К.,ИТМО,профессор,д.н.
Лебедева З.Т.,ФУПМ,,к.н.
Лебедева Д.С.,ФРТ,ассистент,д.н.
Волков А.А.,ФИТ,,
Иванов З.Т.,ФМиЕН,профессор,к.н.
Соколов Б.В.,ФЭТ,,к.н.
Козлов Л.О.,ФМиМ,,д.н.
Лебедева Б.В.,ФМиМ,профессор,
Сидоров К.М.,ФПМИ,,к.н.
Лебедева А.А.,ФЭТ,доцент,д.н.
Соколов Ж.Р.,ИТМО,,
Кузнецов В.И.,ФМиМ,ассистент,к.н.
Соколов Г.Н.,ФПМИ,доцент,д.н.
Новиков З.Т.,ФРТ,,
Смирнов А.А.,ФМиЕН,ассистент,к.н.
Кузнецов Г.Н.,ФРТ,профессор,к.н.
Попов А.А.,ФМиМ,профессор,
Семенов Г.Н.,ИТМО,,д.н.
Морозов Л.О.,ФМиЕН,доцент,к.н.
Морозов В.И.,ФМиЕН,ассистент,д.н.
Иванов З.Т.,ФИТ,профессор,к.н.
Новиков А.А.,ФИВТ,,к.н.
Семенов К.М.,ФПМИ,профессор,д.н.
Сидоров Е.П.,ФМиЕН,профессор,д.н.
Морозов Г.Н.,ФМиМ,доцент,
Соколов Л.О.,ФИТ,профессор,
Семенов Б.В.,ФФ,профессор,к.н.
Лебедева В.И.,ФРТ,ассистент,д.н.
Лебедева И.К.,ФИТ,ассистент,д.н.
Новиков Б.В.,ФМиМ,доцент,
Семенов З.Т.,ФИВТ,профессор,
Попов М.Ю.,ФПМИ,ассистент,к.н.
Егоров Г.Н.,ФРТ,доцент,д.н.
Егоров Л.О.,ФИТ,,к.н.
Попов В.И.,ФМиЕН,ассистент,д.н.
Смирнов А.А.,ФУПМ,,д.н.
Лебедева Б.В.,ИТМО,профессор,д.н.
Волков А.А.,ФУПМ,доцент,к.н.
Морозов И.К.,ФЭТ,,к.н.
Семенов Д.С.,ФМиЕН,доцент,к.н.
Морозов З.Т.,ФУПМ,доцент,к.н.
Иванов К.М.,ФПМИ,доцент,
Козлов К.М.,ФФ,профессор,д.н.
Кузнецов Л.О.,ФЭТ,,д.н.
Семенов А.А.,ИТМО,ассистент,
Алексеев З.Т.,ИТМО,доцент,
Егоров Ж.Р.,ФМиМ,профессор,д.н.
Егоров Г.Н.,ФФ,ассистент,д.н.
Новиков Л.О.,ФЭТ,,к.н.
Сидоров Г.Н.,ФИВТ,доцент,д.н.
Алексеев А.А.,ФИВТ,,д.н.
Кузнецов Г.Н.,ФИТ,профессор,к.н.
Кузнецов И.К.,ИТМО,ассистент,д.н.
Егоров Б.В.,ФИВТ,ассистент,
Лебедева А.А.,ФИВТ,ассистент,к.н.
Лебедева И.К.,ФПМИ,профессор,д.н.
Новиков Д.С.,ФФ,ассистент,к.н.
Волков Г.Н.,ФИВТ,,д.н.
Новиков А.А.,ФЭТ,ассистент,
Лебедева Л.О.,ФПМИ,,д.н.
Соколов Б.В.,ФРТ,профессор,
Кузнецов Ж.Р.,ФМиЕН,ассистент,к.н.
Сидоров Е.П.,ФИВТ,профессор,к.н.
Смирнов Г.Н.,ФИТ,,д.н.
Семенов Л.О.,ФМиМ,доцент,
Волков Е.П.,ФМиМ,профессор,
Кузнецов В.И.,ФФ,,
Сидоров Г.Н.,ФИТ,доцент,
Сидоров М.Ю.,ФПМИ,ассистент,д.н.
Кузнецов Г.Н.,ФИВТ,доцент,к.н.
Лебедева Ж.Р.,ФИТ,,д.н.
Морозов Ж.Р.,ФИТ,доцент,к.н.
Соколов К.М.,ФФ,профессор,
Семенов М.Ю.,ФФ,,
Соколов М.Ю.,ИТМО,ассистент,к.н.
Кузнецов Г.Н.,ФИВТ,профессор,
Морозов А.А.,ФФ,ассистент,к.н.
Петров Е.П.,ФУПМ,,
Новиков В.И.,ФМиМ,ассистент,к.н.
Новиков Б.В.,ФМиЕН,доцент,к.н.
Смирнов К.М.,ФИВТ,доцент,
Новиков Г.Н.,ФРТ,профессор,к.н.
Егоров М.Ю.,ФМиМ,ассистент,к.н.
Смирнов Л.О.,ФИВТ,доцент,д.н.
Новиков М.Ю.,ФМиМ,,к.н.
Кузнецов Л.О.,ФИВТ,доцент,д.н.
Егоров Б.В.,ФИТ,,
Попов Д.С.,ФРТ,,к.н.
Лебедев Г.Н.,ФИВТ,доцент,д.н.
Попов И.К.,ФРТ,,д.н.
Новиков И.К.,ФПМИ,доцент,д.н.
Сидоров А.А.,ФФ,,к.н.
Кузнецов М.Ю.,ФФ,профессор,к.н.
Егоров Е.П.,ФИВТ,,к.н.
Сидоров К.М.,ФМиЕН,ассистент,
Сидоров З.Т.,ФМиЕН,ассистент,д.н.
Сидоров В.И.,ФРТ,доцент,к.н.
Козлов Б.В.,ФИВТ,доцент,д.н.
Петров Ж.Р.,ФПМИ,профессор,к.н.
Лебедева З.Т.,ФМиЕН,доцент,д.н.
Иванов Д.С.,ФМиЕН,ассистент,к.н.
Смирнов А.А.,ФЭТ,профессор,к.н.
Козлов З.Т.,ФЭТ,доцент,д.н.
Попов К.М.,ФИВТ,,д.н.
Новиков Л.О.,ФИТ,,к.н.
Алексеев Е.П.,ФПМИ,,д.н.
Козлов М.Ю.,ФИВТ,ассистент,к.н.
Морозов Д.С.,ФУПМ,профессор,д.н.
Петров М.Ю.,ФИВТ,,д.н.
Сидоров И.К.,ФФ,ассистент,к.н.
Сидоров М.Ю.,ФУПМ,,д.н.
Кузнецов Е.П.,ФИТ,доцент,
Алексеев М.Ю.,ФУПМ,профессор,д.н.
Лебедева Ж.Р.,ФМиМ,ассистент,к.н.
Волков Г.Н.,ФРТ,профессор,к.н.
Волков Е.П.,ФУПМ,профессор,д.н.
Попов Е.П.,ФМиЕН,ассистент,к.н.
Волков Л.О.,ФЭТ,доцент,д.н.
Семенов З.Т.,ФМиМ,,д.н.
Семенов А.А.,ФИТ,,к.н.
Новиков З.Т.,ИТМО,доцент,к.н.
Лебедев М.Ю.,ФИТ,,д.н.
Лебедева В.И.,ИТМО,,к.н.
Волков Д.С.,ИТМО,ассистент,д.н.
Соколов Е.П.,ФПМИ,,к.н.
Козлов З.Т.,ФМиМ,доцент,д.н.
Лебедев Б.В.,ФФ,ассистент,
Морозов В.И.,ФПМИ,профессор,к.н.
Морозов З.Т.,ФПМИ,ассистент,
Лебедев Б.В.,ИТМО,доцент,д.н.
Лебедева В.И.,ФПМИ,,д.н.
Морозов В.И.,ФПМИ,,
Петров В.И.,ФИТ,ассистент,к.н.
Лебедев М.Ю.,ФИВТ,,к.н.
Смирнов Б.В.,ФМиЕН,профессор,д.н.
Попов Б.В.,ИТМО,профессор,д.н.
Соколов М.Ю.,ФФ,ассистент,к.н.
Егоров Б.В.,ФИТ,профессор,к.н.
Алексеев А.А.,ФЭТ,ассистент,
Сидоров А.А.,ИТМО,,д.н.
Морозов Г.Н.,ФРТ,профессор,к.н.
Морозов А.А.,ФИТ,профессор,д.н.
Иванов Ж.Р.,ФМиМ,доцент,
Алексеев К.М.,ФУПМ,ассистент,
Семенов Д.С.,ФМиЕН,ассистент,к.н.
Семенов З.Т.,ФЭТ,доцент,к.н.
Сидоров А.А.,ФМиМ,доцент,
Соколов К.М.,ФПМИ,профессор,к.н.
Смирнов К.М.,ФЭТ,ассистент,д.н.
Кузнецов Д.С.,ФФ,,к.н.
Петров К.М.,ФУПМ,доцент,к.н.
Новиков Д.С.,ФРТ,профессор,к.н.
Кузнецов Б.В.,ФМиМ,доцент,к.н.
Семенов А.А.,ФУПМ,,д.н.
Козлов К.М.,ФРТ,доцент,к.н.
Новиков Ж.Р.,ИТМО,профессор,к.н.
Смирнов З.Т.,ФПМИ,ассистент,д.н.
Новиков З.Т.,ФПМИ,профессор,д.н.
Иванов А.А.,ФФ,профессор,д.н.
Новиков Д.С.,ФИВТ,доцент,
Семенов В.И.,ФЭТ,ассистент,к.н.
Волков И.К.,ФИТ,,
Лебедева З.Т.,ФМиЕН,,
Лебедева И.К.,ФРТ,профессор,д.н.
Иванов Г.Н.,ИТМО,ассистент,
Смирнов К.М.,ФРТ,,
Петров Д.С.,ФРТ,,
Новиков М.Ю.,ФРТ,,
Новиков Ж.Р.,ФИТ,доцент,к.н.
Сидоров А.А.,ФПМИ,профессор,д.н.
Козлов И.К.,ФУПМ,,к.н.
Семенов Г.Н.,ФРТ,,д.н.
Алексеев Б.В.,ФПМИ,доцент,
Попов Д.С.,ИТМО,профессор,
Морозов М.Ю.,ФФ,доцент,д.н.
Морозов Д.С.,ФФ,профессор,д.н.
Лебедева Д.С.,ФМиМ,доцент,
Сидоров К.М.,ФМиЕН,профессор,к.н.
Попов Д.С.,ФУПМ,доцент,
Сидоров К.М.,ФИТ,ассистент,к.н.
Попов А.А.,ФИТ,доцент,
Лебедев М.Ю.,ИТМО,ассистент,
Волков Л.О.,ФРТ,профессор,д.н.
Лебедева Е.П.,ФПМИ,,д.н.
Морозов К.М.,ФЭТ,ассистент,к.н.
Егоров Е.П.,ФМиМ,,д.н.
Лебедев Б.В.,ФИВТ,профессор,
Новиков А.А.,ФМиЕН,доцент,
Егоров И.К.,ФИТ,доцент,к.н.
Морозов Г.Н.,ФМиЕН,,к.н.
Соколов Л.О.,ФУПМ,,
Соколов М.Ю.,ФПМИ,ассистент,д.н.
Егоров Г.Н.,ФРТ,профессор,д.н.
Соколов И.К.,ФИВТ,профессор,
Петров М.Ю.,ИТМО,,
Лебедева З.Т.,ИТМО,,д.н.
Сидоров Г.Н.,ФМиМ,ассистент,
Лебедев Г.Н.,ФИТ,ассистент,д.н.
Лебедев Ж.Р.,ФФ,профессор,д.н.
Соколов З.Т.,ФПМИ,ассистент,к.н.
Сидоров Е.П.,ИТМО,ассистент,д.н.
Петров З.Т.,ФИТ,доцент,
Сидоров Б.В.,ФЭТ,профессор,д.н.
Козлов А.А.,ФФ,,
Лебедев Г.Н.,ИТМО,ассистент,
Егоров Г.Н.,ФФ,профессор,к.н.
Кузнецов Г.Н.,ФРТ,доцент,д.н.
Сидоров К.М.,ФРТ,профессор,д.н.
Попов З.Т.,ФМиМ,доцент,
Лебедев В.И.,ИТМО,ассистент,
Козлов З.Т.,ФПМИ,,к.н.
Попов И.К.,ФМиЕН,доцент,к.н.
Козлов В.И.,ФУПМ,ассистент,
Сидоров Д.С.,ФИВТ,ассистент,
Кузнецов Л.О.,ФПМИ,профессор,д.н.
Попов Л.О.,ИТМО,,к.н.
Кузнецов З.Т.,ФУПМ,доцент,к.н.
Алексеев А.А.,ФМиЕН,ассистент,к.н.
Смирнов К.М.,ИТМО,,д.н.
Попов Б.В.,ФПМИ,профессор,д.н.
Сидоров М.Ю.,ФРТ,доцент,
Соколов Ж.Р.,ФУПМ,,д.н.
Смирнов А.А.,ФИВТ,доцент,
Петров В.И.,ФМиМ,,
Егоров И.К.,ФИТ,доцент,д.н.
Алексеев Г.Н.,ФУПМ,,к.н.
Новиков Д.С.,ФИТ,,д.н.
Соколов А.А.,ФМиЕН,доцент,д.н.
Семенов М.Ю.,ФЭТ,доцент,к.н.
Сидоров М.Ю.,ФФ,,
Лебедева Г.Н.,ФМиМ,профессор,д.н.
Алексеев З.Т.,ФУПМ,ассистент,к.н.
Смирнов М.Ю.,ФМиЕН,доцент,
Новиков А.А.,ИТМО,профессор,
Соколов Е.П.,ФИВТ,доцент,к.н.
Петров Е.П.,ФЭТ,,д.н.
Лебедева В.И.,ФМиЕН,доцент,к.н.
Морозов Б.В.,ФУПМ,доцент,
Смирнов В.И.,ФПМИ,доцент,
Соколов А.А.,ФУПМ,профессор,
Козлов Е.П.,ФРТ,доцент,д.н.
Сидоров Е.П.,ИТМО,доцент,д.н.
Смирнов Д.С.,ИТМО,,к.н.
Козлов В.И.,ФРТ,доцент,
Волков М.Ю.,ФЭТ,,д.н.
Петров Ж.Р.,ФМиМ,доцент,к.н.
Егоров Д.С.,ФИТ,профессор,
Смирнов А.А.,ФФ,ассистент,к.н.
Волков З.Т.,ФИТ,,
Сидоров И.К.,ФУПМ,доцент,д.н.
Сидоров К.М.,ФФ,ассистент,
Иванов Б.В.,ФМиМ,профессор,
Петров Е.П.,ФЭТ,,
Лебедева М.Ю.,ФРТ,профессор,д.н.
Семенов И.К.,ФМиМ,доцент,
Волков Ж.Р.,ФИТ,доцент,
Иванов Д.С.,ФИВТ,ассистент,
Лебедев М.Ю.,ФИТ,профессор,
Волков Ж.Р.,ФМиЕН,,к.н.
Семенов Л.О.,ФУПМ,,
Кузнецов А.А.,ФМиЕН,,д.н.
Морозов З.Т.,ФМиМ,доцент,к.н.
Смирнов Ж.Р.,ФПМИ,ассистент,к.н.
Новиков Д.С.,ФМиМ,доцент,к.н.
Иванов Л.О.,ФМиЕН,,д.н.
Попов Б.В.,ФПМИ,,д.н.
Алексеев Д.С.,ФУПМ,профессор,д.н.
Алексеев И.К.,ФУПМ,доцент,к.н.
Попов Ж.Р.,ФПМИ,доцент,д.н.
Морозов М.Ю.,ФПМИ,доцент,
Сидоров Е.П.,ФПМИ,профессор,
Петров В.И.,ФМиМ,доцент,к.н.
Попов К.М.,ФМиЕН,,к.н.
Новиков Ж.Р.,ФМиЕН,профессор,
Алексеев Ж.Р.,ФИТ,,к.н.
Попов З.Т.,ФРТ,профессор,д.н.
Алексеев И.К.,ФУПМ,ассистент,к.н.
Попов Г.Н.,ФЭТ,доцент,д.н.
Соколов В.И.,ИТМО,доцент,
Новиков Г.Н.,ФМиМ,ассистент,
Петров И.К.,ИТМО,ассистент,д.н.
Иванов Б.В.,ФЭТ,доцент,д.н.
Лебедев К.М.,ФЭТ,профессор,к.н.
Петров Л.О.,ФРТ,профессор,к.н.
Сидоров З.Т.,ФУПМ,профессор,
Лебедев Е.П.,ФМиЕН,,
Попов Г.Н.,ИТМО,профессор,
Семенов К.М.,ФУПМ,доцент,к.н.
Попов И.К.,ФФ,ассистент,к.н.
Егоров Д.С.,ФМиМ,ассистент,
Соколов Ж.Р.,ФУПМ,доцент,
Семенов З.Т.,ФУПМ,ассистент,д.н.
Сидоров К.М.,ФФ,доцент,д.н.
Попов Л.О.,ФЭТ,доцент,
Лебедев И.К.,ФФ,ассистент,к.н.
Козлов Л.О.,ФЭТ,,
Петров Е.П.,ФИВТ,,к.н.
Иванов А.А.,ФЭТ,доцент,д.н.
Кузнецов Л.О.,ФИВТ,ассистент,д.н.
Новиков И.К.,ФРТ,ассистент,к.н.
Кузнецов Е.П.,ФИТ,профессор,д.н.
Егоров З.Т.,ФМиМ,,к.н.
Егоров К.М.,ФИТ,,
Сидоров З.Т.,ФПМИ,,
Семенов Г.Н.,ФИТ,профессор,
Иванов Ж.Р.,ФМиМ,доцент,к.н.
Алексеев М.Ю.,ФИВТ,доцент,д.н.
Новиков Ж.Р.,ФИТ,,
Морозов З.Т.,ФИТ,ассистент,
Морозов Д.С.,ФИВТ,профессор,к.н.
Лебедева Е.П.,ФФ,ассистент,к.н.
Попов В.И.,ФРТ,профессор,к.н.
Петров К.М.,ФФ,профессор,
Морозов Е.П.,ИТМО,ассистент,
Семенов Ж.Р.,ИТМО,ассистент,д.н.
Алексеев И.К.,ФИТ,профессор,к.н.
Морозов В.И.,ФМиМ,ассистент,к.н.
Егоров Д.С.,ФИТ,ассистент,к.н.
Егоров А.А.,ФМиМ,доцент,д.н.
Волков Д.С.,ФИВТ,,
Кузнецов К.М.,ФЭТ,ассистент,
Иванов В.И.,ФУПМ,профессор,
Морозов Г.Н.,ФМиМ,профессор,д.н.
Егоров В.И.,ФИВТ,доцент,к.н.
Лебедев К.М.,ФИТ,,к.н.
Кузнецов М.Ю.,ФРТ,ассистент,д.н.
Егоров Ж.Р.,ФИТ,доцент,к.н.
Сидоров А.А.,ФФ,,
Иванов Е.П.,ФМиМ,ассистент,д.н.
Лебедева М.Ю.,ФУПМ,доцент,
Семенов Б.В.,ФПМИ,ассистент,к.н.
Егоров А.А.,ФПМИ,ассистент,д.н.
Морозов Е.П.,ФФ,профессор,
Попов В.И.,ФУПМ,доцент,к.н.
Егоров З.Т.,ФРТ,ассистент,к.н.
Петров Л.О.,ФРТ,,к.н.
Смирнов Л.О.,ФЭТ,профессор,к.н.
Смирнов М.Ю.,ФПМИ,,к.н.
Соколов Б.В.,ФПМИ,ассистент,
Лебедева Б.В.,ФРТ,доцент,
Кузнецов И.К.,ФМиМ,ассистент,
Смирнов А.А.,ИТМО,ассистент,
Попов К.М.,ФИВТ,доцент,д.н.
Волков А.А.,ФЭТ,профессор,
Егоров Б.В.,ФПМИ,ассистент,д.н.
Волков Л.О.,ФМиМ,ассистент,д.н.
Волков Д.С.,ФМиМ,ассистент,
Сидоров Ж.Р.,ФФ,доцент,д.н.
Алексеев И.К.,ФЭТ,,
Соколов Г.Н.,ИТМО,доцент,
Соколов З.Т.,ФУПМ,доцент,к.н.
Кузнецов И.К.,ФЭТ,профессор,к.н.
Волков Л.О.,ФМиМ,доцент,к.н.
Лебедев К.М.,ФПМИ,доцент,к.н.
Петров Д.С.,ФМиЕН,профессор,д.н.
Смирнов Е.П.,ФМиМ,ассистент,к.н.
Кузнецов И.К.,ФРТ,доцент,
Козлов Г.Н.,ФРТ,доцент,д.н.
Иванов В.И.,ФПМИ,ассистент,
Сидоров И.К.,ФИВТ,доцент,к.н.
Егоров В.И.,ФИТ,ассистент,к.н.
Попов Б.В.,ФЭТ,доцент,к.н.
Соколов Е.П.,ФЭТ,доцент,
Иванов Д.С.,ФУПМ,ассистент,к.н.
Новиков И.К.,ИТМО,доцент,д.н.
Кузнецов В.И.,ФРТ,,д.н.
Лебедев И.К.,ФРТ,ассистент,
Соколов Д.С.,ИТМО,профессор,д.н.
Соколов Г.Н.,ФИВТ,доцент,д.н.
Морозов Ж.Р.,ФМиМ,ассистент,д.н.
Смирнов Л.О.,ИТМО,,д.н.
Петров Л.О.,ФИВТ,доцент,д.н.
Кузнецов К.М.,ФМиМ,,
Сидоров К.М.,ИТМО,ассистент,к.н.
Козлов М.Ю.,ФИВТ,ассистент,к.н.
Алексеев Ж.Р.,ИТМО,ассистент,д.н.
Новиков Е.П.,ФМиМ,профессор,д.н.
Кузнецов Г.Н.,ФИВТ,ассистент,д.н.
Петров Г.Н.,ФМиЕН,,
Соколов Ж.Р.,ФПМИ,профессор,д.н.
Егоров Д.С.,ФЭТ,профессор,д.н.
Алексеев Ж.Р.,ФЭТ,ассистент,к.н.
Семенов З.Т.,ФИТ,ассистент,
Новиков М.Ю.,ФЭТ,ассистент,к.н.
Алексеев Ж.Р.,ФПМИ,доцент,д.н.
Егоров Ж.Р.,ФФ,,
Смирнов И.К.,ФФ,,д.н.
Козлов А.А.,ФФ,,
Кузнецов В.И.,ИТМО,профессор,к.н.
Волков Л.О.,ФМиМ,доцент,
Волков Ж.Р.,ФМиЕН,ассистент,
Иванов Ж.Р.,ФПМИ,,д.н.
Волков З.Т.,ФМиМ,доцент,д.н.
Соколов Л.О.,ФМиМ,ассистент,к.н.
Смирнов Е.П.,ИТМО,,д.н.
Егоров К.М.,ФИВТ,доцент,
Соколов К.М.,ФФ,доцент,д.н.
Кузнецов З.Т.,ФУПМ,,к.н.
Кузнецов А.А.,ФФ,профессор,д.н.
Морозов Г.Н.,ФПМИ,ассистент,
Алексеев Л.О.,ФФ,ассистент,д.н.
Козлов Ж.Р.,ФЭТ,доцент,д.н.
Морозов М.Ю.,ФМиМ,ассистент,к.н.
Кузнецов Г.Н.,ФЭТ,профессор,
Петров Б.В.,ФПМИ,профессор,д.н.
Лебедева К.М.,ИТМО,профессор,к.н.
Кузнецов Ж.Р.,ФЭТ,,к.н.
Новиков Б.В.,ФРТ,ассистент,д.н.
Сидоров К.М.,ФЭТ,доцент,к.н.
Козлов Б.В.,ФФ,ассистент,д.н.
Смирнов З.Т.,ФРТ,профессор,
Лебедев И.К.,ФЭТ,,к.н.
Лебедев Д.С.,ИТМО,ассистент,д.н.
Морозов В.И.,ФИТ,,
Лебедева К.М.,ФРТ,профессор,к.н.
Козлов Е.П.,ФМиЕН,профессор,
Семенов А.А.,ФУПМ,,д.н.
Кузнецов К.М.,ФПМИ,,д.н.
Семенов Б.В.,ФУПМ,профессор,д.н.
Лебедева В.И.,ФМиЕН,доцент,к.н.
Алексеев И.К.,ФМиМ,профессор,д.н.
Волков Ж.Р.,ФФ,доцент,д.н.
Алексеев В.И.,ФИВТ,профессор,
Морозов Г.Н.,ФИВТ,доцент,
Лебедева З.Т.,ФЭТ,ассистент,к.н.
Лебедева М.Ю.,ФПМИ,доцент,
Морозов Л.О.,ИТМО,доцент,к.н.
Смирнов И.К.,ФМиМ,,к.н.
Сидоров В.И.,ФУПМ,доцент,
Иванов Г.Н.,ФРТ,доцент,
Кузнецов А.А.,ФРТ,ассистент,
Алексеев М.Ю.,ФМиЕН,ассистент,к.н.
Лебедева Г.Н.,ФМиЕН,ассистент,д.н.
Иванов А.А.,ФЭТ,ассистент,д.н.
Иванов Е.П.,ФИТ,профессор,
Соколов З.Т.,ФЭТ,,д.н.
Морозов К.М.,ФМиМ,профессор,
Смирнов Л.О.,ФРТ,,д.н.
Новиков К.М.,ФУПМ,ассистент,д.н.
Лебедев Е.П.,ИТМО,,
Петров А.А.,ФИТ,,
Кузнецов А.А.,ФЭТ,ассистент,к.н.
Кузнецов Е.П.,ФУПМ,ассистент,д.н.
Новиков Б.В.,ФЭТ,доцент,д.н.
Морозов К.М.,ФМиЕН,ассистент,
Новиков Г.Н.,ФИВТ,профессор,к.н.
Егоров Е.П.,ИТМО,доцент,к.н.
Новиков Г.Н.,ФФ,доцент,к.н.
Лебедев Ж.Р.,ФМиЕН,профессор,д.н.
Лебедева Е.П.,ФРТ,,
Иванов З.Т.,ИТМО,,
Морозов Б.В.,ФИТ,профессор,д.н.
Смирнов Б.В.,ФРТ,,
Семенов Ж.Р.,ФФ,,д.н.
Семенов К.М.,ФИВТ,доцент,д.н.
Морозов И.К.,ФПМИ,,к.н.
Кузнецов Д.С.,ФИВТ,,
Лебедева Г.Н.,ФПМИ,доцент,
Козлов З.Т.,ФМиЕН,,
Егоров В.И.,ФРТ,ассистент,к.н.
Новиков Е.П.,ФЭТ,профессор,
Волков З.Т.,ФРТ,ассистент,д.н.
Лебедев З.Т.,ИТМО,,к.н.
Соколов Л.О.,ФПМИ,,д.н.
Лебедев И.К.,ФМиЕН,ассистент,д.н.
Попов М.Ю.,ФПМИ,ассистент,
Попов М.Ю.,ФИВТ,,к.н.
Новиков Г.Н.,ФФ,профессор,к.н.
Лебедева И.К.,ФПМИ,профессор,к.н.
Лебедева А.А.,ФИТ,,д.н.
Егоров З.Т.,ФПМИ,ассистент,к.н.
Егоров А.А.,ФМиЕН,доцент,
Алексеев Ж.Р.,ФПМИ,доцент,к.н.
Егоров А.А.,ФРТ,профессор,
Смирнов И.К.,ФЭТ,профессор,
Соколов Б.В.,ФИТ,профессор,
Попов Л.О.,ФПМИ,,
Лебедева Б.В.,ФРТ,профессор,к.н.
Егоров А.А.,ФЭТ,доцент,к.н.
Смирнов Д.С.,ИТМО,ассистент,
Морозов К.М.,ФПМИ,профессор,к.н.
Кузнецов К.М.,ИТМО,,
Иванов Г.Н.,ФМиМ,профессор,к.н.
Иванов Д.С.,ФЭТ,профессор,
Петров И.К.,ФУПМ,ассистент,д.н.
Кузнецов Л.О.,ИТМО,доцент,к.н.
Попов А.А.,ФФ,ассистент,д.н.
Попов Г.Н.,ФПМИ,доцент,к.н.
Новиков Д.С.,ФРТ,профессор,
Соколов Е.П.,ФУПМ,ассистент,
Сидоров К.М.,ФРТ,,д.н.
Морозов Д.С.,ФМиМ,доцент,
Сидоров Ж.Р.,ФМиЕН,,к.н.
Лебедева Ж.Р.,ФПМИ,профессор,к.н.
Лебедев А.А.,ИТМО,,
Новиков Л.О.,ФЭТ,доцент,д.н.
Лебедев Е.П.,ФУПМ,ассистент,д.н.
Козлов И.К.,ФРТ,доцент,д.н.
Козлов Д.С.,ФУПМ,профессор,д.н.
Егоров А.А.,ФРТ,профессор,к.н.
Петров Б.В.,ИТМО,профессор,к.н.
Смирнов Ж.Р.,ФЭТ,доцент,к.н.
Лебедев М.Ю.,ИТМО,,к.н.
Петров А.А.,ФФ,доцент,к.н.
Козлов А.А.,ФПМИ,доцент,д.н.
Морозов М.Ю.,ФРТ,доцент,к.н.
Волков А.А.,ФМиЕН,доцент,
Кузнецов Ж.Р.,ФПМИ,ассистент,к.н.
Лебедев Е.П.,ФФ,доцент,д.н.
Иванов Д.С.,ФЭТ,,к.н.
Иванов В.И.,ФМиЕН,доцент,
Лебедев Ж.Р.,ФЭТ,,
Соколов Ж.Р.,ФМиЕН,ассистент,к.н.
Лебедев Г.Н.,ФИВТ,доцент,к.н.
Соколов Б.В.,ФПМИ,ассистент,
Сидоров Л.О.,ФМиМ,доцент,д.н.
Козлов Г.Н.,ИТМО,ассистент,к.н.
Козлов Е.П.,ФМиЕН,,д.н.
Алексеев Г.Н.,ФМиЕН,,
Лебедева Е.П.,ФЭТ,,
Алексеев М.Ю.,ФФ,,
Лебедев Б.В.,ФИВТ,ассистент,к.н.
Иванов К.М.,ФМиМ,профессор,
Егоров В.И.,ФФ,профессор,
Козлов Ж.Р.,ФФ,ассистент,
Егоров Е.П.,ИТМО,,д.н.
Новиков А.А.,ФРТ,доцент,д.н.
Петров Д.С.,ФФ,профессор,
Сидоров И.К.,ФПМИ,,д.н.
Егоров В.И.,ФЭТ,,
Лебедева И.К.,ФИТ,доцент,к.н.
Алексеев Г.Н.,ФУПМ,доцент,д.н.
Егоров М.Ю.,ФЭТ,,
Сидоров Ж.Р.,ФМиМ,доцент,д.н.
Алексеев Ж.Р.,ФМиЕН,доцент,к.н.
Соколов А.А.,ФФ,доцент,к.н.
Семенов З.Т.,ФРТ,,д.н.
Иванов М.Ю.,ФМиМ,ассистент,
Попов А.А.,ФМиЕН,профессор,
Алексеев З.Т.,ФФ,доцент,д.н.
Соколов Е.П.,ФМиМ,,
Егоров Ж.Р.,ФИВТ,доцент,
Попов З.Т.,ФМиМ,доцент,д.н.
Новиков Б.В.,ФИТ,доцент,к.н.
Петров М.Ю.,ФИТ,профессор,д.н.
Лебедева Г.Н.,ФЭТ,,
Кузнецов Е.П.,ФИВТ,профессор,к.н.
Козлов И.К.,ИТМО,доцент,
Иванов Е.П.,ФЭТ,профессор,к.н.
Соколов Ж.Р.,ФИВТ,ассистент,к.н.
Петров Г.Н.,ФЭТ,ассистент,
Семенов К.М.,ФМиМ,,
Лебедева З.Т.,ФРТ,доцент,д.н.
Алексеев Ж.Р.,ФИВТ,,д.н.
Соколов Л.О.,ФУПМ,ассистент,
Новиков Е.П.,ФЭТ,профессор,д.н.
Смирнов Ж.Р.,ФЭТ,профессор,
Соколов В.И.,ФИВТ,профессор,д.н.
Алексеев Л.О.,ФПМИ,ассистент,к.н.
Смирнов Л.О.,ФФ,ассистент,
Алексеев А.А.,ФИВТ,профессор,
Кузнецов М.Ю.,ФПМИ,доцент,
Семенов Л.О.,ФПМИ,ассистент,к.н.
Соколов В.И.,ФУПМ,доцент,д.н.
Лебедев З.Т.,ФМиМ,ассистент,к.н.
Волков Г.Н.,ФИВТ,доцент,к.н.
Сидоров И.К.,ФИВТ,,д.н.
Петров А.А.,ФЭТ,ассистент,д.н.
Попов Г.Н.,ФМиМ,ассистент,д.н.
Сидоров А.А.,ФФ,,к.н.
Лебедева Г.Н.,ФЭТ,ассистент,
Новиков А.А.,ИТМО,профессор,
Иванов Е.П.,ФУПМ,профессор,
Волков М.Ю.,ФУПМ,ассистент,д.н.
Морозов В.И.,ФРТ,профессор,д.н.
Алексеев Г.Н.,ФИВТ,ассистент,
Иванов Е.П.,ИТМО,профессор,д.н.
Морозов Е.П.,ФУПМ,,д.н.
Козлов З.Т.,ФЭТ,,к.н.
Иванов Ж.Р.,ФМиЕН,ассистент,д.н.
Сидоров К.М.,ФИТ,профессор,д.н.
Алексеев К.М.,ФМиЕН,профессор,
Лебедев В.И.,ИТМО,ассистент,
Попов З.Т.,ФПМИ,доцент,д.н.
Морозов И.К.,ФИТ,доцент,к.н.
Сидоров Д.С.,ФМиЕН,ассистент,к.н.
Новиков А.А.,ФПМИ,профессор,
Алексеев З.Т.,ФФ,ассистент,к.н.
Лебедев А.А.,ФМиЕН,ассистент,к.н.
Лебедев И.К.,ИТМО,профессор,д.н.
Семенов В.И.,ФУПМ,доцент,д.н.
Петров Е.П.,ФФ,доцент,д.н.
Соколов Б.В.,ФЭТ,профессор,д.н.
Семенов Ж.Р.,ФФ,,
Новиков Д.С.,ФИТ,ассистент,
Егоров Б.В.,ФМиЕН,доцент,д.н.
Петров М.Ю.,ФРТ,,к.н.
Семенов М.Ю.,ИТМО,профессор,к.н.
Смирнов В.И.,ФРТ,ассистент,
Лебедев В.И.,ФМиЕН,ассистент,к.н.
Попов З.Т.,ФПМИ,профессор,д.н.
Лебедева Д.С.,ФФ,,д.н.
Морозов И.К.,ФМиЕН,,к.н.
Егоров В.И.,ИТМО,ассистент,д.н.
Морозов К.М.,ФУПМ,ассистент,
Егоров Е.П.,ФРТ,,к.н.
Сидоров Ж.Р.,ФФ,доцент,
Морозов К.М.,ФИВТ,,
Алексеев З.Т.,ФМиЕН,ассистент,
Егоров Е.П.,ФЭТ,ассистент,
Алексеев М.Ю.,ФЭТ,доцент,
Попов В.И.,ФМиЕН,доцент,к.н.
Лебедев Г.Н.,ФИТ,профессор,д.н.
Попов М.Ю.,ФПМИ,,
Сидоров З.Т.,ФМиМ,доцент,д.н.
Волков Ж.Р.,ФРТ,доцент,
Егоров З.Т.,ФМиЕН,доцент,к.н.
Лебедева Г.Н.,ФУПМ,,д.н.
Лебедева В.И.,ФИВТ,профессор,
Новиков Л.О.,ФИВТ,профессор,
Сидоров З.Т.,ФИТ,,к.н.
Новиков Ж.Р.,ФЭТ,ассистент,д.н.
Егоров Ж.Р.,ФРТ,ассистент,д.н.
Лебедева Ж.Р.,ФМиЕН,,
Кузнецов М.Ю.,ФМиЕН,ассистент,к.н.
Волков Г.Н.,ФЭТ,,
Лебедева Е.П.,ФУПМ,,
Новиков Д.С.,ФЭТ,профессор,
Семенов М.Ю.,ФИВТ,,д.н.
Егоров Г.Н.,ФПМИ,доцент,
Лебедев Л.О.,ФРТ,профессор,
Лебедев К.М.,ФУПМ,ассистент,к.н.
Лебедева Ж.Р.,ФМиЕН,ассистент,
Егоров Б.В.,ФУПМ,ассистент,к.н.
Лебедева Е.П.,ФИВТ,доцент,д.н.
Смирнов Е.П.,ФЭТ,,д.н.
Сидоров Б.В.,ФПМИ,ассистент,к.н.
Лебедев Е.П.,ФФ,доцент,д.н.
Петров В.И.,ФИТ,профессор,к.н.
Козлов Б.В.,ФРТ,ассистент,
Смирнов Б.В.,ФФ,доцент,к.н.
Кузнецов В.И.,ФМиМ,ассистент,
Новиков З.Т.,ФПМИ,доцент,
Петров К.М.,ФМиМ,доцент,
Волков А.А.,ФМиЕН,ассистент,к.н.
Новиков Л.О.,ФРТ,профессор,к.н.
Егоров М.Ю.,ФЭТ,,
Семенов Г.Н.,ФУПМ,ассистент,
Семенов Е.П.,ФИВТ,профессор,д.н.
Козлов М.Ю.,ФМиЕН,доцент,
Козлов В.И.,ИТМО,,д.н.
Попов Ж.Р.,ФПМИ,доцент,к.н.
Егоров Ж.Р.,ФПМИ,,
Кузнецов И.К.,ФУПМ,доцент,к.н.
Лебедев К.М.,ФМиЕН,ассистент,д.н.
Морозов З.Т.,ФРТ,ассистент,д.н.
Смирнов Е.П.,ФУПМ,,д.н.
Сидоров К.М.,ФИВТ,доцент,
Новиков А.А.,ФУПМ,ассистент,д.н.
Алексеев К.М.,ФПМИ,,д.н.
Сидоров Г.Н.,ФУПМ,доцент,д.н.
Соколов З.Т.,ИТМО,,
Соколов Г.Н.,ФМиМ,ассистент,д.н.
Морозов М.Ю.,ФУПМ,доцент,д.н.
Попов И.К.,ФМиЕН,профессор,д.н.
Попов И.К.,ФМиЕН,доцент,
Смирнов Г.Н.,ФФ,,д.н.
Лебедева К.М.,ФПМИ,профессор,д.н.
Волков Б.В.,ФФ,ассистент,
Соколов Г.Н.,ФФ,доцент,
Смирнов Л.О.,ФИВТ,профессор,
Лебедев М.Ю.,ФМиМ,профессор,д.н.
Смирнов Б.В.,ФПМИ,ассистент,
Иванов Е.П.,ФМиМ,ассистент,к.н.
Кузнецов Г.Н.,ФРТ,профессор,д.н.
Лебедева В.И.,ФИВТ,,
Лебедев Л.О.,ФМиЕН,доцент,
Новиков М.Ю.,ИТМО,,к.н.
Козлов Л.О.,ФИТ,ассистент,д.н.
Лебедева И.К.,ИТМО,профессор,к.н.
Иванов Ж.Р.,ФФ,профессор,к.н.
Новиков М.Ю.,ИТМО,,
Егоров М.Ю.,ФРТ,,
Сидоров К.М.,ФМиЕН,ассистент,д.н.
Алексеев А.А.,ФУПМ,доцент,к.н.
Козлов И.К.,ФМиЕН,доцент,
Лебедева Г.Н.,ФПМИ,доцент,к.н.
Попов Ж.Р.,ФИТ,ассистент,д.н.
Смирнов Б.В.,ФМиМ,профессор,
Сидоров Б.В.,ФЭТ,ассистент,д.н.
Попов Е.П.,ИТМО,,к.н.
Иванов Б.В.,ИТМО,доцент,д.н.
Попов М.Ю.,ИТМО,доцент,д.н.
Егоров А.А.,ФРТ,профессор,к.н.
Козлов А.А.,ИТМО,профессор,д.н.
Смирнов Д.С.,ФПМИ,ассистент,д.н.
Сидоров З.Т.,ФЭТ,профессор,к.н.
Егоров Е.П.,ФРТ,ассистент,д.н.
Лебедева Л.О.,ФМиЕН,доцент,д.н.
Новиков Д.С.,ФРТ,ассистент,к.н.
Егоров А.А.,ФУПМ,,д.н.
Алексеев Б.В.,ФИВТ,ассистент,
Лебедев А.А.,ФФ,,д.н.
Попов М.Ю.,ФФ,,к.н.
Лебедев Е.П.,ФПМИ,ассистент,д.н.
Лебедева М.Ю.,ФРТ,ассистент,к.н.
Егоров А.А.,ФПМИ,профессор,д.н.
Егоров И.К.,ИТМО,доцент,д.н.
Волков Б.В.,ФИВТ,ассистент,к.н.
Смирнов Е.П.,ФМиМ,ассистент,
Петров А.А.,ФФ,доцент,
Волков З.Т.,ФУПМ,,д.н.
Иванов Ж.Р.,ФМиЕН,доцент,д.н.
Лебедева Е.П.,ФИВТ,доцент,д.н.
Кузнецов Б.В.,ФРТ,,д.н.
Лебедева З.Т.,ИТМО,ассистент,д.н.
Волков М.Ю.,ФПМИ,профессор,
Попов Г.Н.,ФРТ,ассистент,
Новиков Е.П.,ФРТ,доцент,
Кузнецов З.Т.,ФФ,ассистент,к.н.
Семенов А.А.,ФМиЕН,профессор,к.н.
Смирнов К.М.,ФФ,доцент,
Алексеев Б.В.,ФИВТ,,к.н.
Кузнецов Е.П.,ФУПМ,,
Смирнов И.К.,ФУПМ,доцент,к.н.
Попов Л.О.,ФЭТ,доцент,к.н.
Сидоров Е.П.,ФПМИ,профессор,д.н.
Смирнов З.Т.,ИТМО,,
Егоров А.А.,ФИВТ,профессор,
Волков К.М.,ФЭТ,профессор,к.н.
Петров З.Т.,ФИТ,ассистент,к.н.
Алексеев Г.Н.,ФРТ,ассистент,д.н.
Семенов Ж.Р.,ИТМО,доцент,д.н.
Смирнов И.К.,ФЭТ,ассистент,к.н.
Семенов З.Т.,ФПМИ,профессор,
Соколов Д.С.,ФУПМ,,
Лебедев Б.В.,ФМиЕН,ассистент,
Лебедев А.А.,ФПМИ,,к.н.
Козлов Г.Н.,ИТМО,доцент,к.н.
Алексеев К.М.,ФУПМ,ассистент,к.н.
Попов И.К.,ФИТ,доцент,д.н.
Смирнов И.К.,ФУПМ,доцент,к.н.
Новиков Г.Н.,ФМиМ,доцент,
Смирнов Ж.Р.,ФПМИ,ассистент,к.н.
Лебедева М.Ю.,ФИВТ,,
Сидоров Г.Н.,ФИТ,ассистент,к.н.
Лебедева Е.П.,ФИТ,доцент,
Лебедев М.Ю.,ФРТ,профессор,д.н.
Петров А.А.,ФМиМ,профессор,к.н.
Кузнецов З.Т.,ФМиЕН,доцент,к.н.
Морозов Е.П.,ФУПМ,,к.н.
Кузнецов З.Т.,ИТМО,,к.н.
Кузнецов Д.С.,ФЭТ,ассистент,
Кузнецов К.М.,ФИТ,профессор,к.н.
Семенов К.М.,ФИТ,,д.н.
Козлов М.Ю.,ИТМО,,к.н.
Соколов З.Т.,ФМиЕН,ассистент,
Волков Д.С.,ФМиЕН,,д.н.
Иванов Ж.Р.,ФМиМ,профессор,д.н.
Попов В.И.,ФИТ,ассистент,
Семенов З.Т.,ФМиЕН,профессор,к.н.
Попов Ж.Р.,ФПМИ,профессор,д.н.
Смирнов Б.В.,ФМиМ,доцент,к.н.
Новиков Д.С.,ФПМИ,ассистент,д.н.
Иванов Л.О.,ФИВТ,доцент,
Попов Л.О.,ФПМИ,ассистент,д.н.
Кузнецов А.А.,ФМиЕН,ассистент,
Соколов А.А.,ИТМО,ассистент,
Лебедев Л.О.,ФИТ,,
Новиков Б.В.,ИТМО,,
Новиков Д.С.,ФМиЕН,профессор,к.н.
Смирнов Б.В.,ИТМО,доцент,к.н.
Попов И.К.,ФИВТ,доцент,
Алексеев Б.В.,ФФ,,
Егоров Г.Н.,ФИВТ,профессор,к.н.
Алексеев Л.О.,ИТМО,доцент,
Лебедев М.Ю.,ФИТ,,
Петров Е.П.,ФИВТ,,к.н.
Лебедев Г.Н.,ФИВТ,доцент,к.н.
Смирнов Б.В.,ФПМИ,ассистент,к.н.
Семенов Л.О.,ФПМИ,профессор,
Соколов Б.В.,ФПМИ,,к.н.
Соколов Г.Н.,ИТМО,профессор,к.н.
Козлов Б.В.,ФИВТ,,к.н.
Волков Б.В.,ФЭТ,профессор,к.н.
Петров Б.В.,ФЭТ,профессор,
Лебедева А.А.,ФУПМ,профессор,д.н.
Семенов А.А.,ФФ,доцент,к.н.
Егоров Б.В.,ФЭТ,ассистент,д.н.
Иванов Г.Н.,ФПМИ,,
Морозов Ж.Р.,ФФ,,д.н.
Семенов Б.В.,ФПМИ,профессор,к.н.
Сидоров Г.Н.,ИТМО,ассистент,д.н.
Новиков М.Ю.,ФПМИ,ассистент,д.н.
Волков Е.П.,ФФ,доцент,к.н.
Козлов Д.С.,ФЭТ,профессор,
Кузнецов Г.Н.,ФФ,доцент,д.н.
Иванов Л.О.,ФИВТ,доцент,
Соколов Б.В.,ИТМО,профессор,д.н.
Попов Г.Н.,ФИТ,ассистент,
Новиков З.Т.,ФФ,доцент,д.н.
Смирнов Б.В.,ФФ,профессор,
Алексеев М.Ю.,ФЭТ,профессор,к.н.
Смирнов А.А.,ФЭТ,ассистент,д.н.
Морозов Е.П.,ФПМИ,доцент,
Иванов Ж.Р.,ФФ,профессор,к.н.
Лебедева В.И.,ФПМИ,доцент,д.н.
Новиков Е.П.,ФЭТ,,к.н.
Соколов В.И.,ФМиМ,ассистент,к.н.
Петров З.Т.,ФФ,доцент,к.н.
Алексеев Ж.Р.,ФМиЕН,профессор,д.н.
Смирнов И.К.,ФМиМ,доцент,
Лебедев Б.В.,ФИТ,профессор,д.н.
Попов В.И.,ФМиЕН,,д.н.
Волков Д.С.,ФУПМ,профессор,д.н.
Лебедев В.И.,ФМиМ,доцент,д.н.
Сидоров М.Ю.,ФМиЕН,,д.н.
Кузнецов Г.Н.,ФФ,ассистент,к.н.
Новиков Л.О.,ФИТ,доцент,д.н.
Петров А.А.,ИТМО,,к.н.
Иванов В.И.,ФИВТ,профессор,к.н.
Лебедева Б.В.,ФИВТ,доцент,
Лебедева В.И.,ФРТ,,к.н.
Попов Ж.Р.,ФУПМ,ассистент,д.н.
Смирнов И.К.,ФУПМ,,д.н.
Лебедев И.К.,ФМиМ,доцент,д.н.
Егоров Л.О.,ФРТ,ассистент,к.н.
Соколов Е.П.,ФМиМ,,
Козлов К.М.,ИТМО,ассистент,д.н.
Козлов Л.О.,ИТМО,профессор,д.н.
Морозов Л.О.,ФИВТ,профессор,д.н.
Кузнецов М.Ю.,ИТМО,профессор,к.н.
Волков К.М.,ФФ,ассистент,
Морозов Ж.Р.,ФПМИ,доцент,д.н.
Иванов М.Ю.,ФФ,ассистент,к.н.
Петров А.А.,ИТМО,,
Петров Г.Н.,ФПМИ,,д.н.
Семенов А.А.,ФМиМ,профессор,
Иванов Б.В.,ФПМИ,,д.н.
Петров Г.Н.,ФЭТ,ассистент,д.н.
Кузнецов Л.О.,ФПМИ,доцент,к.н.
Алексеев Ж.Р.,ФМиМ,доцент,д.н.
Козлов Б.В.,ФРТ,профессор,к.н.
Смирнов Б.В.,ФПМИ,профессор,
Смирнов Г.Н.,ФИВТ,,
Семенов А.А.,ФРТ,профессор,
Волков М.Ю.,ФМиМ,доцент,д.н.
Смирнов А.А.,ФЭТ,профессор,д.н.
Смирнов М.Ю.,ФМиМ,доцент,
Иванов Б.В.,ИТМО,,к.н.
Петров Г.Н.,ФРТ,доцент,
Алексеев Л.О.,ФЭТ,доцент,д.н.
Козлов И.К.,ФРТ,,к.н.
Морозов Е.П.,ФМиМ,ассистент,
Лебедева М.Ю.,ФПМИ,профессор,
Алексеев Д.С.,ИТМО,ассистент,
Козлов Л.О.,ФФ,доцент,д.н.
Морозов З.Т.,ФРТ,,к.н.
Семенов А.А.,ФМиЕН,ассистент,к.н.
Алексеев Е.П.,ФУПМ,ассистент,д.н.
Семенов Г.Н.,ФФ,доцент,
Лебедева Л.О.,ФФ,,
Волков М.Ю.,ФИТ,,
Попов Г.Н.,ФМиМ,доцент,д.н.
Козлов А.А.,ФУПМ,доцент,
Сидоров Б.В.,ФИВТ,,
Морозов Б.В.,ФУПМ,ассистент,д.н.
Волков Л.О.,ФИТ,профессор,к.н.
Лебедева Б.В.,ФМиМ,профессор,
Иванов Б.В.,ФМиЕН,,
Кузнецов Ж.Р.,ФФ,профессор,д.н.
Алексеев Д.С.,ФПМИ,профессор,
Алексеев Д.С.,ФПМИ,профессор,к.н.
Попов Е.П.,ФМиЕН,,к.н.
Волков А.А.,ФРТ,,д.н.
Соколов М.Ю.,ИТМО,,к.н.
Петров З.Т.,ФЭТ,профессор,д.н.
Соколов В.И.,ИТМО,ассистент,к.н.
Попов И.К.,ФМиМ,,к.н.
Морозов Е.П.,ФИТ,,
Попов К.М.,ФЭТ,,к.н.
Иванов Ж.Р.,ФРТ,профессор,д.н.
Лебедев Д.С.,ФФ,профессор,
Алексеев М.Ю.,ФПМИ,,к.н.
Смирнов Л.О.,ФУПМ,профессор,к.н.
Волков В.И.,ФФ,,д.н.
Морозов И.К.,ФЭТ,доцент,к.н.
Волков Б.В.,ИТМО,доцент,д.н.
Алексеев А.А.,ФМиМ,доцент,к.н.
Волков З.Т.,ФМиМ,,к.н.
Лебедев Ж.Р.,ИТМО,доцент,д.н.
Смирнов В.И.,ФУПМ,профессор,
Соколов Е.П.,ИТМО,,д.н.
Соколов Г.Н.,ФМиЕН,ассистент,д.н.
Соколов Л.О.,ФПМИ,ассистент,к.н.
Семенов М.Ю.,ФУПМ,,д.н.
Семенов Л.О.,ФМиЕН,ассистент,к.н.
Козлов А.А.,ФМиМ,,д.н.
Алексеев И.К.,ФИТ,профессор,д.н.
Иванов Б.В.,ФФ,,к.н.
Волков М.Ю.,ФРТ,ассистент,
Сидоров В.И.,ФПМИ,,д.н.
Волков К.М.,ФЭТ,доцент,д.н.
Семенов Ж.Р.,ФИВТ,профессор,
Попов К.М.,ФПМИ,ассистент,д.н.
Волков Б.В.,ФМиЕН,доцент,д.н.
Кузнецов В.И.,ФРТ,ассистент,д.н.
Сидоров А.А.,ФМиМ,профессор,д.н.
Лебедева Ж.Р.,ФФ,,к.н.
Соколов Д.С.,ФФ,профессор,к.н.
Смирнов Е.П.,ФМиМ,профессор,
Егоров А.А.,ИТМО,ассистент,
Иванов Е.П.,ИТМО,ассистент,д.н.
Козлов З.Т.,ФУПМ,ассистент,
Лебедев Б.В.,ФИВТ,,
Алексеев Ж.Р.,ФМиЕН,профессор,к.н.
Морозов Л.О.,ФИВТ,ассистент,к.н.
Лебедева И.К.,ФМиМ,,
Морозов Б.В.,ФРТ,,
Новиков Б.В.,ФЭТ,,д.н.
Попов К.М.,ФУПМ,,к.н.
Новиков З.Т.,ФПМИ,ассистент,д.н.
Смирнов Ж.Р.,ФПМИ,ассистент,к.н.
Кузнецов Л.О.,ФПМИ,,д.н.
Козлов Д.С.,ФФ,,
Петров М.Ю.,ФИТ,доцент,д.н.
Егоров Л.О.,ФИВТ,ассистент,д.н.
Кузнецов К.М.,ФМиМ,,д.н.
Морозов А.А.,ФФ,доцент,д.н.
Козлов Ж.Р.,ФФ,ассистент,к.н.
Семенов Б.В.,ФФ,профессор,д.н.
Попов Е.П.,ФПМИ,профессор,д.н.
Алексеев А.А.,ИТМО,ассистент,
Лебедев Д.С.,ФУПМ,ассистент,д.н.
Егоров Ж.Р.,ФПМИ,доцент,к.н.
Петров Е.П.,ФУПМ,профессор,д.н.
Семенов З.Т.,ФУПМ,,
Алексеев К.М.,ФИВТ,,к.н.
Козлов К.М.,ФРТ,профессор,д.н.
Морозов Е.П.,ФИТ,профессор,
Новиков Л.О.,ФИВТ,ассистент,к.н.
Сидоров З.Т.,ФФ,ассистент,д.н.
Лебедев З.Т.,ФЭТ,ассистент,к.н.
Лебедева М.Ю.,ФЭТ,доцент,
Морозов Ж.Р.,ФИТ,ассистент,
Лебедев Е.П.,ФИВТ,профессор,д.н.
Кузнецов К.М.,ИТМО,доцент,
Лебедева Ж.Р.,ФЭТ,,д.н.
Волков М.Ю.,ИТМО,доцент,к.н.
Новиков Б.В.,ФИВТ,профессор,д.н.
Кузнецов Ж.Р.,ФМиЕН,,к.н.
Козлов В.И.,ФФ,доцент,
Кузнецов Д.С.,ФЭТ,ассистент,к.н.
Волков Г.Н.,ФПМИ,профессор,к.н.
Лебедев А.А.,ФИВТ,доцент,
Егоров М.Ю.,ФУПМ,доцент,д.н.
Лебедев Д.С.,ФРТ,ассистент,
Соколов Б.В.,ФМиЕН,ассистент,
Кузнецов В.И.,ИТМО,доцент,д.н.
Морозов А.А.,ФЭТ,ассистент,
Лебедев Л.О.,ФМиМ,,к.н.
Новиков И.К.,ФФ,доцент,
Иванов Л.О.,ИТМО,ассистент,д.н.
Алексеев Б.В.,ФУПМ,профессор,к.н.
Попов К.М.,ФМиЕН,,к.н.
Кузнецов Г.Н.,ФИВТ,ассистент,
Лебедев Е.П.,ИТМО,,д.н.
Соколов Д.С.,ФУПМ,ассистент,к.н.
Смирнов И.К.,ФЭТ,,д.н.
Соколов И.К.,ФРТ,доцент,
Лебедев Г.Н.,ФФ,профессор,к.н.
Егоров В.И.,ФМиЕН,ассистент,д.н.
Волков В.И.,ФИТ,ассистент,к.н.
Попов Е.П.,ФМиЕН,доцент,к.н.
Лебедев И.К.,ИТМО,,д.н.
Попов В.И.,ФУПМ,ассистент,
Кузнецов Е.П.,ФИТ,профессор,к.н.
Сидоров В.И.,ИТМО,доцент,д.н.
Сидоров Л.О.,ФУПМ,доцент,д.н.
Семенов Ж.Р.,ФУПМ,ассистент,
Смирнов А.А.,ФФ,доцент,
Алексеев Ж.Р.,ФФ,доцент,д.н.
Новиков Б.В.,ФПМИ,ассистент,к.н.
Попов З.Т.,ФРТ,ассистент,к.н.
Егоров Г.Н.,ФМиМ,ассистент,к.н.
Попов В.И.,ФФ,ассистент,д.н.
Петров З.Т.,ФПМИ,доцент,
Новиков И.К.,ФУПМ,доцент,к.н.
Кузнецов Е.П.,ФФ,профессор,д.н.
Новиков М.Ю.,ФЭТ,,д.н.
Козлов Ж.Р.,ФПМИ,,
Алексеев А.А.,ИТМО,ассистент,д.н.
Попов В.И.,ФФ,,
Соколов Е.П.,ФЭТ,профессор,к.н.
Новиков З.Т.,ФИВТ,ассистент,д.н.
Иванов Ж.Р.,ФФ,ассистент,к.н.
Соколов Д.С.,ИТМО,,д.н.
Кузнецов Е.П.,ФМиМ,ассистент,к.н.
Соколов В.И.,ФФ,профессор,к.н.
Иванов Г.Н.,ФМиМ,,д.н.
Кузнецов Б.В.,ИТМО,доцент,
Иванов И.К.,ФПМИ,доцент,
Лебедева И.К.,ФИВТ,доцент,д.н.
Иванов И.К.,ФФ,доцент,
Семенов Б.В.,ФИВТ,ассистент,д.н.
Иванов Д.С.,ФИВТ,ассистент,
Волков Л.О.,ФФ,доцент,д.н.
Попов Ж.Р.,ИТМО,профессор,
Волков Е.П.,ФМиЕН,доцент,д.н.
Алексеев К.М.,ФИВТ,доцент,к.н.
Алексеев М.Ю.,ФПМИ,профессор,
Волков М.Ю.,ФУПМ,профессор,д.н.
Волков Г.Н.,ИТМО,доцент,д.н.
Алексеев И.К.,ФМиМ,,
Семенов М.Ю.,ФРТ,доцент,
Соколов Ж.Р.,ФУПМ,доцент,к.н.
Козлов Л.О.,ФИВТ,доцент,к.н.
Новиков Ж.Р.,ФИТ,,к.н.
Козлов Ж.Р.,ФФ,доцент,д.н.
Семенов К.М.,ФЭТ,профессор,к.н.
Попов М.Ю.,ФЭТ,,к.н.
Иванов В.И.,ФИТ,ассистент,
Смирнов Б.В.,ФЭТ,доцент,
Семенов И.К.,ФЭТ,,д.н.
Попов А.А.,ФУПМ,доцент,д.н.
Семенов Б.В.,ФМиЕН,доцент,
Алексеев А.А.,ФПМИ,доцент,д.н.
Алексеев Д.С.,ФПМИ,профессор,д.н.
Сидоров Е.П.,ФФ,доцент,
Волков Ж.Р.,ФМиЕН,,к.н.
Семенов М.Ю.,ФМиЕН,профессор,д.н.
Соколов З.Т.,ФМиМ,ассистент,д.н.
Лебедев А.А.,ФИВТ,,к.н.
Попов А.А.,ФМиЕН,профессор,
Козлов З.Т.,ИТМО,,к.н.
Лебедева М.Ю.,ФФ,,к.н.
Лебедев К.М.,ФПМИ,профессор,д.н.
Семенов К.М.,ФРТ,профессор,
Иванов М.Ю.,ФМиМ,доцент,к.н.
Лебедева М.Ю.,ФИВТ,ассистент,д.н.
Лебедева Л.О.,ФМиЕН,,д.н.
Егоров М.Ю.,ФМиЕН,,к.н.
Козлов К.М.,ИТМО,,д.н.
Лебедев В.И.,ФИТ,ассистент,
Соколов Д.С.,ФМиЕН,ассистент,к.н.
Смирнов Е.П.,ФПМИ,,к.н.
Соколов К.М.,ФЭТ,доцент,д.н.
Лебедев А.А.,ФПМИ,профессор,к.н.
Егоров А.А.,ФМиЕН,профессор,
Алексеев М.Ю.,ИТМО,доцент,д.н.
Попов Б.В.,ИТМО,,к.н.
Соколов В.И.,ФРТ,доцент,д.н.
Лебедев И.К.,ФПМИ,профессор,
Сидоров Е.П.,ФРТ,ассистент,к.н.
Смирнов Б.В.,ФМиЕН,ассистент,д.н.
Иванов В.И.,ФРТ,,к.н.
Петров И.К.,ФЭТ,доцент,д.н.
Лебедева В.И.,ИТМО,доцент,к.н.
Смирнов Д.С.,ФФ,ассистент,к.н.
Сидоров Д.С.,ФРТ,,д.н.
Алексеев Б.В.,ФРТ,ассистент,к.н.
Лебедева М.Ю.,ИТМО,профессор,д.н.
Соколов Д.С.,ФМиМ,ассистент,к.н.
Сидоров К.М.,ФИТ,профессор,
Морозов Б.В.,ФУПМ,доцент,к.н.
Егоров Г.Н.,ФМиМ,профессор,к.н.
Егоров А.А.,ФРТ,ассистент,д.н.
Новиков З.Т.,ФРТ,,д.н.
Волков Ж.Р.,ФМиЕН,профессор,д.н.
Иванов З.Т.,ФМиМ,профессор,к.н.
Семенов И.К.,ФЭТ,,д.н.
Волков Б.В.,ФЭТ,доцент,д.н.
Смирнов Ж.Р.,ФЭТ,доцент,д.н.
Алексеев Л.О.,ФЭТ,,к.н.
Смирнов И.К.,ФИВТ,ассистент,к.н.
Алексеев Б.В.,ФЭТ,доцент,к.н.
Смирнов Л.О.,ИТМО,ассистент,
Семенов Ж.Р.,ФФ,доцент,д.н.
Иванов З.Т.,ФПМИ,,к.н.
Сидоров М.Ю.,ФИТ,,к.н.
Соколов Л.О.,ФМиЕН,ассистент,к.н.
Смирнов З.Т.,ФМиЕН,ассистент,д.н.
Семенов И.К.,ФМиЕН,,к.н.
Иванов Б.В.,ФЭТ,,д.н.
Новиков Б.В.,ФМиМ,профессор,к.н.
Козлов Б.В.,ФМиЕН,ассистент,д.н.
Волков В.И.,ИТМО,ассистент,д.н.
Алексеев З.Т.,ФПМИ,доцент,д.н.
Петров Л.О.,ФИТ,профессор,д.н.
Иванов Е.П.,ФЭТ,ассистент,д.н.
Петров А.А.,ИТМО,доцент,
Сидоров Л.О.,ФРТ,профессор,
Новиков Д.С.,ФМиМ,доцент,к.н.
Сидоров К.М.,ФПМИ,,
Волков И.К.,ФМиЕН,доцент,
Кузнецов А.А.,ФМиЕН,ассистент,
Петров В.И.,ФФ,,
Семенов И.К.,ФЭТ,доцент,
Лебедев Е.П.,ФМиМ,ассистент,к.н.
Волков А.А.,ФРТ,ассистент,
Семенов И.К.,ФИВТ,ассистент,д.н.
Иванов К.М.,ФУПМ,профессор,д.н.
Морозов К.М.,ФФ,,
Петров Ж.Р.,ФЭТ,ассистент,к.н.
Петров З.Т.,ФЭТ,ассистент,д.н.
Кузнецов З.Т.,ФИВТ,ассистент,
Новиков З.Т.,ФРТ,профессор,д.н.
Петров Г.Н.,ФЭТ,профессор,
Лебедева М.Ю.,ФРТ,ассистент,к.н.
Соколов Е.П.,ФЭТ,доцент,д.н.
Егоров М.Ю.,ФРТ,ассистент,к.н.
Иванов Б.В.,ФЭТ,ассистент,
Морозов Г.Н.,ФФ,ассистент,к.н.
Егоров К.М.,ФУПМ,профессор,
Кузнецов Е.П.,ФПМИ,ассистент,
Соколов К.М.,ФФ,доцент,к.н.
Семенов Е.П.,ФРТ,профессор,к.н.
Егоров К.М.,ФРТ,ассистент,к.н.
Петров З.Т.,ФУПМ,профессор,к.н.
Лебедева А.А.,ФМиЕН,ассистент,д.н.
Иванов Д.С.,ФФ,,к.н.
Лебедев Б.В.,ФМиМ,профессор,к.н.
Семенов Л.О.,ФМиЕН,доцент,
Кузнецов Е.П.,ФЭТ,профессор,д.н.
Кузнецов К.М.,ФИТ,,
Петров К.М.,ИТМО,ассистент,
Лебедев М.Ю.,ИТМО,профессор,к.н.
Козлов К.М.,ФЭТ,,к.н.
Сидоров Б.В.,ФУПМ,ассистент,д.н.
Петров З.Т.,ФМиМ,ассистент,
Алексеев В.И.,ФИТ,ассистент,
Лебедев А.А.,ФПМИ,ассистент,д.н.
Лебедев М.Ю.,ФЭТ,,к.н.
Попов Ж.Р.,ФПМИ,,
Морозов В.И.,ФМиМ,ассистент,к.н.
