fio,faculty,title,degree
Козлов Б.В.,ФРТ,ассистент,
Морозов Б.В.,ИТМО,доцент,
Смирнов В.И.,ИТМО,,к.н.
Соколов Д.С.,ФУПМ,ассистент,
Егоров А.А.,ФИТ,,
Петров В.И.,ФИТ,профессор,д.н.
Волков Ж.Р.,ИТМО,ассистент,
Сидоров А.А.,ФФ,,
Волков А.А.,ФУПМ,,д.н.
Петров Д.С.,ФИВТ,,к.н.
Смирнов З.Т.,ФМиМ,профессор,
Сидоров Л.О.,ФФ,доцент,
Волков Д.С.,ФИТ,профессор,к.н.
Лебедев Д.С.,ФМиЕН,ассистент,к.н.
Алексеев В.И.,ФРТ,профессор,
Иванов И.К.,ФУПМ,ассистент,к.н.
Новиков И.К.,ФПМИ,ассистент,д.н.
Лебедев И.К.,ФУПМ,доцент,к.н.
Лебедев Д.С.,ФФ,,
Морозов Д.С.,ФУПМ,доцент,д.н.
Алексеев Л.О.,ФРТ,ассистент,к.н.
Сидоров Б.В.,ИТМО,ассистент,д.н.
Сидоров Б.В.,ФИТ,ассистент,
Алексеев М.Ю.,ФИВТ,ассистент,к.н.
Козлов Д.С.,ФФ,ассистент,д.н.
Волков Е.П.,ИТМО,,к.н.
Петров А.А.,ФРТ,профессор,д.н.
Волков З.Т.,ФРТ,доцент,д.н.
Лебедева К.М.,ФРТ,,д.н.
Морозов Е.П.,ФФ,,
Семенов Г.Н.,ФРТ,ассистент,
Алексеев Л.О.,ФРТ,ассистент,к.н.
Сидоров А.А.,ФИВТ,ассистент,к.н.
Соколов И.К.,ИТМО,,д.н.
Сидоров З.Т.,ФФ,профессор,
Смирнов Л.О.,ФМиМ,профессор,к.н.
Лебедев М.Ю.,ФИТ,,д.н.
Козлов В.И.,ФПМИ,профессор,к.н.
Егоров Д.С.,ФИТ,,к.н.
Сидоров Л.О.,ФМиЕН,ассистент,к.н.
Иванов М.Ю.,ФУПМ,ассистент,
Козлов А.А.,ФИВТ,ассистент,к.н.
Морозов Г.Н.,ФУПМ,ассистент,
Сидоров А.А.,ФЭТ,ассистент,
Лебедев Д.С.,ФИВТ,,
Лебедев К.М.,ФФ,,к.н.
Алексеев Е.П.,ФУПМ,профессор,к.н.
Егоров З.Т.,ФРТ,доцент,
Петров Л.О.,ФФ,доцент,д.н.
Иванов З.Т.,ИТМО,профессор,д.н.
Смирнов Ж.Р.,ИТМО,,д.н.
Смирнов З.Т.,ФПМИ,профессор,д.н.
Лебедева Ж.Р.,ФМиЕН,профессор,к.н.
Семенов М.Ю.,ФМиМ,доцент,
Соколов Б.В.,ИТМО,профессор,д.н.
Морозов Б.В.,ФРТ,профессор,д.н.
Смирнов Д.С.,ФЭТ,профессор,
Морозов Г.Н.,ФИТ,профессор,к.н.
Попов З.Т.,ФФ,профессор,к.н.
Козлов Л.О.,ФИТ,доцент,д.н.
Петров З.Т.,ФПМИ,,д.н.
Петров Ж.Р.,ФМиЕН,,
Сидоров Д.С.,ФМиМ,доцент,
Новиков Л.О.,ФУПМ,доцент,к.н.
Попов Е.П.,ФРТ,ассистент,д.н.
Петров К.М.,ФЭТ,профессор,к.н.
Волков Е.П.,ФРТ,,к.н.
Петров Е.П.,ФЭТ,ассистент,д.н.
Козлов Б.В.,ФФ,,д.н.
Козлов В.И.,ФЭТ,профессор,
Алексеев А.А.,ИТМО,ассистент,д.н.
Соколов В.И.,ФМиМ,ассистент,к.н.
Лебедева Г.Н.,ФПМИ,,д.н.
Козлов К.М.,ФМиЕН,,к.н.
Петров Г.Н.,ФРТ,профессор,д.н.
Морозов Ж.Р.,ИТМО,ассистент,
Смирнов Е.П.,ФИТ,доцент,
Алексеев Д.С.,ФИТ,ассистент,к.н.
Петров А.А.,ИТМО,доцент,д.н.
Морозов В.И.,ФИТ,доцент,
Лебедева М.Ю.,ФМиЕН,профессор,
Кузнецов В.И.,ФМиМ,ассистент,
Сидоров И.К.,ФПМИ,ассистент,
Попов Г.Н.,ФФ,,д.н.
Попов Л.О.,ФИВТ,,д.н.
Смирнов Е.П.,ФФ,,
Семенов Ж.Р.,ФИТ,профессор,
Алексеев Е.П.,ФИТ,ассистент,
Волков З.Т.,ФМиЕН,профессор,к.н.
Попов Л.О.,ФМиМ,,
Волков Ж.Р.,ФРТ,,к.н.
Егоров В.И.,ФМиМ,ассистент,д.н.
Алексеев Д.С.,ФИВТ,ассистент,
Петров В.И.,ФЭТ,профессор,к.н.
Морозов Д.С.,ФЭТ,ассистент,д.н.
Кузнецов К.М.,ФИТ,ассистент,к.н.
Сидоров Ж.Р.,ФУПМ,,к.н.
Иванов Г.Н.,ФПМИ,профессор,
Алексеев Д.С.,ИТМО,ассистент,к.н.
Сидоров К.М.,ФПМИ,ассистент,к.н.
Морозов А.А.,ФМиЕН,доцент,д.н.
Егоров К.М.,ФМиМ,доцент,
Алексеев Г.Н.,ФРТ,профессор,к.н.
Смирнов В.И.,ФМиЕН,ассистент,к.н.
Лебедева Ж.Р.,ФФ,доцент,д.н.
Волков К.М.,ФРТ,ассистент,д.н.
Петров К.М.,ФИТ,профессор,д.н.
Соколов И.К.,ФМиЕН,,к.н.
Петров Г.Н.,ФМиЕН,доцент,д.н.
Новиков М.Ю.,ФМиЕН,,
Смирнов В.И.,ФМиЕН,доцент,д.н.
Лебедева М.Ю.,ФУПМ,ассистент,к.н.
Семенов В.И.,ФМиМ,профессор,д.н.
Морозов И.К.,ФУПМ,ассистент,к.н.
Попов М.Ю.,ФИТ,ассистент,к.н.
Попов В.И.,ФФ,,
Лебедева Д.С.,ФЭТ,доцент,к.н.
Иванов И.К.,ФПМИ,доцент,
Сидоров А.А.,ФИТ,доцент,
Егоров Ж.Р.,ФЭТ,,д.н.
Новиков Д.С.,ФМиЕН,ассистент,д.н.
Козлов И.К.,ФФ,,д.н.
Алексеев А.А.,ФРТ,ассистент,д.н.
Новиков А.А.,ФРТ,доцент,д.н.
Козлов М.Ю.,ФУПМ,профессор,д.н.
Смирнов И.К.,ФФ,доцент,к.н.
Петров В.И.,ФУПМ,профессор,д.н.
Сидоров Г.Н.,ФПМИ,,к.н.
Смирнов З.Т.,ФИТ,ассистент,д.н.
Кузнецов Г.Н.,ФУПМ,профессор,к.н.
Новиков В.И.,ФИВТ,доцент,д.н.
Семенов В.И.,ФМиЕН,ассистент,
Смирнов М.Ю.,ФИВТ,профессор,к.н.
Семенов И.К.,ФПМИ,,д.н.
Сидоров К.М.,ФИТ,профессор,д.н.
Петров А.А.,ИТМО,профессор,
Петров В.И.,ФЭТ,ассистент,
Морозов Л.О.,ИТМО,ассистент,
Иванов В.И.,ФМиЕН,,к.н.
Лебедева В.И.,ФМиМ,доцент,
Семенов Д.С.,ФФ,ассистент,
Иванов Г.Н.,ФРТ,доцент,
Козлов Г.Н.,ФУПМ,доцент,д.н.
Козлов К.М.,ФЭТ,ассистент,к.н.
Смирнов Л.О.,ФУПМ,доцент,
Попов М.Ю.,ФМиМ,профессор,к.н.
Козлов Г.Н.,ФФ,доцент,к.н.
Морозов М.Ю.,ИТМО,профессор,к.н.
Волков Б.В.,ФИТ,ассистент,
Кузнецов В.И.,ФПМИ,доцент,д.н.
Семенов Л.О.,ФИВТ,,д.н.
Волков З.Т.,ФИТ,ассистент,
Новиков Д.С.,ФИТ,доцент,д.н.
Волков Б.В.,ИТМО,,к.н.
Егоров Д.С.,ФУПМ,ассистент,
Иванов И.К.,ИТМО,,к.н.
Козлов Б.В.,ФУПМ,доцент,к.н.
Алексеев Е.П.,ФПМИ,ассистент,к.н.
Лебедева Г.Н.,ФРТ,,
Сидоров Е.П.,ФРТ,,к.н.
Соколов Ж.Р.,ФИВТ,ассистент,д.н.
Кузнецов Ж.Р.,ФПМИ,,д.н.
Волков Г.Н.,ФРТ,доцент,к.н.
Егоров А.А.,ФИТ,ассистент,к.н.
Попов И.К.,ФУПМ,,д.н.
Сидоров И.К.,ФПМИ,доцент,к.н.
Алексеев Л.О.,ФЭТ,,к.н.
Козлов М.Ю.,ФУПМ,доцент,к.н.
Попов М.Ю.,ФИВТ,,
Кузнецов Л.О.,ФЭТ,профессор,
Попов Б.В.,ФМиЕН,доцент,
Волков Ж.Р.,ФИВТ,,к.н.
Семенов Г.Н.,ФИТ,доцент,
Лебедев М.Ю.,ФРТ,,к.н.
Смирнов А.А.,ФИВТ,ассистент,
Волков В.И.,ФПМИ,доцент,к.н.
Попов Ж.Р.,ФЭТ,профессор,д.н.
Сидоров Д.С.,ИТМО,доцент,д.н.
Попов Л.О.,ФФ,профессор,
Иванов И.К.,ФМиМ,профессор,д.н.
Козлов М.Ю.,ФМиМ,доцент,
Лебедева Е.П.,ФИВТ,ассистент,д.н.
Новиков Б.В.,ФЭТ,доцент,д.н.
Попов Д.С.,ФИТ,ассистент,д.н.
Волков Б.В.,ФФ,ассистент,к.н.
Лебедева Д.С.,ФРТ,ассистент,
Иванов З.Т.,ФРТ,ассистент,д.н.
Кузнецов В.И.,ФЭТ,ассистент,д.н.
Сидоров К.М.,ФИВТ,ассистент,
Алексеев В.И.,ФИТ,доцент,к.н.
Семенов М.Ю.,ФУПМ,ассистент,
Новиков Д.С.,ФИВТ,профессор,д.н.
Петров Л.О.,ФФ,профессор,д.н.
Морозов Л.О.,ИТМО,доцент,
Егоров Г.Н.,ФМиЕН,ассистент,
Смирнов А.А.,ФПМИ,,к.н.
Лебедев Д.С.,ФЭТ,,к.н.
Попов А.А.,ФМиЕН,,
Новиков Б.В.,ФМиМ,ассистент,д.н.
Семенов Ж.Р.,ИТМО,ассистент,д.н.
Козлов Г.Н.,ФПМИ,,
Попов В.И.,ФРТ,,д.н.
Сидоров А.А.,ФФ,ассистент,
Попов Д.С.,ФРТ,доцент,д.н.
Смирнов Д.С.,ФЭТ,доцент,к.н.
Лебедев А.А.,ФИВТ,доцент,
Попов Б.В.,ФМиЕН,,д.н.
Семенов М.Ю.,ИТМО,доцент,
Лебедева З.Т.,ФУПМ,ассистент,к.н.
Егоров В.И.,ФИВТ,,
Петров М.Ю.,ФЭТ,,к.н.
Волков Д.С.,ФИТ,ассистент,д.н.
Кузнецов И.К.,ФФ,профессор,к.н.
Козлов Л.О.,ФРТ,доцент,д.н.
Лебедева Е.П.,ФИВТ,ассистент,к.н.
Лебедева Д.С.,ФЭТ,доцент,д.н.
Петров Д.С.,ФИВТ,,к.н.
Козлов Е.П.,ФУПМ,,
Попов И.К.,ФИВТ,профессор,
Сидоров К.М.,ФПМИ,доцент,к.н.
Соколов Б.В.,ФФ,,д.н.
Петров В.И.,ФИТ,доцент,д.н.
Алексеев Б.В.,ФИВТ,ассистент,
Волков Б.В.,ФУПМ,,к.н.
Кузнецов Л.О.,ФУПМ,,к.н.
Петров З.Т.,ФМиЕН,ассистент,к.н.
Козлов А.А.,ФРТ,профессор,д.н.
Иванов М.Ю.,ФЭТ,доцент,д.н.
Попов З.Т.,ФФ,доцент,д.н.
Лебедева Е.П.,ФЭТ,доцент,к.н.
Соколов Г.Н.,ИТМО,ассистент,
Кузнецов Л.О.,ИТМО,профессор,к.н.
Кузнецов М.Ю.,ИТМО,ассистент,к.н.
Петров А.А.,ФЭТ,доцент,д.н.
Морозов В.И.,ФИВТ,профессор,
Лебедева А.А.,ФМиЕН,ассистент,к.н.
Кузнецов И.К.,ФПМИ,доцент,к.н.
Попов А.А.,ФУПМ,доцент,
Соколов Л.О.,ФМиМ,,д.н.
Алексеев Д.С.,ФМиМ,ассистент,
Иванов К.М.,ФЭТ,,к.н.
Егоров З.Т.,ФПМИ,,к.н.
Алексеев Б.В.,ФМиЕН,доцент,к.н.
Алексеев Л.О.,ФМиМ,доцент,д.н.
Новиков Е.П.,ФМиЕН,доцент,
Кузнецов Ж.Р.,ИТМО,ассистент,
Новиков К.М.,ФПМИ,,д.н.
Морозов Л.О.,ФРТ,доцент,
Алексеев Г.Н.,ФИТ,,д.н.
Егоров Б.В.,ФПМИ,доцент,
Волков З.Т.,ФИТ,,д.н.
Морозов Б.В.,ФРТ,,к.н.
Иванов Е.П.,ФЭТ,ассистент,д.н.
Кузнецов Ж.Р.,ФМиЕН,профессор,д.н.
Кузнецов Е.П.,ФФ,ассистент,д.н.
Смирнов А.А.,ФПМИ,,
Семенов Ж.Р.,ФУПМ,ассистент,
Новиков Ж.Р.,ФИВТ,профессор,д.н.
Кузнецов К.М.,ФФ,профессор,
Алексеев Е.П.,ФПМИ,ассистент,к.н.
Лебедева К.М.,ФФ,доцент,
Лебедева И.К.,ФИТ,доцент,д.н.
Соколов К.М.,ФМиЕН,ассистент,д.н.
Петров В.И.,ФУПМ,профессор,д.н.
Смирнов Л.О.,ФЭТ,доцент,
Козлов Д.С.,ФЭТ,,к.н.
Егоров З.Т.,ФИТ,доцент,д.н.
Попов Е.П.,ИТМО,ассистент,
Новиков Г.Н.,ФРТ,доцент,д.н.
Соколов З.Т.,ФИВТ,профессор,
Семенов Д.С.,ФЭТ,,д.н.
Иванов Г.Н.,ИТМО,доцент,к.н.
Сидоров Л.О.,ФФ,ассистент,д.н.
Морозов М.Ю.,ФМиЕН,,д.н.
Лебедев В.И.,ФУПМ,ассистент,к.н.
Егоров Л.О.,ФПМИ,ассистент,к.н.
Попов Б.В.,ФФ,профессор,
Лебедев Л.О.,ФПМИ,ассистент,д.н.
Кузнецов Л.О.,ФУПМ,,к.н.
Лебедев Д.С.,ФМиМ,ассистент,к.н.
Кузнецов М.Ю.,ФФ,ассистент,
Сидоров К.М.,ФИВТ,доцент,д.н.
Морозов Б.В.,ФПМИ,профессор,д.н.
Лебедев Д.С.,ФФ,ассистент,д.н.
Лебедев Л.О.,ФРТ,,
Волков З.Т.,ФИТ,,к.н.
Петров Б.В.,ФФ,профессор,
Морозов В.И.,ФМиМ,,д.н.
Алексеев Д.С.,ФУПМ,профессор,к.н.
Морозов Г.Н.,ФФ,,к.н.
Сидоров М.Ю.,ФРТ,ассистент,к.н.
Попов К.М.,ФПМИ,доцент,д.н.
Попов В.И.,ИТМО,ассистент,к.н.
Волков К.М.,ФИТ,доцент,к.н.
Алексеев В.И.,ФИВТ,,
Смирнов А.А.,ФФ,профессор,д.н.
Козлов Г.Н.,ФЭТ,,
Новиков Д.С.,ФРТ,доцент,д.н.
Егоров Е.П.,ФФ,,д.н.
Петров З.Т.,ФИТ,профессор,к.н.
Лебедев Е.П.,ФПМИ,доцент,к.н.
Лебедева М.Ю.,ФЭТ,ассистент,к.н.
Попов В.И.,ФПМИ,профессор,
Волков Л.О.,ИТМО,доцент,
Семенов Г.Н.,ФПМИ,,к.н.
Козлов Д.С.,ФМиЕН,профессор,
Попов А.А.,ФПМИ,доцент,
Козлов К.М.,ФУПМ,ассистент,к.н.
Семенов К.М.,ФИВТ,,д.н.
Кузнецов Д.С.,ФМиЕН,доцент,к.н.
Лебедев Б.В.,ФИТ,профессор,
Новиков Л.О.,ФЭТ,доцент,д.н.
Кузнецов Е.П.,ФМиЕН,доцент,
Новиков Е.П.,ФМиМ,ассистент,
Алексеев И.К.,ФМиМ,профессор,к.н.
Иванов З.Т.,ФУПМ,,к.н.
Алексеев В.И.,ФИВТ,доцент,д.н.
Новиков М.Ю.,ФМиЕН,ассистент,к.н.
Новиков В.И.,ФЭТ,доцент,
Кузнецов И.К.,ФУПМ,ассистент,к.н.
Соколов М.Ю.,ФИТ,ассистент,
Козлов В.И.,ФУПМ,профессор,к.н.
Лебедева И.К.,ФРТ,профессор,к.н.
Смирнов Б.В.,ФРТ,,к.н.
Соколов Г.Н.,ФИТ,доцент,д.н.
Егоров М.Ю.,ФРТ,профессор,д.н.
Попов Г.Н.,ИТМО,доцент,
Алексеев Л.О.,ФУПМ,ассистент,
Лебедев З.Т.,ФИВТ,профессор,
Иванов М.Ю.,ФРТ,,к.н.
Иванов Л.О.,ФФ,,
Иванов К.М.,ИТМО,профессор,д.н.
Егоров А.А.,ФИТ,,д.н.
Лебедева Л.О.,ФМиМ,профессор,
Волков З.Т.,ФПМИ,доцент,д.н.
Алексеев Б.В.,ФЭТ,доцент,д.н.
Лебедев Б.В.,ФИВТ,профессор,д.н.
Лебедева Ж.Р.,ФРТ,доцент,к.н.
Козлов З.Т.,ФМиМ,ассистент,
Кузнецов И.К.,ФМиЕН,доцент,к.н.
Егоров З.Т.,ФМиЕН,,к.н.
Козлов К.М.,ФМиЕН,профессор,д.н.
Новиков З.Т.,ФИВТ,профессор,к.н.
Лебедева И.К.,ФУПМ,,д.н.
Новиков Е.П.,ФИТ,ассистент,д.н.
Кузнецов В.И.,ФМиЕН,,
Кузнецов Е.П.,ФФ,,д.н.
Лебедева И.К.,ФЭТ,,д.н.
Смирнов Ж.Р.,ИТМО,ассистент,
Соколов К.М.,ФЭТ,,к.н.
Смирнов К.М.,ФФ,ассистент,
Кузнецов З.Т.,ФРТ,профессор,
Семенов В.И.,ФПМИ,ассистент,д.н.
Семенов Д.С.,ФИТ,ассистент,
Кузнецов З.Т.,ФМиЕН,ассистент,д.н.
Волков И.К.,ФПМИ,доцент,к.н.
Семенов Д.С.,ФФ,ассистент,
Попов Д.С.,ФУПМ,ассистент,
Алексеев Д.С.,ФЭТ,,к.н.
Егоров Д.С.,ФИТ,профессор,
Иванов З.Т.,ФРТ,доцент,д.н.
Смирнов И.К.,ФФ,профессор,к.н.
Егоров Г.Н.,ФПМИ,ассистент,
Иванов В.И.,ФЭТ,,к.н.
Новиков Л.О.,ФПМИ,ассистент,
Лебедева А.А.,ФЭТ,доцент,
Попов Г.Н.,ФИВТ,профессор,к.н.
Петров Г.Н.,ФМиМ,,к.н.
Алексеев М.Ю.,ФИТ,доцент,д.н.
Лебедев В.И.,ФУПМ,,к.н.
Морозов И.К.,ФМиЕН,ассистент,
Попов Е.П.,ФИТ,ассистент,
Алексеев В.И.,ФМиЕН,,к.н.
Лебедева З.Т.,ФУПМ,доцент,
Кузнецов К.М.,ФРТ,доцент,
Семенов К.М.,ФМиЕН,доцент,к.н.
Петров Д.С.,ФМиЕН,доцент,д.н.
Соколов М.Ю.,ФИВТ,ассистент,
Морозов В.И.,ФУПМ,доцент,к.н.
Петров З.Т.,ФУПМ,профессор,д.н.
Семенов Ж.Р.,ФИВТ,профессор,д.н.
Кузнецов М.Ю.,ИТМО,доцент,д.н.
Петров Л.О.,ФМиМ,профессор,к.н.
Семенов Ж.Р.,ИТМО,,к.н.
Лебедев Г.Н.,ФМиМ,,д.н.
Лебедева Ж.Р.,ИТМО,доцент,к.н.
Соколов Ж.Р.,ИТМО,,к.н.
Смирнов Ж.Р.,ФПМИ,ассистент,д.н.
Иванов М.Ю.,ФРТ,доцент,д.н.
Алексеев Б.В.,ФИТ,,к.н.
Козлов Б.В.,ФРТ,,
Попов Б.В.,ФУПМ,ассистент,д.н.
Соколов К.М.,ФЭТ,,
Козлов К.М.,ФМиЕН,профессор,к.н.
Лебедев Б.В.,ФФ,профессор,к.н.
Лебедева К.М.,ИТМО,,
Лебедев К.М.,ФЭТ,ассистент,
Козлов Ж.Р.,ИТМО,,д.н.
Иванов Г.Н.,ФРТ,,
Иванов З.Т.,ФИТ,ассистент,
Новиков Л.О.,ФЭТ,ассистент,
Соколов Б.В.,ФИВТ,доцент,д.н.
Попов Л.О.,ФРТ,профессор,д.н.
Новиков Б.В.,ФУПМ,профессор,
Алексеев М.Ю.,ФЭТ,ассистент,
Морозов Ж.Р.,ФУПМ,доцент,к.н.
Морозов Е.П.,ФУПМ,доцент,д.н.
Алексеев К.М.,ФУПМ,,к.н.
Новиков Д.С.,ИТМО,доцент,
Кузнецов Б.В.,ФФ,доцент,
Кузнецов З.Т.,ФПМИ,ассистент,
Петров Е.П.,ФФ,профессор,д.н.
Соколов З.Т.,ФИВТ,ассистент,к.н.
Сидоров Л.О.,ФИВТ,ассистент,
Лебедев А.А.,ФПМИ,,к.н.
Семенов Г.Н.,ФИТ,профессор,к.н.
Иванов А.А.,ИТМО,,д.н.
Кузнецов Д.С.,ФРТ,доцент,к.н.
Иванов Г.Н.,ФИВТ,ассистент,д.н.
Волков Е.П.,ФФ,ассистент,
Кузнецов Е.П.,ФФ,доцент,
Смирнов М.Ю.,ФИТ,профессор,
Попов А.А.,ФРТ,профессор,к.н.
Петров Д.С.,ФИВТ,,д.н.
Козлов К.М.,ФМиЕН,доцент,к.н.
Козлов М.Ю.,ФМиМ,ассистент,
Семенов Л.О.,ФМиЕН,доцент,к.н.
Лебедева Д.С.,ИТМО,ассистент,д.н.
Иванов Г.Н.,ИТМО,доцент,к.н.
Морозов Б.В.,ФФ,доцент,д.н.
Семенов Г.Н.,ФФ,доцент,д.н.
Козлов Г.Н.,ФИВТ,доцент,к.н.
Новиков И.К.,ФМиЕН,профессор,
Козлов Д.С.,ФФ,доцент,
Алексеев В.И.,ФИТ,профессор,
Лебедев Г.Н.,ФМиЕН,профессор,
Соколов Г.Н.,ФМиМ,доцент,
Волков В.И.,ФИВТ,доцент,к.н.
Лебедев А.А.,ФРТ,,
Кузнецов М.Ю.,ФФ,доцент,к.н.
Козлов Л.О.,ФПМИ,доцент,д.н.
Морозов Б.В.,ФМиМ,профессор,д.н.
Попов З.Т.,ФМиМ,профессор,д.н.
Попов Ж.Р.,ФИТ,доцент,к.н.
Егоров Г.Н.,ФУПМ,доцент,
Смирнов З.Т.,ФФ,доцент,д.н.
Лебедев М.Ю.,ФУПМ,,к.н.
Волков З.Т.,ФИТ,доцент,к.н.
Егоров З.Т.,ИТМО,доцент,
Кузнецов К.М.,ФИВТ,доцент,
Семенов Е.П.,ФФ,профессор,д.н.
Новиков Е.П.,ФИТ,,д.н.
Алексеев Ж.Р.,ФУПМ,доцент,
Алексеев В.И.,ФМиМ,ассистент,
Морозов В.И.,ФУПМ,,д.н.
Лебедев Д.С.,ФМиЕН,доцент,к.н.
Морозов Г.Н.,ФЭТ,профессор,
Соколов Б.В.,ФФ,профессор,д.н.
Лебедева Д.С.,ИТМО,ассистент,к.н.
Волков Г.Н.,ФПМИ,профессор,
Лебедев Ж.Р.,ФФ,доцент,д.н.
Кузнецов Д.С.,ФМиМ,доцент,к.н.
Алексеев Б.В.,ФРТ,,к.н.
Сидоров К.М.,ФИТ,,
Сидоров М.Ю.,ФУПМ,,к.н.
Сидоров А.А.,ФРТ,профессор,к.н.
Семенов З.Т.,ФИВТ,ассистент,
Кузнецов В.И.,ФПМИ,,
Козлов Л.О.,ФРТ,,
Морозов К.М.,ФИТ,,к.н.
Соколов Л.О.,ФРТ,доцент,д.н.
Смирнов А.А.,ФПМИ,ассистент,
Петров Д.С.,ФИВТ,профессор,к.н.
Козлов Б.В.,ФИВТ,ассистент,к.н.
Попов Д.С.,ФРТ,профессор,д.н.
Волков З.Т.,ФИТ,,к.н.
Иванов Ж.Р.,ФУПМ,ассистент,
Волков Д.С.,ФИТ,доцент,
Смирнов Д.С.,ФРТ,ассистент,
Волков Л.О.,ФФ,доцент,к.н.
Новиков Б.В.,ФМиЕН,,д.н.
Иванов Д.С.,ФПМИ,доцент,к.н.
Семенов В.И.,ФИВТ,профессор,д.н.
Иванов М.Ю.,ИТМО,,д.н.
Иванов Л.О.,ФПМИ,ассистент,к.н.
Смирнов Д.С.,ФЭТ,,к.н.
Морозов Л.О.,ФИТ,,
Смирнов А.А.,ИТМО,ассистент,д.н.
Новиков Д.С.,ФМиМ,профессор,д.н.
Иванов Л.О.,ФРТ,,д.н.
Морозов Л.О.,ФИТ,ассистент,д.н.
Алексеев В.И.,ФМиЕН,доцент,
Алексеев З.Т.,ФИВТ,,д.н.
Кузнецов Ж.Р.,ФРТ,профессор,д.н.
Попов Л.О.,ФУПМ,профессор,
Козлов Е.П.,ФИВТ,профессор,к.н.
Кузнецов Д.С.,ИТМО,профессор,
Лебедева Е.П.,ФУПМ,доцент,
Новиков Г.Н.,ФИВТ,доцент,
Лебедева К.М.,ФМиЕН,,
Семенов М.Ю.,ФМиМ,,к.н.
Смирнов М.Ю.,ФИВТ,,
Лебедева И.К.,ИТМО,профессор,
Алексеев М.Ю.,ФМиЕН,доцент,д.н.
Алексеев Б.В.,ФПМИ,,к.н.
Козлов З.Т.,ФУПМ,профессор,к.н.
Волков М.Ю.,ФЭТ,,д.н.
Петров Г.Н.,ФМиМ,профессор,к.н.
Семенов Г.Н.,ФУПМ,доцент,д.н.
Егоров Б.В.,ФПМИ,профессор,д.н.
Кузнецов Г.Н.,ФУПМ,,к.н.
Петров Л.О.,ФИВТ,профессор,к.н.
Егоров М.Ю.,ФМиМ,ассистент,д.н.
Новиков Л.О.,ФМиМ,профессор,к.н.
Волков Ж.Р.,ФМиЕН,доцент,д.н.
Алексеев В.И.,ФФ,профессор,к.н.
Морозов Д.С.,ФФ,,к.н.
Соколов Ж.Р.,ФФ,доцент,
Иванов А.А.,ФПМИ,ассистент,к.н.
Волков Г.Н.,ФПМИ,ассистент,к.н.
Иванов Е.П.,ФРТ,профессор,д.н.
Алексеев Д.С.,ФМиЕН,,к.н.
Иванов М.Ю.,ФМиЕН,ассистент,д.н.
Лебедева А.А.,ФФ,профессор,д.н.
Алексеев Ж.Р.,ФУПМ,профессор,к.н.
Кузнецов З.Т.,ФИТ,,д.н.
Волков Л.О.,ФФ,,д.н.
Смирнов А.А.,ФМиМ,доцент,
Морозов В.И.,ФУПМ,ассистент,
Морозов К.М.,ФИВТ,,д.н.
Сидоров В.И.,ФФ,,к.н.
Лебедева В.И.,ФЭТ,,д.н.
Новиков Л.О.,ФИТ,профессор,
Смирнов Г.Н.,ФФ,ассистент,к.н.
Кузнецов Е.П.,ФЭТ,ассистент,
Лебедева М.Ю.,ФИВТ,,
Новиков К.М.,ФПМИ,,
Петров З.Т.,ФУПМ,,
Семенов В.И.,ФРТ,ассистент,
Смирнов А.А.,ФИТ,доцент,
Попов Д.С.,ФРТ,доцент,к.н.
Семенов Л.О.,ФПМИ,ассистент,
Егоров Е.П.,ФИВТ,доцент,к.н.
Лебедев И.К.,ФЭТ,ассистент,
Иванов Б.В.,ФУПМ,,д.н.
Морозов Г.Н.,ФИВТ,ассистент,
Попов Е.П.,ФЭТ,доцент,
Попов М.Ю.,ФРТ,профессор,к.н.
Козлов А.А.,ФМиЕН,доцент,д.н.
Соколов Л.О.,ФРТ,ассистент,д.н.
Алексеев Г.Н.,ФПМИ,доцент,
Петров Ж.Р.,ИТМО,профессор,д.н.
Алексеев Д.С.,ФИВТ,,
Волков З.Т.,ИТМО,,к.н.
Соколов Ж.Р.,ФРТ,профессор,к.н.
Петров Л.О.,ФЭТ,доцент,к.н.
Волков Л.О.,ФМиЕН,ассистент,д.н.
Егоров Б.В.,ФПМИ,доцент,к.н.
Новиков Е.П.,ФИТ,доцент,к.н.
Кузнецов А.А.,ФМиЕН,ассистент,д.н.
Морозов М.Ю.,ФУПМ,профессор,д.н.
Смирнов Ж.Р.,ФИТ,,
Алексеев Г.Н.,ФФ,профессор,
Морозов И.К.,ФИТ,ассистент,к.н.
Иванов А.А.,ФУПМ,профессор,к.н.
Петров А.А.,ФЭТ,ассистент,
Новиков З.Т.,ФМиМ,доцент,
Новиков Д.С.,ФФ,,д.н.
Сидоров М.Ю.,ФУПМ,ассистент,к.н.
Новиков Ж.Р.,ФИТ,,к.н.
Новиков Д.С.,ФРТ,ассистент,к.н.
Егоров К.М.,ФФ,доцент,к.н.
Смирнов В.И.,ФМиМ,ассистент,к.н.
Волков К.М.,ФУПМ,профессор,д.н.
Лебедев М.Ю.,ИТМО,доцент,
Соколов В.И.,ФИТ,доцент,
Новиков Г.Н.,ФМиМ,ассистент,
Морозов Ж.Р.,ИТМО,,д.н.
Морозов Д.С.,ФУПМ,доцент,к.н.
Морозов А.А.,ФМиЕН,профессор,к.н.
Семенов Д.С.,ИТМО,профессор,
Соколов Е.П.,ФИТ,ассистент,к.н.
Волков З.Т.,ФРТ,,к.н.
Смирнов И.К.,ФИВТ,ассистент,д.н.
Петров З.Т.,ФРТ,ассистент,к.н.
Козлов А.А.,ФРТ,ассистент,к.н.
Попов Г.Н.,ФРТ,профессор,д.н.
Лебедев Л.О.,ФИТ,доцент,
Попов Л.О.,ФРТ,профессор,к.н.
Волков Д.С.,ФРТ,доцент,
Сидоров Д.С.,ФФ,ассистент,к.н.
Сидоров В.И.,ФМиМ,профессор,
Смирнов Л.О.,ФУПМ,ассистент,к.н.
Лебедева Е.П.,ФИВТ,,д.н.
Семенов К.М.,ФМиМ,доцент,д.н.
Петров Г.Н.,ФПМИ,доцент,д.н.
Соколов Г.Н.,ФИВТ,профессор,д.н.
Петров Б.В.,ФИВТ,доцент,
Смирнов З.Т.,ИТМО,профессор,
Семенов З.Т.,ФУПМ,ассистент,к.н.
Иванов Г.Н.,ФПМИ,ассистент,
Егоров Г.Н.,ФУПМ,ассистент,к.н.
Козлов Ж.Р.,ИТМО,ассистент,
Попов Г.Н.,ФИТ,,
Новиков Е.П.,ФИВТ,,д.н.
Лебедева Л.О.,ИТМО,доцент,д.н.
Лебедев Б.В.,ИТМО,ассистент,д.н.
Кузнецов И.К.,ФИВТ,,
Иванов В.И.,ФЭТ,,
Кузнецов Г.Н.,ФМиЕН,ассистент,д.н.
Волков Б.В.,ФУПМ,доцент,д.н.
Козлов Г.Н.,ИТМО,ассистент,
Семенов Ж.Р.,ФМиЕН,профессор,к.н.
Козлов Б.В.,ФФ,,
Козлов М.Ю.,ФИТ,профессор,
Попов З.Т.,ФМиЕН,,д.н.
Лебедев Ж.Р.,ФФ,доцент,д.н.
Петров Ж.Р.,ФЭТ,доцент,к.н.
Егоров Л.О.,ФИТ,доцент,
Лебедев А.А.,ФУПМ,ассистент,д.н.
Алексеев М.Ю.,ФЭТ,,
Сидоров З.Т.,ФИТ,,д.н.
Лебедева И.К.,ФЭТ,профессор,
Лебедев И.К.,ФРТ,,д.н.
Петров Ж.Р.,ФЭТ,профессор,к.н.
Лебедев В.И.,ФИВТ,,
Егоров М.Ю.,ИТМО,ассистент,д.н.
Петров Б.В.,ФМиМ,ассистент,д.н.
Семенов И.К.,ФИТ,профессор,к.н.
Морозов Г.Н.,ИТМО,профессор,
Лебедева Ж.Р.,ФУПМ,ассистент,к.н.
Новиков Б.В.,ФФ,ассистент,
Лебедев З.Т.,ФМиМ,ассистент,д.н.
Волков М.Ю.,ФРТ,профессор,к.н.
Егоров Л.О.,ФИТ,профессор,д.н.
Соколов И.К.,ФМиМ,,
Волков Б.В.,ИТМО,доцент,д.н.
Лебедев А.А.,ФИВТ,профессор,
Морозов Б.В.,ИТМО,профессор,к.н.
Егоров М.Ю.,ФИВТ,,
Петров Г.Н.,ФПМИ,ассистент,к.н.
Морозов З.Т.,ФФ,,к.н.
Сидоров Б.В.,ФМиЕН,ассистент,
Смирнов Е.П.,ФИВТ,,д.н.
Петров И.К.,ФИВТ,доцент,д.н.
Козлов К.М.,ФИТ,ассистент,
Попов Е.П.,ФИВТ,профессор,к.н.
Козлов М.Ю.,ФПМИ,ассистент,к.н.
Петров Б.В.,ФРТ,,д.н.
Лебедева Г.Н.,ФУПМ,,к.н.
Новиков А.А.,ФМиЕН,,к.н.
Алексеев Г.Н.,ИТМО,,
Морозов К.М.,ФФ,доцент,д.н.
Лебедева Е.П.,ФМиЕН,доцент,д.н.
Морозов Е.П.,ФИТ,ассистент,д.н.
Лебедева И.К.,ФРТ,ассистент,к.н.
Алексеев Д.С.,ФРТ,профессор,к.н.
Лебедев В.И.,ФМиЕН,профессор,
Лебедева Г.Н.,ФИТ,,д.н.
Лебедев А.А.,ФЭТ,доцент,
Лебедев А.А.,ФМиЕН,ассистент,д.н.
Лебедева Л.О.,ФМиЕН,доцент,
Кузнецов Л.О.,ФМиЕН,профессор,д.н.
Попов Ж.Р.,ФРТ,доцент,к.н.
Семенов А.А.,ФПМИ,ассистент,к.н.
Смирнов М.Ю.,ФИВТ,ассистент,к.н.
Морозов Б.В.,ФИВТ,профессор,
Петров А.А.,ФЭТ,доцент,к.н.
Волков В.И.,ФМиЕН,профессор,д.н.
Волков Г.Н.,ФИВТ,ассистент,
Егоров З.Т.,ФЭТ,доцент,д.н.
Кузнецов Б.В.,ФИТ,ассистент,д.н.
Лебедев В.И.,ФФ,доцент,д.н.
Алексеев К.М.,ФМиЕН,,к.н.
Попов Д.С.,ФМиМ,профессор,к.н.
Петров Ж.Р.,ФПМИ,доцент,к.н.
Семенов Д.С.,ФИТ,ассистент,
Иванов Д.С.,ФРТ,доцент,к.н.
Попов В.И.,ФМиМ,ассистент,
Соколов Ж.Р.,ФМиЕН,доцент,
Иванов В.И.,ФИТ,профессор,д.н.
Алексеев И.К.,ФМиЕН,ассистент,д.н.
Морозов И.К.,ФМиЕН,,к.н.
Семенов К.М.,ФУПМ,,
Кузнецов З.Т.,ФЭТ,,д.н.
Алексеев И.К.,ФИВТ,ассистент,к.н.
Кузнецов И.К.,ФУПМ,профессор,д.н.
Кузнецов Ж.Р.,ФРТ,,
Лебедева А.А.,ИТМО,,д.н.
Волков З.Т.,ФФ,ассистент,
Петров Б.В.,ФМиМ,профессор,к.н.
Попов Е.П.,ФМиЕН,профессор,к.н.
Семенов А.А.,ФИВТ,профессор,к.н.
Сидоров Б.В.,ФРТ,ассистент,к.н.
Попов Г.Н.,ФМиМ,,д.н.
Смирнов В.И.,ФРТ,,
Новиков Г.Н.,ФПМИ,профессор,к.н.
Соколов М.Ю.,ФИВТ,,д.н.
Попов Б.В.,ИТМО,,к.н.
Соколов Ж.Р.,ФЭТ,,к.н.
Козлов А.А.,ИТМО,ассистент,к.н.
Морозов З.Т.,ФИТ,,к.н.
Смирнов А.А.,ФФ,,д.н.
Попов Г.Н.,ФЭТ,профессор,
Лебедева Л.О.,ФМиЕН,профессор,к.н.
Волков В.И.,ФУПМ,доцент,к.н.
Козлов В.И.,ФИТ,доцент,
Кузнецов Л.О.,ФРТ,доцент,д.н.
Егоров Г.Н.,ФПМИ,ассистент,д.н.
Козлов Е.П.,ФИВТ,ассистент,д.н.
Алексеев И.К.,ФИВТ,,д.н.
Иванов М.Ю.,ФРТ,доцент,к.н.
Соколов З.Т.,ФУПМ,доцент,к.н.
Попов И.К.,ФФ,,к.н.
Лебедев И.К.,ФРТ,,к.н.
Егоров А.А.,ИТМО,профессор,к.н.
Иванов Е.П.,ФМиЕН,доцент,д.н.
Попов Г.Н.,ФИВТ,доцент,д.н.
Смирнов Д.С.,ФПМИ,ассистент,к.н.
Иванов Е.П.,ФМиМ,доцент,д.н.
Кузнецов И.К.,ФИВТ,,д.н.
Морозов Г.Н.,ФРТ,ассистент,
Соколов А.А.,ФЭТ,профессор,д.н.
Лебедева Ж.Р.,ФЭТ,ассистент,к.н.
Сидоров Г.Н.,ИТМО,,д.н.
Попов Б.В.,ФРТ,ассистент,д.н.
Попов Б.В.,ФМиМ,,
Смирнов М.Ю.,ФИВТ,доцент,к.н.
Кузнецов М.Ю.,ФМиМ,,к.н.
Петров Л.О.,ФИТ,профессор,к.н.
Попов Ж.Р.,ФПМИ,ассистент,к.н.
Попов Л.О.,ФИТ,ассистент,
Смирнов Е.П.,ФМиМ,профессор,к.н.
Лебедева А.А.,ФМиМ,доцент,к.н.
Петров Е.П.,ФЭТ,доцент,
Попов Е.П.,ФУПМ,,
Смирнов Б.В.,ФИТ,профессор,д.н.
Смирнов М.Ю.,ФИВТ,,д.н.
Егоров Д.С.,ФФ,доцент,д.н.
Лебедев Е.П.,ФПМИ,доцент,к.н.
Алексеев М.Ю.,ФФ,доцент,
Козлов Л.О.,ФРТ,профессор,д.н.
Новиков Е.П.,ФМиЕН,доцент,д.н.
Сидоров Д.С.,ФРТ,профессор,к.н.
Семенов М.Ю.,ФФ,ассистент,
Иванов В.И.,ФИТ,ассистент,к.н.
Алексеев И.К.,ФМиЕН,профессор,
Лебедев К.М.,ФМиЕН,,д.н.
Лебедева Ж.Р.,ФРТ,ассистент,д.н.
Соколов Е.П.,ФЭТ,,д.н.
Лебедева Б.В.,ФУПМ,доцент,к.н.
Смирнов Д.С.,ИТМО,профессор,д.н.
Новиков М.Ю.,ФУПМ,доцент,
Лебедев Г.Н.,ИТМО,профессор,к.н.
Соколов Ж.Р.,ФИТ,доцент,
Лебедева А.А.,ФИВТ,профессор,к.н.
Лебедева Д.С.,ФЭТ,ассистент,к.н.
Егоров Б.В.,ФМиЕН,профессор,к.н.
Петров А.А.,ФЭТ,,
Иванов Л.О.,ФИВТ,профессор,к.н.
Лебедева Е.П.,ФРТ,,
Соколов А.А.,ФЭТ,,к.н.
Иванов В.И.,ФРТ,,
Кузнецов Б.В.,ФРТ,доцент,д.н.
Семенов Л.О.,ФИТ,,к.н.
Соколов М.Ю.,ФРТ,доцент,к.н.
Кузнецов А.А.,ФМиЕН,,д.н.
Морозов Г.Н.,ФРТ,доцент,к.н.
Лебедева Г.Н.,ФЭТ,,д.н.
Кузнецов Д.С.,ФИТ,ассистент,д.н.
Лебедев Г.Н.,ФИВТ,ассистент,д.н.
Морозов Г.Н.,ФИТ,,д.н.
Новиков З.Т.,ИТМО,,д.н.
Козлов Д.С.,ФМиЕН,доцент,
Новиков Г.Н.,ФМиМ,профессор,к.н.
Егоров М.Ю.,ФЭТ,доцент,д.н.
Егоров Г.Н.,ФМиЕН,профессор,
Морозов М.Ю.,ФУПМ,,д.н.
Егоров М.Ю.,ФМиЕН,ассистент,д.н.
Егоров В.И.,ФПМИ,,
Сидоров Д.С.,ФИВТ,,к.н.
Волков Г.Н.,ФЭТ,доцент,д.н.
Семенов В.И.,ФИВТ,профессор,
Волков В.И.,ИТМО,,
Новиков Г.Н.,ФМиЕН,,д.н.
Морозов Б.В.,ФУПМ,ассистент,д.н.
Козлов Л.О.,ФРТ,доцент,к.н.
Лебедева З.Т.,ФПМИ,,д.н.
Сидоров Б.В.,ФРТ,,
Козлов Б.В.,ФУПМ,доцент,к.н.
Морозов Б.В.,ФУПМ,профессор,д.н.
Лебедев Е.П.,ФРТ,,д.н.
Соколов В.И.,ФЭТ,доцент,
Морозов Д.С.,ФИВТ,профессор,к.н.
Новиков Л.О.,ИТМО,профессор,
Кузнецов М.Ю.,ИТМО,доцент,д.н.
Смирнов К.М.,ФЭТ,доцент,
Петров А.А.,ФЭТ,доцент,к.н.
Егоров Г.Н.,ФМиМ,профессор,
Попов В.И.,ФФ,,д.н.
Козлов З.Т.,ФФ,ассистент,к.н.
Петров Л.О.,ФЭТ,профессор,
Новиков М.Ю.,ФМиМ,доцент,
Соколов И.К.,ФМиЕН,ассистент,д.н.
Лебедева А.А.,ФПМИ,ассистент,д.н.
Волков Б.В.,ФЭТ,,к.н.
Морозов В.И.,ФРТ,ассистент,д.н.
Сидоров Л.О.,ФПМИ,доцент,д.н.
Егоров И.К.,ФМиМ,профессор,
Смирнов Б.В.,ФРТ,ассистент,д.н.
Лебедева Ж.Р.,ФИВТ,,д.н.
Козлов Е.П.,ФИТ,,к.н.
Соколов Г.Н.,ФИВТ,профессор,к.н.
Иванов Г.Н.,ФМиМ,доцент,д.н.
Козлов Б.В.,ИТМО,профессор,
Лебедев А.А.,ФМиЕН,доцент,к.н.
Кузнецов И.К.,ФУПМ,ассистент,д.н.
Кузнецов В.И.,ФИТ,,
Алексеев З.Т.,ФУПМ,доцент,
Семенов В.И.,ФРТ,профессор,
Егоров В.И.,ФМиМ,ассистент,к.н.
Попов Г.Н.,ИТМО,,д.н.
Соколов Г.Н.,ИТМО,,д.н.
Егоров М.Ю.,ФИТ,профессор,к.н.
Новиков Г.Н.,ФМиМ,доцент,к.н.
Морозов Г.Н.,ФИВТ,ассистент,д.н.
Петров А.А.,ФФ,доцент,
Смирнов Г.Н.,ФИТ,доцент,д.н.
Попов Б.В.,ФПМИ,ассистент,
Лебедева З.Т.,ФИВТ,профессор,
Алексеев В.И.,ФФ,профессор,д.н.
Волков И.К.,ФЭТ,профессор,
Попов И.К.,ФФ,доцент,к.н.
Лебедева З.Т.,ФПМИ,доцент,
Лебедев К.М.,ФПМИ,ассистент,к.н.
Петров Д.С.,ИТМО,доцент,к.н.
Лебедев А.А.,ФИВТ,,
Кузнецов Е.П.,ФИТ,ассистент,д.н.
Морозов Л.О.,ФЭТ,,
Алексеев И.К.,ФУПМ,ассистент,д.н.
Петров Е.П.,ФИТ,ассистент,д.н.
Новиков М.Ю.,ФМиЕН,ассистент,
Иванов Г.Н.,ФИВТ,ассистент,д.н.
Новиков Д.С.,ФРТ,профессор,к.н.
Семенов В.И.,ФУПМ,профессор,
Алексеев Е.П.,ФЭТ,доцент,д.н.
Волков Е.П.,ФУПМ,доцент,
Егоров З.Т.,ИТМО,профессор,к.н.
Лебедева З.Т.,ИТМО,,д.н.
Новиков З.Т.,ИТМО,доцент,д.н.
Новиков М.Ю.,ФУПМ,доцент,
Петров Д.С.,ФЭТ,,к.н.
Петров Л.О.,ФИВТ,профессор,
Кузнецов В.И.,ФИВТ,доцент,к.н.
Семенов Б.В.,ФПМИ,,д.н.
Новиков Б.В.,ФИТ,доцент,
Морозов Л.О.,ФРТ,,
Козлов М.Ю.,ФИТ,,д.н.
Попов М.Ю.,ФУПМ,,к.н.
Морозов К.М.,ФФ,ассистент,к.н.
Смирнов З.Т.,ФИВТ,профессор,д.н.
Семенов М.Ю.,ФПМИ,доцент,д.н.
Козлов Е.П.,ФМиЕН,ассистент,д.н.
Морозов И.К.,ФУПМ,,д.н.
Морозов В.И.,ФИВТ,ассистент,д.н.
Попов Б.В.,ФМиЕН,ассистент,д.н.
Петров З.Т.,ФРТ,доцент,к.н.
Егоров Е.П.,ФМиМ,профессор,д.н.
Семенов В.И.,ФМиЕН,профессор,к.н.
Иванов Д.С.,ИТМО,,
Сидоров И.К.,ФПМИ,доцент,к.н.
Козлов Д.С.,ФЭТ,профессор,д.н.
Лебедев М.Ю.,ФИВТ,доцент,
Егоров Л.О.,ФМиЕН,доцент,к.н.
Иванов М.Ю.,ФМиЕН,профессор,к.н.
Козлов Л.О.,ФИТ,ассистент,
Сидоров В.И.,ФИВТ,доцент,к.н.
Иванов М.Ю.,ФМиЕН,,
Сидоров И.К.,ФФ,ассистент,д.н.
Сидоров З.Т.,ИТМО,ассистент,к.н.
Попов А.А.,ФУПМ,профессор,к.н.
Новиков В.И.,ФФ,,к.н.
Алексеев Б.В.,ФИТ,ассистент,
Козлов К.М.,ФИВТ,профессор,к.н.
Лебедева И.К.,ФРТ,,к.н.
Соколов Д.С.,ФРТ,ассистент,
Лебедев М.Ю.,ФПМИ,,к.н.
Волков Г.Н.,ФФ,,д.н.
Волков М.Ю.,ФЭТ,ассистент,д.н.
Попов Г.Н.,ФПМИ,профессор,
Лебедев К.М.,ИТМО,ассистент,к.н.
Кузнецов Д.С.,ФЭТ,,
Попов Е.П.,ФЭТ,ассистент,к.н.
Петров Г.Н.,ИТМО,доцент,д.н.
Кузнецов И.К.,ФПМИ,,д.н.
Соколов К.М.,ФМиЕН,,
Волков Г.Н.,ФМиМ,доцент,д.н.
Козлов Б.В.,ФИТ,,
Алексеев Г.Н.,ФМиМ,доцент,
Волков В.И.,ФМиЕН,ассистент,
Новиков А.А.,ФРТ,ассистент,д.н.
Смирнов И.К.,ИТМО,профессор,
Соколов З.Т.,ФУПМ,профессор,
Иванов В.И.,ФФ,ассистент,
Сидоров Ж.Р.,ФИВТ,профессор,д.н.
Попов Б.В.,ФФ,доцент,
Новиков Е.П.,ФУПМ,доцент,
Сидоров З.Т.,ФРТ,,к.н.
Соколов Е.П.,ИТМО,ассистент,к.н.
Сидоров Е.П.,ФЭТ,профессор,д.н.
Попов И.К.,ФИВТ,доцент,к.н.
Новиков В.И.,ФРТ,,д.н.
Иванов Д.С.,ФМиЕН,профессор,к.н.
Смирнов Ж.Р.,ФПМИ,профессор,к.н.
Морозов Е.П.,ФЭТ,,
Соколов Е.П.,ФМиЕН,,д.н.
Петров Е.П.,ФМиЕН,доцент,
Лебедев А.А.,ФМиМ,доцент,к.н.
Попов Л.О.,ФРТ,доцент,д.н.
Петров З.Т.,ФУПМ,,к.н.
Морозов З.Т.,ФУПМ,профессор,к.н.
Соколов Б.В.,ФПМИ,ассистент,к.н.
Алексеев Б.В.,ФЭТ,ассистент,
Волков Д.С.,ФМиЕН,,к.н.
Козлов Д.С.,ФУПМ,ассистент,д.н.
Попов А.А.,ФФ,ассистент,к.н.
Новиков Г.Н.,ФМиЕН,доцент,
Морозов Г.Н.,ФУПМ,ассистент,к.н.
Иванов З.Т.,ФМиЕН,ассистент,к.н.
Иванов М.Ю.,ИТМО,доцент,д.н.
Егоров Е.П.,ФЭТ,доцент,д.н.
Смирнов И.К.,ФУПМ,,к.н.
Семенов Б.В.,ФЭТ,,
Алексеев И.К.,ФФ,доцент,
Лебедева Е.П.,ФЭТ,доцент,д.н.
Попов И.К.,ФМиМ,профессор,к.н.
Соколов Б.В.,ФФ,ассистент,к.н.
Лебедев Л.О.,ФПМИ,,
Кузнецов Л.О.,ФПМИ,,
Лебедев Б.В.,ФИТ,профессор,
Морозов И.К.,ФМиЕН,ассистент,д.н.
Петров З.Т.,ФМиЕН,профессор,к.н.
Егоров И.К.,ФИВТ,доцент,д.н.
Лебедева Г.Н.,ФЭТ,,к.н.
Семенов Г.Н.,ФУПМ,доцент,д.н.
Попов Ж.Р.,ФУПМ,,к.н.
Иванов М.Ю.,ИТМО,доцент,
Морозов Б.В.,ФРТ,,
Новиков Ж.Р.,ИТМО,ассистент,
Егоров Б.В.,ФМиМ,профессор,к.н.
Волков З.Т.,ФМиМ,,д.н.
Кузнецов Л.О.,ИТМО,ассистент,д.н.
Кузнецов М.Ю.,ФФ,профессор,к.н.
Новиков Ж.Р.,ФРТ,профессор,
Волков В.И.,ФПМИ,ассистент,к.н.
Сидоров И.К.,ФУПМ,ассистент,д.н.
Смирнов Л.О.,ФИТ,доцент,д.н.
Сидоров И.К.,ФИВТ,доцент,
Новиков М.Ю.,ИТМО,ассистент,
Кузнецов Е.П.,ФПМИ,профессор,
Козлов Д.С.,ФИВТ,,
Соколов Е.П.,ФПМИ,,к.н.
Кузнецов Д.С.,ФФ,ассистент,
Попов Д.С.,ФФ,,к.н.
Новиков И.К.,ФМиМ,ассистент,д.н.
Попов И.К.,ФИТ,,д.н.
Морозов В.И.,ФМиЕН,,к.н.
Лебедева Е.П.,ФМиМ,,
Иванов Л.О.,ФУПМ,профессор,
Семенов И.К.,ФУПМ,доцент,д.н.
Сидоров В.И.,ФФ,ассистент,к.н.
Лебедева В.И.,ФИТ,,
Петров К.М.,ИТМО,профессор,д.н.
Смирнов Б.В.,ФИВТ,ассистент,
Новиков Б.В.,ФИВТ,профессор,к.н.
Смирнов Д.С.,ФМиЕН,профессор,к.н.
Козлов Л.О.,ФЭТ,профессор,к.н.
Алексеев Ж.Р.,ФФ,,
Соколов Л.О.,ФУПМ,ассистент,к.н.
Волков А.А.,ФИТ,,д.н.
Морозов Л.О.,ИТМО,доцент,д.н.
Козлов Г.Н.,ФИВТ,доцент,д.н.
Морозов Е.П.,ФИТ,ассистент,к.н.
Попов Г.Н.,ФРТ,доцент,д.н.
Лебедева А.А.,ФУПМ,доцент,к.н.
Смирнов К.М.,ФФ,профессор,
Попов Ж.Р.,ФПМИ,профессор,к.н.
Иванов В.И.,ФПМИ,,д.н.
Козлов Е.П.,ФМиМ,ассистент,д.н.
Иванов И.К.,ФМиЕН,доцент,
Петров М.Ю.,ФЭТ,доцент,д.н.
Волков А.А.,ФУПМ,профессор,к.н.
Кузнецов Е.П.,ФПМИ,ассистент,
Козлов Л.О.,ФИТ,профессор,к.н.
Егоров А.А.,ФРТ,,к.н.
Алексеев К.М.,ФРТ,,д.н.
Егоров В.И.,ФУПМ,ассистент,д.н.
Морозов В.И.,ФИТ,,к.н.
Иванов Д.С.,ФИТ,ассистент,
Алексеев М.Ю.,ФИВТ,ассистент,к.н.
Козлов К.М.,ИТМО,доцент,
Семенов В.И.,ФМиМ,,д.н.
Кузнецов З.Т.,ФИТ,профессор,д.н.
Алексеев И.К.,ИТМО,,д.н.
Лебедев Г.Н.,ФУПМ,доцент,к.н.
Лебедева И.К.,ФУПМ,ассистент,д.н.
Морозов А.А.,ФУПМ,доцент,к.н.
Козлов Е.П.,ФРТ,,
Морозов А.А.,ФМиЕН,,д.н.
Новиков Е.П.,ИТМО,профессор,д.н.
Иванов В.И.,ФФ,профессор,к.н.
Новиков Г.Н.,ФМиЕН,ассистент,к.н.
Соколов Е.П.,ФИВТ,профессор,к.н.
Волков В.И.,ФЭТ,,д.н.
Смирнов Д.С.,ФЭТ,ассистент,д.н.
Соколов Л.О.,ФИВТ,ассистент,
Попов Д.С.,ФПМИ,профессор,
Кузнецов Л.О.,ФИВТ,доцент,д.н.
Волков В.И.,ФИВТ,доцент,
Иванов Б.В.,ФФ,профессор,к.н.
Лебедева Д.С.,ФФ,профессор,д.н.
Лебедева Б.В.,ФЭТ,,к.н.
Морозов И.К.,ФУПМ,ассистент,д.н.
Лебедев И.К.,ФИВТ,,д.н.
Алексеев К.М.,ФМиМ,профессор,
Сидоров З.Т.,ФИВТ,ассистент,
Петров М.Ю.,ФИВТ,,
Сидоров Ж.Р.,ИТМО,доцент,
Лебедева М.Ю.,ФИВТ,профессор,
Попов Ж.Р.,ФФ,доцент,
Морозов З.Т.,ФМиМ,профессор,к.н.
Сидоров Е.П.,ФИВТ,ассистент,д.н.
Козлов И.К.,ИТМО,ассистент,к.н.
Соколов М.Ю.,ФУПМ,доцент,
Морозов Ж.Р.,ФУПМ,профессор,
Петров К.М.,ФМиЕН,профессор,к.н.
Волков Ж.Р.,ФИТ,,
Морозов Л.О.,ФМиМ,доцент,к.н.
Соколов А.А.,ФМиЕН,доцент,д.н.
Смирнов Г.Н.,ФЭТ,,к.н.
Сидоров Ж.Р.,ФЭТ,профессор,
Лебедев И.К.,ФРТ,доцент,д.н.
Иванов М.Ю.,ФПМИ,,д.н.
Кузнецов Л.О.,ФЭТ,профессор,к.н.
Попов Д.С.,ФУПМ,ассистент,д.н.
Козлов В.И.,ФМиЕН,доцент,
Морозов Ж.Р.,ФМиЕН,,д.н.
Козлов И.К.,ИТМО,,к.н.
Новиков Д.С.,ФИТ,ассистент,д.н.
Морозов Е.П.,ФПМИ,профессор,
Иванов Д.С.,ФУПМ,доцент,д.н.
Семенов Г.Н.,ФЭТ,ассистент,к.н.
Лебедева З.Т.,ФИВТ,профессор,к.н.
Морозов Е.П.,ФФ,,
Кузнецов М.Ю.,ИТМО,доцент,д.н.
Волков А.А.,ФИВТ,профессор,д.н.
Волков Ж.Р.,ФИТ,,
Соколов Ж.Р.,ИТМО,доцент,
Новиков Ж.Р.,ФМиМ,доцент,д.н.
Козлов Б.В.,ФМиМ,ассистент,
Петров Г.Н.,ИТМО,,д.н.
Попов И.К.,ИТМО,профессор,д.н.
Петров Е.П.,ФЭТ,,
Козлов Д.С.,ФУПМ,,д.н.
Попов Е.П.,ФИВТ,ассистент,д.н.
Иванов Е.П.,ФПМИ,доцент,к.н.
Егоров Ж.Р.,ФИВТ,,д.н.
Лебедев Ж.Р.,ФПМИ,профессор,к.н.
Егоров Г.Н.,ФЭТ,,д.н.
Смирнов К.М.,ФПМИ,доцент,
Лебедева К.М.,ФИВТ,профессор,д.н.
Новиков А.А.,ФМиМ,,д.н.
Иванов В.И.,ФПМИ,доцент,
Алексеев М.Ю.,ФРТ,,д.н.
Смирнов Г.Н.,ФЭТ,ассистент,к.н.
Кузнецов В.И.,ФИТ,,д.н.
Семенов Ж.Р.,ФПМИ,ассистент,д.н.
Попов Л.О.,ФУПМ,ассистент,к.н.
Сидоров Е.П.,ФФ,доцент,
Егоров З.Т.,ФИТ,доцент,к.н.
Лебедева Е.П.,ФРТ,доцент,к.н.
Лебедев Б.В.,ФИТ,профессор,к.н.
Морозов Г.Н.,ФПМИ,ассистент,к.н.
Волков А.А.,ФМиЕН,,к.н.
Иванов К.М.,ФИВТ,,д.н.
Алексеев Д.С.,ФФ,доцент,
Соколов А.А.,ФФ,ассистент,д.н.
Семенов В.И.,ФУПМ,,д.н.
Соколов В.И.,ФМиЕН,,
Егоров Ж.Р.,ФУПМ,профессор,к.н.
Семенов К.М.,ФРТ,профессор,д.н.
Соколов В.И.,ФИВТ,ассистент,д.н.
Новиков Л.О.,ФПМИ,,д.н.
Петров Ж.Р.,ИТМО,ассистент,
Егоров Л.О.,ФМиЕН,профессор,
Сидоров Д.С.,ФИТ,,д.н.
Попов В.И.,ФЭТ,профессор,д.н.
Семенов Д.С.,ФМиМ,,д.н.
Козлов Ж.Р.,ФМиМ,доцент,
Соколов Г.Н.,ФИТ,,
Лебедев Д.С.,ФФ,,
Сидоров М.Ю.,ФМиЕН,профессор,д.н.
Попов И.К.,ФПМИ,ассистент,к.н.
Егоров Д.С.,ФМиМ,доцент,к.н.
Новиков Л.О.,ФМиЕН,профессор,к.н.
Козлов К.М.,ФИТ,доцент,к.н.
Егоров З.Т.,ФМиМ,,
Алексеев В.И.,ФМиЕН,профессор,к.н.
Козлов Г.Н.,ФИВТ,,к.н.
Егоров М.Ю.,ФУПМ,профессор,к.н.
Смирнов И.К.,ФЭТ,,
Волков М.Ю.,ФМиЕН,доцент,д.н.
Морозов В.И.,ФФ,профессор,
Петров З.Т.,ФИТ,,д.н.
Семенов А.А.,ФПМИ,,
Лебедев Л.О.,ИТМО,профессор,д.н.
Петров А.А.,ФМиМ,профессор,к.н.
Кузнецов Л.О.,ФИВТ,ассистент,д.н.
Козлов Л.О.,ФЭТ,профессор,д.н.
Егоров З.Т.,ФФ,,д.н.
Кузнецов Г.Н.,ИТМО,доцент,д.н.
Волков К.М.,ФРТ,профессор,д.н.
Смирнов Д.С.,ФРТ,ассистент,д.н.
Лебедев Е.П.,ФФ,ассистент,д.н.
Петров Д.С.,ФИВТ,,к.н.
Петров Л.О.,ФФ,доцент,д.н.
Новиков З.Т.,ФРТ,профессор,к.н.
Семенов В.И.,ФПМИ,профессор,к.н.
Иванов Г.Н.,ФФ,доцент,
Кузнецов Д.С.,ФПМИ,доцент,
Лебедев И.К.,ФФ,ассистент,д.н.
Петров Д.С.,ФРТ,ассистент,
Волков А.А.,ФИВТ,профессор,
Попов Г.Н.,ФФ,доцент,д.н.
Новиков В.И.,ФПМИ,доцент,
Козлов В.И.,ФУПМ,,
Егоров М.Ю.,ФУПМ,,д.н.
Сидоров Л.О.,ФРТ,профессор,
Соколов Л.О.,ФИТ,доцент,к.н.
Смирнов Л.О.,ФФ,,к.н.
Егоров К.М.,ИТМО,ассистент,
Лебедев Г.Н.,ИТМО,ассистент,
Сидоров Е.П.,ФПМИ,ассистент,к.н.
Петров И.К.,ФМиМ,,д.н.
Морозов Д.С.,ФИВТ,ассистент,д.н.
Смирнов А.А.,ФФ,,к.н.
Алексеев Л.О.,ФПМИ,доцент,д.н.
Семенов А.А.,ИТМО,,
Кузнецов Г.Н.,ФМиМ,,
Алексеев Л.О.,ФМиМ,профессор,
Волков З.Т.,ФМиЕН,доцент,д.н.
Козлов З.Т.,ФРТ,,к.н.
Попов Л.О.,ФФ,,к.н.
Козлов Г.Н.,ФРТ,,
Иванов А.А.,ФМиМ,доцент,д.н.
Попов И.К.,ФФ,профессор,к.н.
Егоров В.И.,ИТМО,,к.н.
Козлов Г.Н.,ИТМО,доцент,д.н.
Сидоров Л.О.,ФИТ,профессор,д.н.
Лебедев И.К.,ФУПМ,профессор,к.н.
Алексеев Д.С.,ФИВТ,доцент,
Семенов М.Ю.,ФУПМ,,к.н.
Петров Е.П.,ФМиЕН,,к.н.
Петров Б.В.,ФРТ,профессор,к.н.
Семенов З.Т.,ФРТ,доцент,д.н.
Семенов Г.Н.,ФМиМ,доцент,д.н.
Иванов А.А.,ФИВТ,профессор,к.н.
Егоров Д.С.,ФУПМ,доцент,д.н.
Сидоров И.К.,ФЭТ,профессор,к.н.
Морозов М.Ю.,ФИТ,ассистент,к.н.
Алексеев Е.П.,ФПМИ,ассистент,к.н.
Попов Ж.Р.,ФПМИ,,к.н.
Лебедева З.Т.,ФФ,,к.н.
Новиков М.Ю.,ФЭТ,доцент,
Соколов Ж.Р.,ФИТ,,к.н.
Семенов Ж.Р.,ФМиЕН,,д.н.
Алексеев З.Т.,ФПМИ,ассистент,
Попов Д.С.,ФЭТ,ассистент,
Попов М.Ю.,ФФ,профессор,к.н.
Морозов В.И.,ФМиМ,доцент,
Лебедев З.Т.,ФПМИ,,к.н.
Кузнецов Л.О.,ФПМИ,ассистент,к.н.
Кузнецов А.А.,ИТМО,доцент,к.н.
Алексеев Л.О.,ФМиМ,профессор,
Соколов К.М.,ФИВТ,ассистент,
Козлов А.А.,ФФ,ассистент,к.н.
Алексеев И.К.,ФФ,ассистент,д.н.
Егоров И.К.,ФМиМ,профессор,
Лебедев Г.Н.,ФРТ,ассистент,к.н.
Морозов К.М.,ФИВТ,ассистент,к.н.
Попов В.И.,ФУПМ,профессор,к.н.
Козлов И.К.,ФМиЕН,доцент,
Лебедев З.Т.,ФУПМ,доцент,
Лебедев В.И.,ФРТ,ассистент,
Петров Ж.Р.,ФПМИ,профессор,
Смирнов Ж.Р.,ФУПМ,ассистент,д.н.
Лебедева З.Т.,ФМиЕН,,к.н.
Попов А.А.,ИТМО,профессор,к.н.
Смирнов Г.Н.,ФИВТ,,
Морозов К.М.,ФУПМ,,д.н.
Сидоров Ж.Р.,ФПМИ,профессор,
Иванов И.К.,ФМиЕН,ассистент,к.н.
Лебедев А.А.,ФРТ,ассистент,к.н.
Морозов Е.П.,ФЭТ,,к.н.
Лебедев А.А.,ФМиЕН,ассистент,к.н.
Алексеев Г.Н.,ИТМО,доцент,к.н.
Новиков З.Т.,ФИТ,профессор,к.н.
Волков Е.П.,ФИВТ,,д.н.
Лебедева М.Ю.,ФФ,ассистент,
Новиков Б.В.,ФМиЕН,,
Новиков Ж.Р.,ФФ,профессор,д.н.
Морозов Б.В.,ФМиМ,профессор,д.н.
Попов К.М.,ФФ,профессор,
Сидоров Д.С.,ФРТ,ассистент,
Морозов Д.С.,ФУПМ,,к.н.
Егоров Д.С.,ФФ,профессор,д.н.
Смирнов З.Т.,ФИВТ,ассистент,к.н.
Иванов Б.В.,ФФ,,
Смирнов Л.О.,ФРТ,профессор,
Морозов Б.В.,ИТМО,доцент,к.н.
Попов Е.П.,ФМиМ,,д.н.
Семенов Е.П.,ИТМО,,д.н.
Семенов Е.П.,ФУПМ,доцент,к.н.
Волков К.М.,ФРТ,профессор,д.н.
Иванов Л.О.,ФПМИ,,к.н.
Семенов Е.П.,ФМиМ,,к.н.
Алексеев Е.П.,ФЭТ,,к.н.
Козлов Ж.Р.,ФМиМ,,к.н.
Егоров Д.С.,ФМиЕН,доцент,д.н.
Сидоров Е.П.,ФИВТ,профессор,к.н.
Козлов К.М.,ФФ,,
Сидоров К.М.,ФФ,ассистент,к.н.
Егоров З.Т.,ФРТ,ассистент,д.н.
Лебедева Л.О.,ФЭТ,ассистент,д.н.
Новиков Б.В.,ФРТ,ассистент,
Соколов А.А.,ФИТ,профессор,
Козлов Е.П.,ФУПМ,ассистент,д.н.
Семенов И.К.,ФИВТ,ассистент,к.н.
Попов Е.П.,ФЭТ,доцент,
Иванов А.А.,ФФ,профессор,
Новиков Д.С.,ФУПМ,,д.н.
Иванов Б.В.,ФПМИ,доцент,к.н.
Новиков И.К.,ФМиМ,доцент,д.н.
Новиков В.И.,ФМиМ,ассистент,д.н.
Сидоров Б.В.,ФФ,доцент,к.н.
Алексеев Б.В.,ФИВТ,доцент,к.н.
Козлов Г.Н.,ФУПМ,ассистент,
Семенов З.Т.,ФЭТ,доцент,д.н.
Егоров З.Т.,ФИТ,,д.н.
Егоров Б.В.,ФИВТ,,д.н.
Семенов К.М.,ФПМИ,ассистент,
Алексеев И.К.,ФФ,ассистент,д.н.
Кузнецов З.Т.,ФПМИ,доцент,д.н.
Алексеев И.К.,ФМиМ,ассистент,д.н.
Лебедев Е.П.,ФМиМ,доцент,
Иванов Г.Н.,ФЭТ,профессор,
Попов И.К.,ФИТ,профессор,д.н.
Морозов Ж.Р.,ФУПМ,доцент,д.н.
Сидоров А.А.,ФМиМ,доцент,
Козлов Г.Н.,ИТМО,доцент,д.н.
Иванов Ж.Р.,ФИВТ,ассистент,к.н.
Попов К.М.,ФРТ,доцент,к.н.
Смирнов А.А.,ФРТ,,к.н.
Семенов А.А.,ФРТ,профессор,
Волков А.А.,ФИВТ,,д.н.
Попов Е.П.,ФМиЕН,,д.н.
Сидоров З.Т.,ФФ,ассистент,д.н.
Попов Г.Н.,ФИТ,,д.н.
Семенов Ж.Р.,ФРТ,профессор,к.н.
Семенов Е.П.,ФУПМ,профессор,д.н.
Лебедев Е.П.,ФМиЕН,доцент,
Соколов Л.О.,ФЭТ,,к.н.
Алексеев З.Т.,ФУПМ,профессор,
Лебедев Б.В.,ФИВТ,ассистент,к.н.
Петров А.А.,ФМиМ,,д.н.
Кузнецов К.М.,ФФ,доцент,к.н.
Волков Г.Н.,ИТМО,профессор,
Петров Б.В.,ФМиМ,ассистент,д.н.
Попов И.К.,ФМиМ,профессор,д.н.
Козлов В.И.,ФФ,ассистент,к.н.
Попов А.А.,ФМиМ,,к.н.
Петров Е.П.,ФПМИ,доцент,
Сидоров Л.О.,ИТМО,ассистент,д.н.
Соколов Л.О.,ФМиМ,профессор,д.н.
Петров Е.П.,ФПМИ,,
Кузнецов И.К.,ФПМИ,профессор,
Морозов В.И.,ФПМИ,ассистент,
Егоров Г.Н.,ФМиЕН,доцент,к.н.
Козлов И.К.,ФИВТ,профессор,
Иванов Г.Н.,ФМиЕН,доцент,д.н.
Сидоров И.К.,ФЭТ,доцент,к.н.
Сидоров Б.В.,ФПМИ,ассистент,к.н.
Иванов Е.П.,ФИВТ,доцент,
Семенов З.Т.,ФУПМ,ассистент,д.н.
Новиков М.Ю.,ФИТ,доцент,
Егоров И.К.,ФФ,,к.н.
Волков Д.С.,ФПМИ,профессор,д.н.
Егоров Д.С.,ФУПМ,,к.н.
Лебедева К.М.,ФИВТ,,д.н.
Лебедева Ж.Р.,ИТМО,ассистент,д.н.
Петров Д.С.,ИТМО,ассистент,к.н.
Кузнецов Д.С.,ФМиМ,,к.н.
Алексеев Ж.Р.,ФУПМ,профессор,д.н.
Смирнов В.И.,ИТМО,ассистент,к.н.
Попов М.Ю.,ФИВТ,профессор,д.н.
Козлов Е.П.,ФМиЕН,,д.н.
Кузнецов В.И.,ФПМИ,профессор,д.н.
Семенов В.И.,ФФ,профессор,
Алексеев А.А.,ФЭТ,профессор,к.н.
Кузнецов З.Т.,ФРТ,,к.н.
Иванов Г.Н.,ФМиЕН,ассистент,к.н.
Волков И.К.,ФИВТ,профессор,к.н.
Лебедев Б.В.,ФРТ,ассистент,д.н.
Семенов Ж.Р.,ФРТ,ассистент,к.н.
Петров Б.В.,ФМиЕН,доцент,к.н.
Семенов Д.С.,ФИВТ,,
Лебедева А.А.,ИТМО,,к.н.
Семенов А.А.,ФЭТ,доцент,
Кузнецов И.К.,ИТМО,профессор,д.н.
Смирнов З.Т.,ФРТ,профессор,д.н.
Алексеев З.Т.,ФИВТ,доцент,к.н.
Лебедева Ж.Р.,ФИТ,ассистент,д.н.
Лебедева Г.Н.,ФМиМ,доцент,
Волков Ж.Р.,ФПМИ,доцент,к.н.
Кузнецов Г.Н.,ФМиМ,доцент,к.н.
Соколов Б.В.,ФИТ,профессор,д.н.
Лебедев В.И.,ФМиЕН,,д.н.
Козлов К.М.,ФИТ,доцент,к.н.
Волков К.М.,ФИТ,ассистент,д.н.
Морозов М.Ю.,ФИВТ,ассистент,к.н.
Иванов В.И.,ИТМО,доцент,д.н.
Волков Е.П.,ИТМО,профессор,д.н.
Новиков Г.Н.,ФИТ,,
Петров Г.Н.,ФИТ,,д.н.
Козлов И.К.,ИТМО,профессор,
Волков Л.О.,ФИВТ,доцент,к.н.
Волков К.М.,ФИТ,ассистент,
Смирнов Е.П.,ФМиМ,ассистент,
Иванов Г.Н.,ФПМИ,,
Смирнов И.К.,ИТМО,,к.н.
Морозов Е.П.,ФУПМ,доцент,д.н.
Попов Ж.Р.,ФУПМ,доцент,
Петров Е.П.,ФМиЕН,профессор,к.н.
Смирнов К.М.,ФФ,профессор,
Егоров Л.О.,ФПМИ,профессор,д.н.
Лебедев Б.В.,ФФ,ассистент,
Новиков Ж.Р.,ФИВТ,профессор,д.н.
Семенов Е.П.,ФРТ,доцент,д.н.
Лебедева В.И.,ФМиМ,доцент,
Морозов М.Ю.,ФИТ,профессор,д.н.
Лебедев И.К.,ФМиЕН,профессор,
Морозов И.К.,ФУПМ,,
Волков М.Ю.,ФПМИ,,
Новиков К.М.,ФИВТ,доцент,
Алексеев Л.О.,ФМиМ,ассистент,к.н.
Соколов Д.С.,ИТМО,профессор,к.н.
Кузнецов К.М.,ФПМИ,профессор,к.н.
Новиков М.Ю.,ФИВТ,ассистент,
Попов М.Ю.,ФФ,,к.н.
Новиков А.А.,ФИТ,профессор,д.н.
Волков Е.П.,ФПМИ,ассистент,
Новиков Л.О.,ФРТ,ассистент,д.н.
Егоров Е.П.,ФУПМ,,
Кузнецов А.А.,ФУПМ,,к.н.
Егоров Д.С.,ФФ,доцент,к.н.
Сидоров Л.О.,ФРТ,доцент,к.н.
Смирнов Б.В.,ФИТ,ассистент,к.н.
Соколов В.И.,ФИТ,доцент,к.н.
Лебедева Л.О.,ФУПМ,доцент,
Морозов Е.П.,ИТМО,доцент,к.н.
Козлов М.Ю.,ФРТ,доцент,д.н.
Семенов Л.О.,ФФ,ассистент,к.н.
Козлов Б.В.,ФРТ,профессор,д.н.
Лебедев М.Ю.,ФМиМ,,к.н.
Козлов Г.Н.,ФМиМ,доцент,
Кузнецов Л.О.,ФПМИ,,
Семенов А.А.,ФМиЕН,,д.н.
Иванов К.М.,ФРТ,,
Кузнецов Г.Н.,ФМиМ,доцент,д.н.
Соколов З.Т.,ФЭТ,,д.н.
Кузнецов И.К.,ФИВТ,ассистент,
Лебедев Д.С.,ФМиМ,профессор,д.н.
Попов В.И.,ФУПМ,,д.н.
Петров А.А.,ФПМИ,ассистент,к.н.
Семенов Д.С.,ФУПМ,доцент,д.н.
Алексеев И.К.,ФИТ,,к.н.
Соколов К.М.,ИТМО,,д.н.
Семенов Ж.Р.,ФУПМ,профессор,
Соколов И.К.,ФФ,доцент,к.н.
Попов З.Т.,ФРТ,профессор,д.н.
Попов Ж.Р.,ФУПМ,профессор,д.н.
Лебедев Г.Н.,ФИТ,доцент,к.н.
Морозов Л.О.,ФИВТ,ассистент,д.н.
Козлов И.К.,ФРТ,,
Алексеев Б.В.,ФИТ,профессор,
Иванов И.К.,ФПМИ,ассистент,к.н.
Петров З.Т.,ФИВТ,профессор,к.н.
Козлов В.И.,ФУПМ,профессор,
Смирнов К.М.,ФУПМ,ассистент,д.н.
Сидоров З.Т.,ФЭТ,доцент,д.н.
Волков Б.В.,ИТМО,ассистент,к.н.
Кузнецов К.М.,ФМиМ,доцент,
Морозов В.И.,ФИТ,доцент,д.н.
Лебедева Ж.Р.,ФМиЕН,доцент,к.н.
Алексеев М.Ю.,ФУПМ,ассистент,
Кузнецов А.А.,ФФ,ассистент,к.н.
Алексеев И.К.,ФМиЕН,ассистент,д.н.
Козлов Г.Н.,ФМиМ,ассистент,д.н.
Волков Ж.Р.,ФМиМ,,
Алексеев И.К.,ФРТ,доцент,к.н.
Волков К.М.,ИТМО,профессор,к.н.
Лебедев Г.Н.,ФУПМ,,д.н.
Егоров А.А.,ФМиМ,профессор,
Соколов А.А.,ФРТ,профессор,к.н.
Волков В.И.,ФУПМ,доцент,
Петров Ж.Р.,ФМиЕН,,д.н.
Лебедев Д.С.,ФЭТ,ассистент,
Попов Г.Н.,ФФ,доцент,
Новиков Д.С.,ФМиЕН,профессор,
Лебедев Г.Н.,ИТМО,доцент,д.н.
Козлов Г.Н.,ИТМО,доцент,д.н.
Семенов М.Ю.,ФМиЕН,ассистент,д.н.
Лебедева Д.С.,ФПМИ,профессор,д.н.
Сидоров З.Т.,ФПМИ,ассистент,к.н.
Лебедева З.Т.,ФИТ,профессор,к.н.
Петров Ж.Р.,ФЭТ,доцент,д.н.
Егоров Д.С.,ФПМИ,доцент,
Смирнов К.М.,ФМиЕН,доцент,к.н.
Семенов Ж.Р.,ФФ,профессор,
Лебедева А.А.,ФИТ,ассистент,д.н.
Кузнецов М.Ю.,ФФ,профессор,к.н.
Смирнов В.И.,ФИТ,ассистент,д.н.
Волков М.Ю.,ИТМО,ассистент,д.н.
Смирнов В.И.,ФФ,,
Новиков В.И.,ФЭТ,профессор,д.н.
Егоров Д.С.,ФМиМ,,к.н.
Лебедев Д.С.,ФУПМ,доцент,к.н.
Соколов М.Ю.,ФРТ,профессор,д.н.
Попов Г.Н.,ФИВТ,,д.н.
Петров А.А.,ФРТ,ассистент,
Лебедева И.К.,ФПМИ,профессор,
Кузнецов Г.Н.,ФИВТ,доцент,д.н.
Семенов К.М.,ФПМИ,профессор,
Егоров Д.С.,ФЭТ,ассистент,к.н.
Лебедев З.Т.,ФМиЕН,доцент,д.н.
Смирнов Б.В.,ИТМО,профессор,
Попов К.М.,ФУПМ,,к.н.
Попов А.А.,ФУПМ,доцент,
Кузнецов З.Т.,ФИТ,ассистент,
Смирнов Д.С.,ФИТ,ассистент,д.н.
Иванов В.И.,ФМиЕН,доцент,к.н.
Лебедева Ж.Р.,ФФ,доцент,
Козлов Б.В.,ФУПМ,ассистент,д.н.
Иванов В.И.,ИТМО,профессор,к.н.
Соколов Е.П.,ФПМИ,,к.н.
Алексеев Д.С.,ИТМО,,
Егоров Е.П.,ФФ,доцент,к.н.
Попов Д.С.,ФРТ,ассистент,
Морозов Л.О.,ФИВТ,,к.н.
Семенов Г.Н.,ФФ,ассистент,
Алексеев Б.В.,ИТМО,профессор,д.н.
Морозов Ж.Р.,ФМиМ,профессор,к.н.
Смирнов Ж.Р.,ФЭТ,,к.н.
Егоров Л.О.,ФПМИ,профессор,
Егоров Б.В.,ФЭТ,профессор,д.н.
Лебедев Ж.Р.,ФФ,доцент,
Кузнецов А.А.,ИТМО,профессор,к.н.
Егоров Д.С.,ФУПМ,доцент,к.н.
Сидоров Д.С.,ФМиЕН,доцент,
Попов Е.П.,ФМиЕН,ассистент,
Семенов Е.П.,ИТМО,доцент,к.н.
Попов З.Т.,ФИТ,профессор,
Волков Д.С.,ФМиЕН,ассистент,
Лебедева И.К.,ФУПМ,,д.н.
Смирнов К.М.,ФМиМ,,
Козлов Г.Н.,ФФ,профессор,
Петров А.А.,ФИТ,профессор,д.н.
Алексеев В.И.,ФФ,,
Волков Е.П.,ФУПМ,,
Лебедев Б.В.,ФМиЕН,,д.н.
Смирнов Е.П.,ФЭТ,,
Волков Ж.Р.,ФИТ,профессор,д.н.
Семенов А.А.,ФМиЕН,,д.н.
Семенов Г.Н.,ФЭТ,,д.н.
Козлов Л.О.,ИТМО,ассистент,д.н.
Иванов И.К.,ФЭТ,доцент,к.н.
Петров Г.Н.,ФЭТ,доцент,д.н.
Смирнов Б.В.,ФУПМ,доцент,
Алексеев Б.В.,ФМиМ,профессор,
Алексеев В.И.,ФФ,профессор,
Петров А.А.,ФПМИ,,
Смирнов З.Т.,ФФ,ассистент,
Семенов Л.О.,ФМиЕН,доцент,к.н.
Сидоров М.Ю.,ФРТ,,
Иванов Л.О.,ФИТ,,к.н.
Новиков Л.О.,ФИВТ,доцент,
Семенов М.Ю.,ФФ,,д.н.
Семенов К.М.,ИТМО,,
Попов В.И.,ФФ,,д.н.
Соколов М.Ю.,ФМиЕН,,к.н.
Сидоров Е.П.,ИТМО,доцент,д.н.
Новиков И.К.,ФЭТ,,д.н.
Лебедева А.А.,ФМиМ,доцент,
Козлов З.Т.,ФМиЕН,ассистент,д.н.
Соколов А.А.,ФЭТ,профессор,д.н.
Морозов В.И.,ФИТ,ассистент,
Лебедев Г.Н.,ФФ,,д.н.
Егоров И.К.,ФИТ,доцент,д.н.
Сидоров В.И.,ФУПМ,ассистент,
Кузнецов Б.В.,ФФ,профессор,
Иванов И.К.,ФИВТ,ассистент,к.н.
Волков А.А.,ФИТ,профессор,д.н.
Соколов В.И.,ФИТ,профессор,д.н.
Лебедев И.К.,ФРТ,доцент,
Лебедев Д.С.,ФУПМ,,к.н.
Алексеев Г.Н.,ФМиМ,,д.н.
Семенов Е.П.,ФИВТ,профессор,
Лебедева М.Ю.,ФРТ,доцент,
Лебедева Л.О.,ИТМО,доцент,д.н.
Егоров Ж.Р.,ФФ,профессор,д.н.
Сидоров М.Ю.,ФИТ,профессор,
Алексеев Ж.Р.,ФРТ,,
Иванов Л.О.,ФУПМ,,
Петров Е.П.,ФПМИ,доцент,
Иванов И.К.,ФМиМ,,
Морозов Е.П.,ФМиЕН,ассистент,
Егоров М.Ю.,ФМиМ,ассистент,к.н.
Кузнецов И.К.,ФУПМ,ассистент,д.н.
Новиков Ж.Р.,ФПМИ,доцент,к.н.
Морозов В.И.,ИТМО,доцент,к.н.
Новиков Г.Н.,ФИТ,доцент,к.н.
Козлов А.А.,ФРТ,доцент,к.н.
Козлов И.К.,ИТМО,,
Смирнов М.Ю.,ФРТ,,
Морозов Д.С.,ФУПМ,ассистент,д.н.
Лебедева Е.П.,ФЭТ,,
Иванов З.Т.,ФМиЕН,профессор,
Волков М.Ю.,ФУПМ,профессор,д.н.
Попов З.Т.,ФИВТ,,
Смирнов Г.Н.,ФРТ,ассистент,
Новиков З.Т.,ФИВТ,доцент,д.н.
Алексеев В.И.,ФЭТ,ассистент,д.н.
Соколов А.А.,ФЭТ,ассистент,
Морозов Л.О.,ФРТ,ассистент,д.н.
Сидоров Б.В.,ФИВТ,профессор,к.н.
Соколов Е.П.,ФЭТ,,д.н.
Семенов М.Ю.,ФФ,,к.н.
Соколов Г.Н.,ФУПМ,профессор,к.н.
Волков М.Ю.,ИТМО,,
Лебедев Ж.Р.,ФЭТ,,
Кузнецов М.Ю.,ФИВТ,,д.н.
Козлов Л.О.,ФИВТ,ассистент,
Попов Е.П.,ФПМИ,доцент,д.н.
Алексеев Ж.Р.,ИТМО,,д.н.
Попов Б.В.,ФМиМ,,д.н.
Волков Д.С.,ФИТ,профессор,к.н.
Иванов Е.П.,ИТМО,ассистент,
Иванов Е.П.,ФФ,,
Соколов В.И.,ФИВТ,профессор,к.н.
Иванов К.М.,ФМиМ,профессор,
Иванов Г.Н.,ИТМО,,д.н.
Морозов М.Ю.,ФФ,,к.н.
Смирнов К.М.,ФЭТ,ассистент,
Смирнов Ж.Р.,ФМиЕН,ассистент,
Козлов К.М.,ФРТ,ассистент,д.н.
Морозов М.Ю.,ФМиМ,профессор,к.н.
Соколов А.А.,ФУПМ,профессор,д.н.
Семенов К.М.,ФМиМ,ассистент,
Кузнецов М.Ю.,ФПМИ,,д.н.
Кузнецов М.Ю.,ФИВТ,профессор,д.н.
Смирнов В.И.,ИТМО,доцент,к.н.
Семенов З.Т.,ФИВТ,,д.н.
Алексеев Ж.Р.,ФМиМ,профессор,д.н.
Лебедева Л.О.,ФФ,профессор,
Семенов Д.С.,ФЭТ,доцент,д.н.
Семенов Л.О.,ФЭТ,ассистент,
Волков Г.Н.,ФИВТ,доцент,
Козлов З.Т.,ФИТ,,к.н.
Новиков М.Ю.,ФФ,профессор,д.н.
Соколов М.Ю.,ФИВТ,,д.н.
Попов И.К.,ФЭТ,ассистент,д.н.
Иванов Г.Н.,ФМиЕН,,д.н.
Морозов Ж.Р.,ИТМО,профессор,к.н.
Егоров В.И.,ФИВТ,профессор,
Морозов Б.В.,ФРТ,,д.н.
Волков К.М.,ФМиЕН,ассистент,д.н.
Лебедев А.А.,ФРТ,профессор,
Волков Б.В.,ФФ,ассистент,к.н.
Новиков Л.О.,ФПМИ,ассистент,д.н.
Козлов А.А.,ФФ,,к.н.
Козлов М.Ю.,ФРТ,ассистент,д.н.
Семенов Ж.Р.,ФМиЕН,профессор,к.н.
Петров Б.В.,ФФ,профессор,д.н.
Семенов Д.С.,ФПМИ,доцент,д.н.
Новиков З.Т.,ФРТ,,к.н.
Волков Г.Н.,ФМиЕН,,д.н.
Сидоров Г.Н.,ФИВТ,,к.н.
Смирнов Ж.Р.,ФПМИ,ассистент,к.н.
Новиков Л.О.,ИТМО,доцент,
Попов Е.П.,ФРТ,ассистент,д.н.
Лебедева Д.С.,ФИТ,,д.н.
Сидоров Л.О.,ФПМИ,ассистент,
Лебедев Ж.Р.,ИТМО,,
Сидоров Г.Н.,ФЭТ,профессор,д.н.
Сидоров Д.С.,ФРТ,доцент,д.н.
Новиков К.М.,ФИТ,ассистент,д.н.
Морозов Б.В.,ФИТ,профессор,
Сидоров Л.О.,ФИТ,профессор,
Соколов А.А.,ФЭТ,профессор,д.н.
Козлов Б.В.,ФМиМ,доцент,д.н.
Смирнов Е.П.,ФИВТ,,д.н.
Новиков Б.В.,ФЭТ,доцент,к.н.
Семенов Ж.Р.,ФРТ,профессор,к.н.
Соколов З.Т.,ИТМО,ассистент,к.н.
Петров Б.В.,ФУПМ,доцент,
Лебедев В.И.,ФМиЕН,доцент,д.н.
Кузнецов А.А.,ФМиЕН,ассистент,к.н.
Козлов А.А.,ФФ,ассистент,
Смирнов А.А.,ФФ,профессор,
Новиков Л.О.,ФИТ,доцент,д.н.
Морозов И.К.,ФИТ,доцент,
Волков К.М.,ФЭТ,,д.н.
Волков М.Ю.,ФПМИ,профессор,к.н.
Морозов Ж.Р.,ФПМИ,доцент,к.н.
Семенов Л.О.,ФИВТ,доцент,к.н.
Петров К.М.,ФИТ,ассистент,д.н.
Алексеев И.К.,ИТМО,доцент,д.н.
Соколов И.К.,ИТМО,профессор,
Егоров Е.П.,ФИВТ,профессор,к.н.
Попов Е.П.,ФМиМ,доцент,
Егоров В.И.,ФПМИ,,
Лебедев К.М.,ФМиМ,доцент,к.н.
Петров В.И.,ФИВТ,доцент,
Лебедева З.Т.,ФМиЕН,профессор,к.н.
Семенов М.Ю.,ИТМО,ассистент,к.н.
Попов К.М.,ФМиМ,,д.н.
Волков Г.Н.,ФМиЕН,ассистент,к.н.
Сидоров Е.П.,ФУПМ,профессор,к.н.
Новиков Е.П.,ФИВТ,доцент,к.н.
Семенов К.М.,ФИВТ,,к.н.
Петров Ж.Р.,ФПМИ,ассистент,к.н.
Попов М.Ю.,ФИВТ,ассистент,к.н.
Волков Г.Н.,ФРТ,,к.н.
Сидоров Ж.Р.,ФМиМ,,д.н.
Соколов Л.О.,ФМиМ,,к.н.
Алексеев Ж.Р.,ФУПМ,,д.н.
Иванов З.Т.,ФМиЕН,ассистент,д.н.
Морозов М.Ю.,ФИВТ,доцент,
Смирнов Б.В.,ФУПМ,,д.н.
Новиков И.К.,ФРТ,доцент,д.н.
Козлов З.Т.,ФЭТ,,д.н.
Иванов Г.Н.,ИТМО,доцент,д.н.
Козлов Б.В.,ФЭТ,профессор,
Лебедева А.А.,ФМиЕН,профессор,к.н.
Егоров Л.О.,ФМиЕН,профессор,
Лебедева И.К.,ФФ,доцент,д.н.
Егоров Ж.Р.,ФИВТ,,
Петров Д.С.,ФПМИ,профессор,к.н.
Петров Е.П.,ИТМО,,д.н.
Семенов Ж.Р.,ФРТ,,
Попов Л.О.,ИТМО,ассистент,д.н.
Соколов К.М.,ИТМО,доцент,д.н.
Соколов К.М.,ФИВТ,профессор,к.н.
Кузнецов Д.С.,ФПМИ,,
Волков Г.Н.,ФЭТ,ассистент,к.н.
Кузнецов Е.П.,ФПМИ,,к.н.
Попов В.И.,ФИВТ,ассистент,д.н.
Попов Д.С.,ФРТ,профессор,к.н.
Новиков А.А.,ФМиЕН,ассистент,д.н.
Иванов А.А.,ФЭТ,профессор,
Лебедева В.И.,ФРТ,,к.н.
Козлов Б.В.,ФФ,,д.н.
Петров Б.В.,ФЭТ,доцент,д.н.
Соколов А.А.,ФРТ,доцент,д.н.
Смирнов К.М.,ФЭТ,профессор,д.н.
Попов Ж.Р.,ФЭТ,ассистент,
Егоров З.Т.,ФРТ,доцент,
Алексеев Е.П.,ФРТ,ассистент,к.н.
Кузнецов Л.О.,ФМиМ,ассистент,
Петров Б.В.,ФПМИ,доцент,
Козлов Ж.Р.,ФИТ,профессор,к.н.
Морозов К.М.,ФПМИ,профессор,д.н.
Морозов И.К.,ИТМО,профессор,д.н.
Семенов З.Т.,ФРТ,,д.н.
Петров Д.С.,ФРТ,профессор,к.н.
Новиков Л.О.,ФИВТ,профессор,к.н.
Семенов Д.С.,ФИВТ,,к.н.
Соколов А.А.,ИТМО,,
Морозов Б.В.,ФИТ,профессор,
Морозов М.Ю.,ФИВТ,ассистент,к.н.
Кузнецов Г.Н.,ФРТ,доцент,д.н.
Петров М.Ю.,ФПМИ,ассистент,
Соколов И.К.,ФМиМ,профессор,к.н.
Морозов К.М.,ФПМИ,ассистент,д.н.
Петров Г.Н.,ФРТ,доцент,к.н.
Егоров В.И.,ФРТ,доцент,к.н.
Кузнецов Д.С.,ФПМИ,,д.н.
Петров Е.П.,ФИТ,доцент,
Новиков Ж.Р.,ФМиЕН,доцент,д.н.
Морозов А.А.,ФИВТ,,
Семенов Б.В.,ФИВТ,доцент,к.н.
Козлов Ж.Р.,ФЭТ,,к.н.
Морозов З.Т.,ФУПМ,,
Соколов К.М.,ФМиМ,профессор,д.н.
Семенов И.К.,ФФ,профессор,д.н.
Новиков М.Ю.,ФПМИ,ассистент,к.н.
Попов З.Т.,ФФ,доцент,д.н.
Новиков И.К.,ФУПМ,,
Сидоров Б.В.,ИТМО,доцент,
Соколов Б.В.,ФМиМ,,
Козлов В.И.,ФИВТ,ассистент,
Лебедев В.И.,ФУПМ,ассистент,д.н.
Алексеев Д.С.,ФФ,доцент,к.н.
Егоров К.М.,ФЭТ,доцент,д.н.
Кузнецов К.М.,ФЭТ,доцент,
Семенов Б.В.,ФИВТ,профессор,
Морозов А.А.,ФМиЕН,,к.н.
Лебедева З.Т.,ФМиМ,,к.н.
Соколов Б.В.,ФФ,профессор,д.н.
Волков Д.С.,ФИТ,,к.н.
Соколов К.М.,ФИВТ,доцент,к.н.
Алексеев З.Т.,ФРТ,профессор,
Кузнецов Г.Н.,ФМиМ,профессор,
Петров З.Т.,ИТМО,ассистент,
Семенов Ж.Р.,ФЭТ,доцент,д.н.
Сидоров Е.П.,ФПМИ,профессор,к.н.
Семенов З.Т.,ФМиМ,профессор,д.н.
Новиков Л.О.,ФЭТ,доцент,к.н.
Козлов М.Ю.,ФИВТ,доцент,д.н.
Смирнов Л.О.,ФМиЕН,профессор,к.н.
Новиков Е.П.,ФИВТ,доцент,
Кузнецов А.А.,ФФ,ассистент,
Попов А.А.,ФИВТ,профессор,к.н.
Новиков И.К.,ФИТ,доцент,
Семенов К.М.,ФИТ,доцент,д.н.
Козлов Л.О.,ФМиЕН,ассистент,
Новиков Ж.Р.,ФЭТ,доцент,д.н.
Соколов К.М.,ФИТ,профессор,
Попов М.Ю.,ФИТ,ассистент,
Лебедева Ж.Р.,ФПМИ,доцент,д.н.
Семенов В.И.,ФПМИ,профессор,к.н.
Лебедев Л.О.,ФМиМ,ассистент,
Новиков И.К.,ФУПМ,профессор,к.н.
Смирнов К.М.,ФФ,ассистент,
Попов А.А.,ИТМО,доцент,д.н.
Морозов Л.О.,ИТМО,,
Иванов В.И.,ФМиЕН,ассистент,к.н.
Лебедев В.И.,ФПМИ,,д.н.
Семенов М.Ю.,ФРТ,профессор,к.н.
Попов А.А.,ФРТ,доцент,к.н.
Козлов К.М.,ФРТ,доцент,д.н.
Лебедева В.И.,ФИТ,ассистент,д.н.
Петров К.М.,ФЭТ,доцент,
Новиков Д.С.,ФФ,доцент,д.н.
Алексеев Д.С.,ФИВТ,ассистент,
Козлов Е.П.,ФФ,доцент,д.н.
Кузнецов М.Ю.,ФРТ,профессор,д.н.
Козлов Г.Н.,ФУПМ,ассистент,
Петров И.К.,ФПМИ,доцент,
Смирнов Б.В.,ФМиМ,,д.н.
Петров К.М.,ФРТ,ассистент,
Сидоров И.К.,ФМиЕН,,к.н.
Лебедева Е.П.,ФУПМ,профессор,
Попов З.Т.,ИТМО,ассистент,
Морозов Л.О.,ФИВТ,доцент,к.н.
Петров З.Т.,ФПМИ,доцент,
Соколов К.М.,ФФ,,д.н.
Смирнов Л.О.,ФМиЕН,доцент,д.н.
Кузнецов Ж.Р.,ФЭТ,ассистент,к.н.
Сидоров Д.С.,ФИТ,профессор,
Иванов З.Т.,ФМиЕН,профессор,д.н.
Егоров Ж.Р.,ФЭТ,доцент,к.н.
Сидоров К.М.,ФУПМ,ассистент,
Лебедев М.Ю.,ФРТ,ассистент,д.н.
Сидоров Г.Н.,ФМиЕН,,д.н.
Лебедева Л.О.,ИТМО,профессор,
Семенов Л.О.,ФИВТ,ассистент,д.н.
Попов И.К.,ФФ,,к.н.
Лебедева М.Ю.,ФМиМ,,к.н.
Сидоров Л.О.,ФИТ,ассистент,к.н.
Кузнецов Е.П.,ФИВТ,,д.н.
Петров М.Ю.,ФИВТ,доцент,д.н.
Семенов Ж.Р.,ФИВТ,ассистент,
Кузнецов Е.П.,ИТМО,доцент,к.н.
Петров З.Т.,ФПМИ,доцент,к.н.
Волков А.А.,ФРТ,,д.н.
Иванов М.Ю.,ИТМО,ассистент,
Егоров Е.П.,ИТМО,,д.н.
Смирнов И.К.,ФИТ,,к.н.
Соколов В.И.,ФУПМ,профессор,
Новиков Б.В.,ФРТ,ассистент,д.н.
Смирнов Г.Н.,ФРТ,ассистент,д.н.
Новиков К.М.,ФЭТ,доцент,д.н.
Алексеев И.К.,ИТМО,доцент,
Лебедева Д.С.,ФМиМ,профессор,
Семенов Б.В.,ФПМИ,ассистент,д.н.
Смирнов Е.П.,ФМиЕН,доцент,к.н.
Егоров М.Ю.,ФПМИ,доцент,
Соколов К.М.,ФМиМ,доцент,д.н.
Соколов А.А.,ФФ,,д.н.
Волков Д.С.,ФМиМ,доцент,д.н.
Козлов В.И.,ФПМИ,доцент,к.н.
Волков Д.С.,ИТМО,ассистент,
Лебедева Б.В.,ФРТ,доцент,д.н.
Кузнецов З.Т.,ФЭТ,доцент,
Попов М.Ю.,ФМиМ,,д.н.
Новиков Б.В.,ФУПМ,доцент,д.н.
Волков Б.В.,ФРТ,доцент,д.н.
Соколов В.И.,ФПМИ,,д.н.
Лебедев З.Т.,ФМиЕН,профессор,д.н.
Новиков А.А.,ФИВТ,,д.н.
Лебедев Д.С.,ИТМО,профессор,д.н.
Морозов К.М.,ФУПМ,ассистент,
Сидоров А.А.,ФИВТ,ассистент,д.н.
Волков Г.Н.,ФИВТ,профессор,д.н.
Новиков К.М.,ФМиЕН,,
Лебедев Д.С.,ФРТ,,д.н.
Волков В.И.,ФРТ,профессор,к.н.
Волков И.К.,ФФ,профессор,к.н.
Лебедева Е.П.,ФИВТ,доцент,
Петров В.И.,ФЭТ,,д.н.
Иванов В.И.,ИТМО,профессор,к.н.
Алексеев Е.П.,ФФ,,д.н.
Иванов Ж.Р.,ФМиМ,доцент,к.н.
Волков Г.Н.,ФИВТ,профессор,к.н.
Кузнецов Г.Н.,ИТМО,,к.н.
Лебедева Е.П.,ФЭТ,,д.н.
Соколов А.А.,ФУПМ,доцент,
Лебедев Л.О.,ФИТ,профессор,к.н.
Петров А.А.,ФФ,профессор,д.н.
Алексеев З.Т.,ФФ,профессор,к.н.
Иванов Л.О.,ФЭТ,ассистент,д.н.
Смирнов К.М.,ФИТ,профессор,д.н.
Иванов В.И.,ФРТ,профессор,к.н.
Сидоров Ж.Р.,ФМиМ,профессор,к.н.
Попов Д.С.,ФЭТ,ассистент,
Новиков Л.О.,ИТМО,,
Соколов Л.О.,ФМиМ,доцент,к.н.
Алексеев И.К.,ФРТ,профессор,
Сидоров Б.В.,ФИТ,доцент,к.н.
Семенов Л.О.,ФУПМ,,к.н.
Петров А.А.,ФИТ,,д.н.
Иванов А.А.,ФМиМ,,
Лебедев Д.С.,ФИВТ,доцент,к.н.
Соколов Ж.Р.,ИТМО,ассистент,
Петров Д.С.,ИТМО,профессор,к.н.
Новиков А.А.,ФРТ,профессор,к.н.
Морозов Л.О.,ФИТ,ассистент,д.н.
Сидоров И.К.,ФУПМ,ассистент,к.н.
Кузнецов Г.Н.,ФМиЕН,,
Иванов З.Т.,ФФ,доцент,д.н.
Морозов М.Ю.,ФМиМ,ассистент,д.н.
Иванов Г.Н.,ФМиМ,ассистент,д.н.
Егоров И.К.,ФИВТ,,
Козлов А.А.,ИТМО,ассистент,к.н.
Кузнецов А.А.,ФИТ,,д.н.
Смирнов А.А.,ИТМО,ассистент,д.н.
Лебедева Л.О.,ФИВТ,,к.н.
Сидоров Л.О.,ФЭТ,доцент,д.н.
Попов Е.П.,ФПМИ,профессор,к.н.
Соколов Л.О.,ФМиМ,профессор,
Семенов А.А.,ФРТ,доцент,
Семенов Л.О.,ФИТ,,
Егоров В.И.,ФИВТ,ассистент,к.н.
Алексеев Ж.Р.,ФМиМ,,д.н.
Лебедева М.Ю.,ФРТ,,д.н.
Алексеев Г.Н.,ФИТ,профессор,к.н.
Попов Ж.Р.,ФУПМ,профессор,к.н.
Егоров Г.Н.,ФУПМ,ассистент,д.н.
Алексеев З.Т.,ФИВТ,доцент,д.н.
Семенов М.Ю.,ФИТ,доцент,
Сидоров Г.Н.,ФУПМ,,
Козлов Е.П.,ФПМИ,,д.н.
Иванов А.А.,ФИВТ,доцент,
Новиков Л.О.,ФУПМ,профессор,к.н.
Морозов Ж.Р.,ФМиМ,доцент,к.н.
Смирнов Л.О.,ФМиМ,профессор,
Семенов Б.В.,ФИТ,,
Кузнецов Г.Н.,ФРТ,профессор,
Егоров Ж.Р.,ФПМИ,ассистент,к.н.
Морозов Е.П.,ФИВТ,ассистент,д.н.
Смирнов Б.В.,ФПМИ,доцент,д.н.
Морозов К.М.,ФФ,профессор,к.н.
Соколов М.Ю.,ФМиЕН,,д.н.
Новиков И.К.,ФИВТ,ассистент,д.н.
Петров Г.Н.,ФУПМ,профессор,д.н.
Петров Д.С.,ФИТ,доцент,
Семенов З.Т.,ФЭТ,доцент,д.н.
Морозов В.И.,ФМиМ,профессор,к.н.
Сидоров И.К.,ФИТ,ассистент,д.н.
Алексеев Ж.Р.,ФФ,профессор,д.н.
Иванов Б.В.,ФФ,доцент,к.н.
Сидоров К.М.,ФЭТ,доцент,
Иванов Е.П.,ФРТ,профессор,
Сидоров Г.Н.,ФИВТ,профессор,
Козлов К.М.,ФМиЕН,профессор,к.н.
Лебедев Л.О.,ФРТ,ассистент,д.н.
Алексеев А.А.,ФИВТ,профессор,к.н.
Лебедев К.М.,ФМиЕН,ассистент,
Семенов Г.Н.,ФРТ,ассистент,
Попов Ж.Р.,ФИВТ,ассистент,к.н.
Кузнецов Ж.Р.,ФМиМ,профессор,д.н.
Лебедев В.И.,ФЭТ,ассистент,
Волков Д.С.,ИТМО,,к.н.
Смирнов М.Ю.,ИТМО,доцент,
Соколов Б.В.,ФИТ,профессор,д.н.
Лебедева К.М.,ФЭТ,профессор,
Козлов Е.П.,ФУПМ,доцент,д.н.
Лебедев Л.О.,ФПМИ,доцент,к.н.
Семенов Ж.Р.,ФПМИ,доцент,к.н.
Петров В.И.,ФИВТ,профессор,к.н.
Егоров К.М.,ФУПМ,доцент,
Новиков А.А.,ФПМИ,профессор,к.н.
Лебедева Г.Н.,ФРТ,,к.н.
Лебедев Ж.Р.,ФУПМ,доцент,
Петров М.Ю.,ФЭТ,ассистент,д.н.
Козлов Е.П.,ФИТ,профессор,
Сидоров А.А.,ФМиМ,,к.н.
Смирнов З.Т.,ФИТ,доцент,д.н.
Смирнов М.Ю.,ФИВТ,ассистент,д.н.
Козлов К.М.,ФУПМ,доцент,
Попов Д.С.,ФПМИ,профессор,д.н.
Егоров Г.Н.,ФИВТ,ассистент,
Кузнецов З.Т.,ФУПМ,ассистент,д.н.
Козлов М.Ю.,ФИВТ,доцент,к.н.
Соколов М.Ю.,ФФ,профессор,д.н.
Егоров Б.В.,ФМиМ,профессор,к.н.
Козлов В.И.,ФЭТ,профессор,к.н.
Козлов Л.О.,ИТМО,ассистент,к.н.
Новиков З.Т.,ФМиМ,доцент,к.н.
Петров Г.Н.,ФПМИ,,д.н.
Петров Б.В.,ФРТ,профессор,
Лебедев А.А.,ФРТ,доцент,
Козлов К.М.,ФИТ,профессор,д.н.
Морозов В.И.,ФИВТ,ассистент,
Сидоров И.К.,ФУПМ,доцент,д.н.
Иванов Д.С.,ФФ,профессор,д.н.
Козлов К.М.,ФРТ,профессор,
Смирнов А.А.,ФУПМ,ассистент,к.н.
Морозов Д.С.,ФФ,профессор,
Петров Ж.Р.,ФМиЕН,ассистент,д.н.
Иванов Д.С.,ФИТ,доцент,д.н.
Козлов Л.О.,ФМиМ,ассистент,
Кузнецов В.И.,ФЭТ,ассистент,к.н.
Морозов Д.С.,ФМиМ,профессор,
Козлов И.К.,ФЭТ,ассистент,
Егоров З.Т.,ФИТ,,к.н.
Смирнов Г.Н.,ФМиМ,,к.н.
Волков Г.Н.,ФМиЕН,профессор,
Кузнецов Л.О.,ФПМИ,профессор,д.н.
Новиков И.К.,ФРТ,ассистент,к.н.
Морозов Б.В.,ИТМО,,д.н.
Иванов Б.В.,ФПМИ,,
Кузнецов В.И.,ИТМО,профессор,д.н.
Петров З.Т.,ФЭТ,доцент,
Сидоров И.К.,ФМиМ,доцент,
Попов А.А.,ФФ,ассистент,
Лебедев К.М.,ФИВТ,,
Иванов Б.В.,ФПМИ,,д.н.
Сидоров М.Ю.,ФМиМ,ассистент,к.н.
Лебедева Ж.Р.,ФРТ,ассистент,
Попов В.И.,ФМиЕН,,д.н.
Кузнецов К.М.,ФПМИ,,
Лебедев М.Ю.,ФИВТ,профессор,к.н.
Алексеев К.М.,ФИВТ,,к.н.
Новиков З.Т.,ФМиМ,профессор,
Козлов Б.В.,ФРТ,,к.н.
Алексеев В.И.,ФПМИ,,
Егоров З.Т.,ФИВТ,профессор,д.н.
Сидоров К.М.,ФМиМ,доцент,
Алексеев Л.О.,ФРТ,профессор,
Егоров И.К.,ФМиЕН,доцент,к.н.
Лебедева А.А.,ФЭТ,ассистент,д.н.
Волков Ж.Р.,ФМиЕН,ассистент,д.н.
Морозов Ж.Р.,ФРТ,профессор,к.н.
Козлов М.Ю.,ИТМО,профессор,
Кузнецов Б.В.,ФРТ,доцент,д.н.
Морозов К.М.,ИТМО,профессор,д.н.
Морозов В.И.,ФЭТ,,д.н.
Сидоров З.Т.,ФПМИ,профессор,к.н.
Новиков К.М.,ФУПМ,профессор,д.н.
Попов М.Ю.,ФПМИ,,к.н.
Кузнецов А.А.,ФИТ,доцент,д.н.
Лебедев Б.В.,ФФ,,д.н.
Иванов М.Ю.,ИТМО,ассистент,к.н.
Волков Е.П.,ФУПМ,,к.н.
Семенов Е.П.,ФРТ,профессор,
Морозов И.К.,ФПМИ,ассистент,д.н.
Лебедева Ж.Р.,ФМиМ,профессор,
Егоров Е.П.,ФИВТ,ассистент,
Егоров Л.О.,ФМиМ,профессор,д.н.
Егоров Е.П.,ФУПМ,доцент,
Волков Ж.Р.,ФМиЕН,доцент,д.н.
Кузнецов Е.П.,ФМиМ,профессор,
Новиков Б.В.,ФЭТ,,к.н.
Иванов Л.О.,ФРТ,профессор,
Сидоров М.Ю.,ФРТ,доцент,д.н.
Смирнов З.Т.,ФПМИ,профессор,к.н.
Новиков Ж.Р.,ФРТ,,
Лебедев М.Ю.,ФУПМ,доцент,д.н.
Лебедева Л.О.,ФУПМ,доцент,д.н.
Лебедева Г.Н.,ФМиМ,доцент,к.н.
Егоров Д.С.,ФИТ,,к.н.
Егоров Л.О.,ФИТ,ассистент,к.н.
Соколов Д.С.,ФУПМ,,д.н.
Соколов Б.В.,ФМиМ,,д.н.
Лебедев Б.В.,ФПМИ,доцент,
Волков А.А.,ФИВТ,,
Егоров В.И.,ФМиМ,,
Кузнецов Д.С.,ФМиМ,,к.н.
Сидоров К.М.,ФМиЕН,профессор,к.н.
Новиков Л.О.,ФРТ,доцент,
Козлов В.И.,ИТМО,доцент,
Смирнов Л.О.,ФЭТ,,д.н.
Алексеев Б.В.,ФРТ,доцент,к.н.
Петров З.Т.,ФФ,доцент,
Соколов Б.В.,ФРТ,профессор,д.н.
Соколов Д.С.,ИТМО,ассистент,к.н.
Кузнецов Б.В.,ФИВТ,доцент,к.н.
Петров М.Ю.,ФФ,,
Семенов Л.О.,ФРТ,доцент,д.н.
Попов Б.В.,ИТМО,ассистент,
Волков З.Т.,ФИТ,ассистент,к.н.
Кузнецов Е.П.,ФРТ,ассистент,
Смирнов Г.Н.,ФМиМ,доцент,д.н.
Лебедева Г.Н.,ИТМО,,к.н.
Петров И.К.,ФИВТ,ассистент,
Сидоров К.М.,ФУПМ,,
Лебедев Е.П.,ФМиЕН,ассистент,д.н.
Лебедева М.Ю.,ФМиЕН,профессор,к.н.
Егоров А.А.,ФИТ,доцент,д.н.
Егоров Г.Н.,ФЭТ,профессор,к.н.
Егоров И.К.,ФРТ,доцент,
Новиков В.И.,ФЭТ,ассистент,к.н.
Козлов А.А.,ФИТ,профессор,
Новиков А.А.,ФФ,доцент,д.н.
Волков Г.Н.,ФИТ,ассистент,к.н.
Семенов З.Т.,ФИТ,доцент,
Кузнецов А.А.,ФУПМ,ассистент,
Лебедева З.Т.,ФИТ,профессор,д.н.
Кузнецов И.К.,ФРТ,ассистент,д.н.
Морозов А.А.,ФМиЕН,профессор,к.н.
Новиков К.М.,ФМиЕН,профессор,к.н.
Новиков З.Т.,ФУПМ,доцент,к.н.
Попов И.К.,ИТМО,профессор,к.н.
Волков З.Т.,ФУПМ,ассистент,
Козлов Б.В.,ФФ,ассистент,д.н.
Волков Д.С.,ФЭТ,профессор,к.н.
Петров Ж.Р.,ФМиМ,профессор,
Петров К.М.,ФПМИ,доцент,д.н.
Алексеев Д.С.,ФФ,ассистент,д.н.
Петров В.И.,ФРТ,ассистент,д.н.
Алексеев Д.С.,ФФ,профессор,
Сидоров Д.С.,ФПМИ,профессор,д.н.
Морозов Б.В.,ФМиМ,доцент,д.н.
Егоров Л.О.,ФИВТ,,д.н.
Семенов И.К.,ИТМО,,к.н.
Волков К.М.,ФФ,,
Кузнецов Е.П.,ФМиМ,профессор,
Сидоров М.Ю.,ФМиЕН,ассистент,к.н.
Смирнов А.А.,ИТМО,,к.н.
Сидоров Ж.Р.,ФЭТ,профессор,к.н.
Семенов К.М.,ФПМИ,,д.н.
Егоров Б.В.,ФИТ,профессор,к.н.
Новиков Л.О.,ФРТ,ассистент,
Смирнов Е.П.,ФРТ,профессор,
Соколов Г.Н.,ИТМО,доцент,д.н.
Козлов Б.В.,ФИВТ,доцент,к.н.
Кузнецов Л.О.,ФЭТ,доцент,д.н.
Волков Ж.Р.,ФРТ,ассистент,
Новиков А.А.,ФРТ,,
Иванов А.А.,ФМиМ,доцент,д.н.
Кузнецов З.Т.,ФМиМ,профессор,д.н.
Кузнецов И.К.,ФУПМ,ассистент,к.н.
Новиков В.И.,ФФ,профессор,
Егоров И.К.,ФПМИ,ассистент,к.н.
Алексеев К.М.,ФПМИ,профессор,
Козлов М.Ю.,ФИТ,ассистент,
Сидоров И.К.,ФИВТ,,к.н.
Соколов М.Ю.,ФМиЕН,ассистент,
Алексеев Д.С.,ФУПМ,ассистент,
Козлов Д.С.,ФУПМ,профессор,д.н.
Алексеев Ж.Р.,ФЭТ,ассистент,к.н.
Егоров К.М.,ФИТ,доцент,д.н.
Алексеев Л.О.,ФМиМ,доцент,к.н.
Семенов З.Т.,ФПМИ,доцент,д.н.
Соколов А.А.,ФФ,профессор,
Смирнов Л.О.,ФИТ,ассистент,д.н.
Новиков З.Т.,ФПМИ,,д.н.
Лебедев А.А.,ФЭТ,профессор,к.н.
Лебедев Б.В.,ФЭТ,профессор,д.н.
Лебедева К.М.,ФРТ,доцент,д.н.
Алексеев И.К.,ФИТ,доцент,д.н.
Семенов В.И.,ФИТ,,д.н.
Соколов Ж.Р.,ФУПМ,доцент,д.н.
Иванов Л.О.,ФУПМ,,д.н.
Петров Б.В.,ФФ,профессор,к.н.
Петров Г.Н.,ФМиМ,,к.н.
Соколов Ж.Р.,ИТМО,доцент,к.н.
Лебедева Д.С.,ФМиЕН,ассистент,к.н.
Иванов И.К.,ФИТ,ассистент,к.н.
Иванов З.Т.,ФУПМ,доцент,
Волков К.М.,ИТМО,доцент,д.н.
Лебедев Д.С.,ФЭТ,профессор,
Кузнецов Д.С.,ФИТ,ассистент,д.н.
Смирнов И.К.,ИТМО,,к.н.
Попов Е.П.,ФУПМ,доцент,
Петров Ж.Р.,ИТМО,профессор,д.н.
Кузнецов М.Ю.,ФЭТ,доцент,к.н.
Сидоров А.А.,ИТМО,профессор,д.н.
Морозов В.И.,ФУПМ,профессор,к.н.
Сидоров Д.С.,ИТМО,доцент,д.н.
Петров А.А.,ИТМО,профессор,к.н.
Волков Е.П.,ФЭТ,доцент,к.н.
Смирнов А.А.,ФИВТ,профессор,д.н.
Петров Д.С.,ФМиЕН,профессор,к.н.
Попов Г.Н.,ФФ,доцент,д.н.
Лебедев Б.В.,ФМиЕН,доцент,д.н.
Алексеев З.Т.,ФУПМ,ассистент,к.н.
Лебедев Е.П.,ФПМИ,доцент,
Волков Г.Н.,ФРТ,,
Новиков Б.В.,ФМиЕН,доцент,
Волков М.Ю.,ИТМО,доцент,д.н.
Смирнов М.Ю.,ФФ,,д.н.
Алексеев В.И.,ФЭТ,,
Лебедева Б.В.,ФФ,доцент,к.н.
Волков Ж.Р.,ИТМО,ассистент,к.н.
Волков К.М.,ФИВТ,профессор,д.н.
Петров Г.Н.,ФИТ,ассистент,
Попов З.Т.,ФМиЕН,ассистент,д.н.
Лебедев Г.Н.,ФЭТ,профессор,к.н.
Сидоров Л.О.,ФМиМ,,
Егоров Е.П.,ФПМИ,ассистент,
Лебедев М.Ю.,ФУПМ,профессор,д.н.
Семенов И.К.,ФМиМ,ассистент,к.н.
Семенов Ж.Р.,ФФ,,к.н.
Волков Ж.Р.,ФМиМ,профессор,д.н.
Алексеев Г.Н.,ФМиМ,профессор,д.н.
Новиков Г.Н.,ФФ,доцент,д.н.
Кузнецов И.К.,ФЭТ,,
Козлов М.Ю.,ФЭТ,профессор,
Петров З.Т.,ФИВТ,доцент,д.н.
Морозов А.А.,ФМиЕН,профессор,к.н.
Попов М.Ю.,ФРТ,,д.н.
Иванов К.М.,ФМиМ,,к.н.
Лебедева Г.Н.,ФИВТ,профессор,к.н.
Алексеев М.Ю.,ФМиМ,ассистент,к.н.
Лебедев Е.П.,ФМиЕН,ассистент,к.н.
Лебедева М.Ю.,ФМиМ,,к.н.
Морозов З.Т.,ФИТ,доцент,
Петров А.А.,ИТМО,ассистент,д.н.
Иванов Б.В.,ФИТ,профессор,к.н.
Кузнецов Б.В.,ИТМО,,
Семенов И.К.,ФИВТ,доцент,к.н.
Морозов И.К.,ИТМО,,д.н.
Кузнецов И.К.,ФМиЕН,,
Козлов М.Ю.,ФРТ,профессор,
Соколов М.Ю.,ФПМИ,ассистент,к.н.
Козлов Г.Н.,ФФ,доцент,к.н.
Лебедев Д.С.,ИТМО,доцент,
Сидоров Г.Н.,ФРТ,ассистент,к.н.
Козлов Е.П.,ФПМИ,доцент,
Попов Е.П.,ФМиЕН,ассистент,
Семенов З.Т.,ФПМИ,,д.н.
Семенов М.Ю.,ФИВТ,доцент,д.н.
Алексеев Г.Н.,ФПМИ,доцент,
Алексеев Е.П.,ФРТ,,
Петров Д.С.,ФМиЕН,доцент,д.н.
Смирнов Г.Н.,ФМиЕН,доцент,
Смирнов Е.П.,ФМиМ,доцент,к.н.
Смирнов В.И.,ФУПМ,,к.н.
Попов Е.П.,ФРТ,профессор,д.н.
Иванов З.Т.,ФЭТ,доцент,
Попов З.Т.,ИТМО,профессор,д.н.
Иванов А.А.,ФУПМ,ассистент,к.н.
Кузнецов К.М.,ФЭТ,доцент,д.н.
Соколов З.Т.,ФПМИ,,
Петров Б.В.,ФМиМ,,к.н.
Петров З.Т.,ФПМИ,,к.н.
Петров Д.С.,ФИВТ,,д.н.
Волков Б.В.,ФУПМ,профессор,д.н.
Лебедева А.А.,ИТМО,,д.н.
Смирнов Ж.Р.,ФФ,,к.н.
Козлов М.Ю.,ФЭТ,,д.н.
Семенов М.Ю.,ФИВТ,профессор,д.н.
Соколов Д.С.,ФМиМ,профессор,
Кузнецов Б.В.,ФФ,,
Волков М.Ю.,ФПМИ,профессор,
Смирнов Е.П.,ИТМО,профессор,д.н.
Морозов З.Т.,ФФ,,
Сидоров М.Ю.,ФПМИ,доцент,д.н.
Лебедев Л.О.,ФМиЕН,доцент,к.н.
Соколов В.И.,ФФ,,д.н.
Волков Е.П.,ИТМО,,
Петров З.Т.,ФИТ,профессор,
Кузнецов Е.П.,ФФ,ассистент,д.н.
Попов М.Ю.,ФЭТ,профессор,
Соколов З.Т.,ФЭТ,профессор,
Лебедева А.А.,ФМиЕН,ассистент,к.н.
Новиков Б.В.,ФУПМ,доцент,
Козлов К.М.,ФРТ,ассистент,к.н.
Соколов Г.Н.,ФПМИ,доцент,д.н.
Соколов Д.С.,ФФ,ассистент,
Петров Д.С.,ФФ,доцент,
Егоров М.Ю.,ИТМО,ассистент,
Смирнов А.А.,ФФ,профессор,д.н.
Смирнов А.А.,ФИВТ,профессор,к.н.
Лебедев Ж.Р.,ФИТ,,д.н.
Алексеев И.К.,ФРТ,ассистент,
Семенов В.И.,ИТМО,,
Лебедева Е.П.,ФУПМ,профессор,к.н.
Морозов К.М.,ИТМО,доцент,к.н.
Козлов Ж.Р.,ФМиЕН,ассистент,
Иванов В.И.,ФУПМ,,д.н.
Петров В.И.,ФМиМ,,к.н.
Смирнов К.М.,ФИТ,профессор,
Волков Д.С.,ФФ,доцент,к.н.
Лебедева А.А.,ИТМО,доцент,д.н.
Сидоров Е.П.,ФРТ,ассистент,к.н.
Семенов Г.Н.,ФРТ,профессор,д.н.
Иванов И.К.,ФИВТ,ассистент,д.н.
Козлов И.К.,ФУПМ,доцент,
Петров А.А.,ФПМИ,профессор,
Кузнецов Ж.Р.,ФМиМ,,
Волков З.Т.,ИТМО,,д.н.
Соколов И.К.,ФРТ,ассистент,д.н.
Петров М.Ю.,ФПМИ,доцент,к.н.
Иванов Г.Н.,ФФ,доцент,д.н.
Соколов Е.П.,ФИВТ,ассистент,
Семенов Л.О.,ФМиЕН,,
Петров М.Ю.,ФФ,ассистент,к.н.
Кузнецов И.К.,ФИТ,,д.н.
Егоров В.И.,ФЭТ,ассистент,к.н.
Попов И.К.,ФПМИ,ассистент,к.н.
Егоров Г.Н.,ФПМИ,доцент,д.н.
Смирнов Е.П.,ФИТ,ассистент,
Смирнов З.Т.,ФУПМ,ассистент,д.н.
Морозов И.К.,ИТМО,,к.н.
Морозов Г.Н.,ФИТ,,д.н.
Морозов А.А.,ФФ,ассистент,д.н.
Соколов Г.Н.,ИТМО,ассистент,д.н.
Морозов Б.В.,ФПМИ,доцент,
Соколов Б.В.,ФРТ,доцент,к.н.
Новиков Ж.Р.,ФУПМ,ассистент,
Смирнов В.И.,ФПМИ,ассистент,д.н.
Лебедева Е.П.,ФМиЕН,доцент,д.н.
Алексеев Г.Н.,ФРТ,,
Козлов Г.Н.,ФМиМ,,к.н.
Лебедева М.Ю.,ФМиЕН,ассистент,
Петров З.Т.,ФМиМ,,д.н.
Иванов Е.П.,ФУПМ,,
Алексеев Е.П.,ФПМИ,,к.н.
Лебедева И.К.,ФРТ,,д.н.
Лебедев И.К.,ФФ,доцент,
Петров Г.Н.,ФУПМ,профессор,к.н.
Лебедев М.Ю.,ФИТ,,к.н.
Соколов З.Т.,ФИВТ,,д.н.
Попов В.И.,ФМиЕН,,к.н.
Кузнецов К.М.,ФЭТ,,
Новиков Б.В.,ФИВТ,профессор,д.н.
Иванов Б.В.,ФИТ,ассистент,
Иванов В.И.,ФУПМ,ассистент,
Лебедева З.Т.,ФИВТ,доцент,
Попов И.К.,ФПМИ,,
Новиков Д.С.,ИТМО,ассистент,д.н.
Сидоров Д.С.,ФРТ,ассистент,к.н.
Новиков К.М.,ФМиЕН,ассистент,
Морозов И.К.,ФИВТ,профессор,д.н.
Лебедева Д.С.,ФФ,доцент,к.н.
Волков Г.Н.,ФМиЕН,,
Козлов Е.П.,ИТМО,профессор,
Новиков Б.В.,ФУПМ,,к.н.
Иванов Л.О.,ФИТ,ассистент,д.н.
Козлов И.К.,ИТМО,профессор,д.н.
Лебедев А.А.,ФРТ,доцент,д.н.
Семенов Д.С.,ФИТ,,к.н.
Смирнов Е.П.,ФПМИ,ассистент,
Смирнов Б.В.,ФПМИ,доцент,д.н.
Лебедев А.А.,ФМиЕН,профессор,д.н.
Лебедев А.А.,ФЭТ,,д.н.
Иванов Л.О.,ФЭТ,,к.н.
Алексеев Б.В.,ИТМО,ассистент,д.н.
Морозов И.К.,ФПМИ,ассистент,к.н.
Попов М.Ю.,ФФ,профессор,д.н.
Лебедев Ж.Р.,ФПМИ,,
Егоров З.Т.,ФМиМ,доцент,д.н.
Новиков В.И.,ФМиМ,доцент,к.н.
Новиков И.К.,ИТМО,ассистент,к.н.
Смирнов М.Ю.,ФИВТ,профессор,
Иванов И.К.,ФМиМ,профессор,д.н.
Соколов Д.С.,ФМиЕН,,к.н.
Соколов В.И.,ФЭТ,,д.н.
Лебедев В.И.,ФМиЕН,профессор,д.н.
Семенов К.М.,ФИВТ,ассистент,
Морозов З.Т.,ФПМИ,,
Волков И.К.,ФИВТ,профессор,к.н.
Козлов Л.О.,ИТМО,ассистент,д.н.
Лебедева Л.О.,ФФ,профессор,
Лебедев Д.С.,ФУПМ,доцент,к.н.
Соколов И.К.,ФУПМ,ассистент,к.н.
Морозов Д.С.,ФУПМ,доцент,д.н.
Волков М.Ю.,ФМиМ,,к.н.
Смирнов М.Ю.,ФМиМ,ассистент,
Новиков Ж.Р.,ФИТ,профессор,д.н.
Смирнов К.М.,ФМиЕН,,к.н.
Кузнецов Л.О.,ФМиЕН,ассистент,
Соколов В.И.,ФМиЕН,ассистент,д.н.
Козлов Г.Н.,ФФ,профессор,
Новиков Б.В.,ФМиМ,,к.н.
Морозов Е.П.,ИТМО,профессор,д.н.
Кузнецов Л.О.,ИТМО,профессор,к.н.
Попов В.И.,ФРТ,профессор,к.н.
Алексеев Г.Н.,ФИТ,ассистент,
Лебедев Д.С.,ФПМИ,,
Новиков В.И.,ФИТ,ассистент,к.н.
Семенов Д.С.,ФМиЕН,,д.н.
Новиков М.Ю.,ФЭТ,доцент,к.н.
Иванов К.М.,ФУПМ,доцент,
Петров Г.Н.,ФПМИ,доцент,д.н.
Семенов Л.О.,ФФ,профессор,к.н.
Смирнов Л.О.,ФФ,профессор,д.н.
Лебедев Ж.Р.,ФИВТ,профессор,д.н.
Семенов З.Т.,ФЭТ,,
Алексеев А.А.,ФИТ,ассистент,д.н.
Смирнов А.А.,ФМиЕН,,д.н.
Лебедев Ж.Р.,ФМиМ,,д.н.
Смирнов Е.П.,ФМиМ,,д.н.
Лебедев Л.О.,ФМиЕН,профессор,
Лебедев В.И.,ФРТ,,к.н.
Соколов Д.С.,ФМиЕН,доцент,
Петров Л.О.,ФПМИ,доцент,к.н.
Лебедева А.А.,ФИВТ,,к.н.
Петров И.К.,ФИТ,доцент,
Морозов Б.В.,ФМиЕН,профессор,к.н.
Семенов Л.О.,ФИВТ,профессор,к.н.
Кузнецов Л.О.,ФУПМ,,
Лебедева К.М.,ФМиЕН,профессор,к.н.
Соколов Е.П.,ФИВТ,ассистент,к.н.
Морозов Б.В.,ФИТ,ассистент,д.н.
Петров М.Ю.,ФЭТ,ассистент,к.н.
Соколов Ж.Р.,ФМиМ,доцент,
Петров З.Т.,ФИВТ,,
Лебедева А.А.,ФРТ,доцент,д.н.
Егоров Ж.Р.,ФРТ,доцент,д.н.
Петров З.Т.,ФМиЕН,доцент,к.н.
Кузнецов Г.Н.,ФФ,доцент,к.н.
Егоров А.А.,ИТМО,,к.н.
Морозов К.М.,ФИВТ,,к.н.
Лебедев Г.Н.,ФМиМ,профессор,к.н.
Смирнов В.И.,ФИВТ,ассистент,д.н.
Попов А.А.,ФУПМ,доцент,д.н.
Егоров Г.Н.,ИТМО,доцент,к.н.
Волков Г.Н.,ФИВТ,доцент,д.н.
Волков М.Ю.,ФУПМ,,к.н.
Соколов И.К.,ИТМО,,к.н.
Егоров И.К.,ФЭТ,доцент,д.н.
Соколов К.М.,ФФ,ассистент,
Петров Б.В.,ФИТ,ассистент,д.н.
Смирнов Б.В.,ФМиМ,доцент,д.н.
Лебедев Ж.Р.,ФМиЕН,,
Лебедев М.Ю.,ФИВТ,доцент,к.н.
Смирнов М.Ю.,ФЭТ,доцент,д.н.
Лебедев З.Т.,ФМиЕН,профессор,д.н.
Смирнов Ж.Р.,ФУПМ,,к.н.
Сидоров Г.Н.,ИТМО,ассистент,к.н.
Егоров Ж.Р.,ФИВТ,профессор,д.н.
Сидоров В.И.,ФМиМ,доцент,
Козлов Л.О.,ФЭТ,доцент,к.н.
Лебедева К.М.,ФЭТ,профессор,д.н.
Волков К.М.,ФМиМ,,д.н.
Семенов В.И.,ФУПМ,ассистент,
Новиков З.Т.,ФМиМ,,
Соколов М.Ю.,ФМиМ,доцент,
Смирнов З.Т.,ФФ,,д.н.
Алексеев М.Ю.,ФРТ,,д.н.
Сидоров Ж.Р.,ФРТ,доцент,
Попов М.Ю.,ФФ,,д.н.
Кузнецов А.А.,ФМиМ,доцент,д.н.
Соколов К.М.,ФИТ,,к.н.
Лебедева Б.В.,ФРТ,доцент,д.н.
Новиков В.И.,ФИТ,доцент,к.н.
Попов В.И.,ФПМИ,ассистент,д.н.
Иванов А.А.,ФИТ,ассистент,к.н.
Кузнецов К.М.,ФИВТ,доцент,к.н.
Егоров Д.С.,ФМиМ,ассистент,к.н.
Волков З.Т.,ФИТ,ассистент,к.н.
Лебедев Б.В.,ФУПМ,,д.н.
Попов А.А.,ФИВТ,,д.н.
Лебедева А.А.,ФРТ,,д.н.
Егоров К.М.,ФИТ,профессор,к.н.
Егоров М.Ю.,ФПМИ,профессор,
Лебедев И.К.,ФУПМ,доцент,
Кузнецов Л.О.,ФМиЕН,профессор,
Егоров З.Т.,ФМиЕН,профессор,д.н.
Лебедева Д.С.,ФФ,профессор,д.н.
Иванов И.К.,ФМиЕН,профессор,д.н.
Семенов Е.П.,ФРТ,ассистент,
Кузнецов Л.О.,ФФ,доцент,к.н.
Лебедев Б.В.,ФПМИ,профессор,к.н.
Лебедева В.И.,ФИТ,ассистент,
Сидоров З.Т.,ФМиМ,,к.н.
Новиков Б.В.,ФПМИ,,д.н.
Морозов Б.В.,ФИТ,профессор,
Новиков М.Ю.,ФИТ,доцент,д.н.
Семенов Д.С.,ФМиМ,,
Волков Б.В.,ФПМИ,доцент,к.н.
Соколов Л.О.,ФИТ,профессор,д.н.
Семенов Г.Н.,ФПМИ,профессор,
Егоров А.А.,ФМиЕН,доцент,д.н.
Соколов Л.О.,ФУПМ,,д.н.
Петров Б.В.,ФЭТ,доцент,к.н.
Соколов К.М.,ФУПМ,профессор,
Лебедева М.Ю.,ФПМИ,ассистент,д.н.
Соколов А.А.,ФИВТ,доцент,
Попов З.Т.,ФИВТ,профессор,к.н.
Иванов Ж.Р.,ФИВТ,доцент,
Лебедева З.Т.,ФИВТ,профессор,
Соколов Д.С.,ФФ,профессор,к.н.
Соколов М.Ю.,ФМиМ,профессор,
Морозов К.М.,ФФ,,к.н.
Смирнов Е.П.,ФПМИ,ассистент,
Морозов И.К.,ФФ,доцент,
Соколов Б.В.,ФМиМ,профессор,
Соколов А.А.,ФУПМ,профессор,к.н.
Соколов Ж.Р.,ФМиМ,доцент,к.н.
Новиков З.Т.,ИТМО,,д.н.
Волков Б.В.,ФПМИ,доцент,д.н.
Кузнецов В.И.,ФМиМ,профессор,д.н.
Семенов Л.О.,ФЭТ,доцент,д.н.
Смирнов Г.Н.,ФУПМ,доцент,д.н.
Козлов Ж.Р.,ФПМИ,,
Соколов Л.О.,ФПМИ,профессор,д.н.
Семенов Б.В.,ФИВТ,,
Смирнов Ж.Р.,ФМиЕН,,к.н.
Лебедева И.К.,ФИТ,профессор,
Алексеев И.К.,ФРТ,доцент,д.н.
Соколов М.Ю.,ФМиЕН,,д.н.
Семенов В.И.,ФИВТ,доцент,д.н.
Егоров Б.В.,ФЭТ,ассистент,д.н.
Волков Г.Н.,ФРТ,профессор,
Новиков М.Ю.,ИТМО,доцент,
Волков И.К.,ФРТ,доцент,к.н.
Соколов Е.П.,ФМиЕН,,
Сидоров В.И.,ФМиМ,,д.н.
Петров К.М.,ФЭТ,профессор,к.н.
Сидоров К.М.,ФЭТ,доцент,к.н.
Лебедев А.А.,ФУПМ,доцент,к.н.
Кузнецов Г.Н.,ФУПМ,профессор,
Волков Г.Н.,ФМиМ,доцент,
Лебедев З.Т.,ФМиМ,ассистент,
Соколов А.А.,ФЭТ,ассистент,
Соколов Ж.Р.,ФИТ,ассистент,
Лебедев Л.О.,ИТМО,ассистент,к.н.
Попов К.М.,ФМиЕН,профессор,д.н.
Алексеев И.К.,ФРТ,доцент,
Волков Г.Н.,ФМиЕН,,д.н.
Волков Г.Н.,ФРТ,ассистент,
Морозов К.М.,ФИВТ,доцент,к.н.
Алексеев Д.С.,ФИВТ,ассистент,
Петров З.Т.,ФИВТ,профессор,к.н.
Лебедева Л.О.,ИТМО,ассистент,
Морозов Д.С.,ФПМИ,доцент,к.н.
Лебедев Ж.Р.,ФМиЕН,профессор,
Сидоров Л.О.,ИТМО,ассистент,к.н.
Волков Б.В.,ФМиМ,,д.н.
Козлов Л.О.,ФИТ,ассистент,
Петров В.И.,ФУПМ,,к.н.
Егоров Ж.Р.,ФИВТ,ассистент,д.н.
Кузнецов В.И.,ФИТ,доцент,
Петров И.К.,ФМиЕН,ассистент,к.н.
Попов Д.С.,ФМиМ,ассистент,
Егоров К.М.,ФРТ,ассистент,д.н.
Алексеев Д.С.,ФРТ,ассистент,к.н.
Кузнецов В.И.,ФИТ,,к.н.
Лебедева В.И.,ФИТ,,д.н.
Попов Е.П.,ФПМИ,доцент,д.н.
Лебедева Д.С.,ФМиМ,ассистент,
Егоров В.И.,ИТМО,ассистент,к.н.
Соколов Л.О.,ФИВТ,,
Семенов М.Ю.,ФИТ,,к.н.
Волков З.Т.,ФЭТ,,д.н.
Алексеев Д.С.,ИТМО,доцент,д.н.
Лебедева А.А.,ФЭТ,ассистент,д.н.
Новиков Б.В.,ФФ,ассистент,
Лебедев З.Т.,ФИТ,доцент,к.н.
Соколов З.Т.,ФУПМ,,
Соколов И.К.,ФМиЕН,,к.н.
Семенов В.И.,ФМиМ,профессор,к.н.
Козлов Г.Н.,ФПМИ,доцент,к.н.
Алексеев Д.С.,ФПМИ,доцент,
Кузнецов Л.О.,ИТМО,,к.н.
Попов Е.П.,ИТМО,,
Лебедева Е.П.,ФИВТ,профессор,д.н.
Алексеев А.А.,ФМиМ,,к.н.
Волков Б.В.,ФФ,профессор,д.н.
Волков Б.В.,ФФ,доцент,к.н.
Волков Б.В.,ФФ,ассистент,
Лебедев Д.С.,ФФ,доцент,
Козлов Д.С.,ИТМО,ассистент,к.н.
Смирнов З.Т.,ФМиМ,ассистент,к.н.
Смирнов И.К.,ФПМИ,,
Иванов Ж.Р.,ИТМО,ассистент,к.н.
Егоров Г.Н.,ФРТ,ассистент,к.н.
Соколов М.Ю.,ФМиМ,ассистент,к.н.
Петров Е.П.,ФМиЕН,,к.н.
Лебедева М.Ю.,ФМиЕН,профессор,д.н.
Лебедева Л.О.,ФИТ,ассистент,д.н.
Морозов И.К.,ФПМИ,ассистент,
Иванов Б.В.,ФУПМ,ассистент,д.н.
Иванов Д.С.,ФМиМ,профессор,
Сидоров Л.О.,ФФ,,д.н.
Лебедев И.К.,ИТМО,ассистент,
Егоров Г.Н.,ФФ,ассистент,к.н.
Смирнов И.К.,ФИТ,,
Попов К.М.,ФФ,,
Петров Д.С.,ФПМИ,,д.н.
Смирнов Д.С.,ФМиЕН,ассистент,д.н.
Соколов Г.Н.,ФУПМ,ассистент,д.н.
Козлов Б.В.,ФИВТ,профессор,д.н.
Кузнецов Ж.Р.,ФМиМ,профессор,д.н.
Морозов Г.Н.,ИТМО,профессор,д.н.
Петров З.Т.,ФИВТ,ассистент,к.н.
Волков Г.Н.,ФИТ,доцент,
Морозов Л.О.,ФРТ,,к.н.
Иванов Ж.Р.,ФМиМ,,
Новиков Б.В.,ФИВТ,ассистент,д.н.
Попов Г.Н.,ФИВТ,доцент,д.н.
Козлов Е.П.,ИТМО,доцент,д.н.
Иванов А.А.,ФИТ,,
Алексеев Ж.Р.,ФИВТ,доцент,д.н.
Егоров Б.В.,ФРТ,ассистент,к.н.
Смирнов Д.С.,ИТМО,ассистент,к.н.
Лебедев М.Ю.,ФФ,доцент,д.н.
Семенов Д.С.,ФИВТ,доцент,д.н.
Кузнецов Г.Н.,ИТМО,ассистент,к.н.
Смирнов И.К.,ФРТ,,д.н.
Соколов Е.П.,ФФ,доцент,
Попов З.Т.,ФИТ,ассистент,д.н.
Алексеев Г.Н.,ФИТ,ассистент,к.н.
Петров К.М.,ФЭТ,,
Новиков З.Т.,ФМиМ,,
Кузнецов З.Т.,ФРТ,,
Лебедева З.Т.,ФМиЕН,доцент,
Сидоров В.И.,ФПМИ,доцент,д.н.
Волков М.Ю.,ФЭТ,ассистент,д.н.
Алексеев З.Т.,ФПМИ,ассистент,
Петров Е.П.,ФМиЕН,профессор,
Егоров А.А.,ФМиЕН,ассистент,д.н.
Егоров Е.П.,ФРТ,доцент,к.н.
Иванов Е.П.,ФУПМ,доцент,д.н.
Лебедев Ж.Р.,ИТМО,,д.н.
Попов Ж.Р.,ФИТ,ассистент,
Новиков Ж.Р.,ФИТ,ассистент,к.н.
Сидоров М.Ю.,ФЭТ,,к.н.
Алексеев А.А.,ФПМИ,доцент,д.н.
Морозов Л.О.,ФРТ,ассистент,д.н.
Морозов З.Т.,ФУПМ,,
Соколов З.Т.,ФМиМ,профессор,
Кузнецов Д.С.,ИТМО,профессор,
Егоров Г.Н.,ФЭТ,ассистент,к.н.
Соколов И.К.,ФМиЕН,,
Попов М.Ю.,ФМиМ,профессор,к.н.
Соколов Д.С.,ИТМО,ассистент,к.н.
Егоров К.М.,ФРТ,доцент,
Лебедев З.Т.,ФИВТ,доцент,к.н.
Смирнов Г.Н.,ФРТ,,к.н.
Петров Б.В.,ФМиМ,профессор,д.н.
Алексеев Г.Н.,ФФ,ассистент,д.н.
Лебедева Л.О.,ФИТ,доцент,к.н.
Козлов Л.О.,ФМиЕН,профессор,
Попов А.А.,ФИВТ,доцент,к.н.
Семенов Г.Н.,ФИТ,ассистент,д.н.
Егоров Л.О.,ФИТ,профессор,к.н.
Лебедев Б.В.,ФМиЕН,доцент,к.н.
Алексеев В.И.,ФРТ,доцент,к.н.
Алексеев М.Ю.,ФПМИ,,к.н.
Попов Б.В.,ФИТ,,д.н.
Козлов А.А.,ФИВТ,профессор,к.н.
Козлов И.К.,ФЭТ,ассистент,д.н.
Кузнецов Д.С.,ФИВТ,профессор,
Козлов И.К.,ФМиМ,ассистент,
Сидоров Д.С.,ФУПМ,ассистент,д.н.
Новиков А.А.,ФИВТ,профессор,д.н.
Лебедев Б.В.,ФФ,,к.н.
Семенов Г.Н.,ФМиМ,ассистент,д.н.
Егоров Г.Н.,ФИТ,ассистент,
Попов Д.С.,ФУПМ,доцент,к.н.
Лебедев Е.П.,ФРТ,доцент,д.н.
Петров А.А.,ФИВТ,,к.н.
Сидоров Д.С.,ФФ,ассистент,д.н.
Смирнов З.Т.,ФУПМ,,
Смирнов М.Ю.,ФИТ,профессор,
Соколов И.К.,ФМиМ,доцент,к.н.
Алексеев Б.В.,ФМиМ,ассистент,
Лебедев Б.В.,ФРТ,,
Семенов Б.В.,ИТМО,доцент,д.н.
Смирнов М.Ю.,ФПМИ,профессор,
Волков А.А.,ФИВТ,профессор,к.н.
Петров Ж.Р.,ФФ,профессор,к.н.
Новиков З.Т.,ФРТ,доцент,д.н.
Алексеев Б.В.,ФУПМ,ассистент,к.н.
Попов Г.Н.,ФФ,ассистент,
Морозов Ж.Р.,ИТМО,,д.н.
Смирнов А.А.,ФМиМ,,д.н.
Соколов В.И.,ФПМИ,доцент,
Новиков М.Ю.,ФИТ,профессор,д.н.
Семенов А.А.,ФФ,доцент,
Алексеев Е.П.,ФИТ,ассистент,
Волков З.Т.,ФИВТ,профессор,
Смирнов В.И.,ФУПМ,,к.н.
Лебедева И.К.,ФФ,,к.н.
Лебедев Е.П.,ФИВТ,профессор,к.н.
Иванов Б.В.,ФРТ,доцент,к.н.
Морозов Л.О.,ФУПМ,,к.н.
Лебедев А.А.,ФМиЕН,ассистент,д.н.
Семенов З.Т.,ФМиМ,профессор,д.н.
Морозов Л.О.,ФИТ,,д.н.
Сидоров И.К.,ФЭТ,,к.н.
Алексеев Ж.Р.,ФИВТ,ассистент,д.н.
Алексеев В.И.,ФИТ,,д.н.
Лебедева В.И.,ФМиМ,ассистент,
Сидоров Б.В.,ФЭТ,,
Козлов Б.В.,ФПМИ,,д.н.
Соколов З.Т.,ФМиЕН,,д.н.
Кузнецов Ж.Р.,ФФ,доцент,
Егоров Л.О.,ФПМИ,доцент,к.н.
Кузнецов А.А.,ФМиЕН,ассистент,
Сидоров Б.В.,ФИВТ,профессор,д.н.
Иванов Д.С.,ФПМИ,доцент,
Новиков Б.В.,ФИВТ,доцент,к.н.
Егоров Б.В.,ФЭТ,ассистент,к.н.
Соколов К.М.,ФИВТ,доцент,к.н.
Сидоров В.И.,ФМиМ,профессор,к.н.
Смирнов К.М.,ФПМИ,ассистент,к.н.
Петров И.К.,ФИТ,доцент,к.н.
Лебедев Д.С.,ФМиМ,ассистент,
Иванов Л.О.,ФИТ,доцент,
Волков Г.Н.,ФИТ,доцент,к.н.
Петров М.Ю.,ФЭТ,доцент,
Кузнецов М.Ю.,ФРТ,доцент,
Семенов А.А.,ФИВТ,ассистент,к.н.
Соколов В.И.,ФФ,профессор,
Морозов Л.О.,ФЭТ,,
Смирнов А.А.,ИТМО,профессор,
Лебедев З.Т.,ФИТ,профессор,к.н.
Новиков З.Т.,ФИТ,,д.н.
Морозов З.Т.,ФМиЕН,ассистент,д.н.
Лебедева К.М.,ФПМИ,ассистент,д.н.
Лебедев Г.Н.,ИТМО,профессор,к.н.
Лебедев В.И.,ФЭТ,ассистент,д.н.
Лебедев К.М.,ФФ,,к.н.
Попов А.А.,ФПМИ,доцент,д.н.
Новиков М.Ю.,ФУПМ,доцент,д.н.
Смирнов З.Т.,ФПМИ,ассистент,
Козлов Ж.Р.,ФМиМ,доцент,
Сидоров А.А.,ФПМИ,ассистент,д.н.
Петров К.М.,ФРТ,доцент,
Егоров М.Ю.,ФФ,,д.н.
Петров Б.В.,ФМиЕН,профессор,д.н.
Сидоров Д.С.,ФФ,профессор,
Сидоров А.А.,ФПМИ,доцент,к.н.
Семенов К.М.,ФМиМ,профессор,
Соколов Ж.Р.,ФФ,ассистент,к.н.
Иванов Д.С.,ИТМО,ассистент,к.н.
Егоров А.А.,ФФ,ассистент,д.н.
Смирнов К.М.,ФУПМ,доцент,
Сидоров Б.В.,ИТМО,ассистент,к.н.
Смирнов А.А.,ФФ,профессор,
Соколов М.Ю.,ФМиЕН,,к.н.
Петров Е.П.,ФЭТ,,
Иванов Ж.Р.,ФИТ,ассистент,
Соколов И.К.,ФМиМ,,
Сидоров Д.С.,ФИВТ,профессор,
Козлов И.К.,ФИВТ,ассистент,д.н.
Петров К.М.,ФИВТ,ассистент,
Попов З.Т.,ФРТ,доцент,к.н.
Попов Ж.Р.,ФЭТ,доцент,
Смирнов Л.О.,ФМиМ,ассистент,
Козлов Л.О.,ФИТ,,д.н.
Морозов Л.О.,ФИВТ,ассистент,д.н.
Сидоров Ж.Р.,ФИВТ,профессор,к.н.
Смирнов Е.П.,ФМиЕН,,к.н.
Лебедева Д.С.,ФМиЕН,,д.н.
Егоров Б.В.,ФМиМ,профессор,к.н.
Морозов Е.П.,ФИТ,ассистент,к.н.
Петров А.А.,ФЭТ,,
Новиков М.Ю.,ФПМИ,доцент,
Лебедев А.А.,ФУПМ,доцент,к.н.
Смирнов Ж.Р.,ФМиМ,доцент,д.н.
Петров Е.П.,ФИВТ,профессор,д.н.
Соколов Б.В.,ФЭТ,ассистент,
Иванов И.К.,ФРТ,,
Егоров В.И.,ФИВТ,доцент,
Егоров А.А.,ФПМИ,,к.н.
Попов Б.В.,ФПМИ,ассистент,д.н.
Иванов Д.С.,ФЭТ,профессор,д.н.
Волков К.М.,ФФ,,д.н.
Волков В.И.,ФФ,ассистент,д.н.
Новиков А.А.,ФФ,ассистент,д.н.
Алексеев И.К.,ФМиМ,,д.н.
Волков Д.С.,ФИТ,,
Иванов Л.О.,ФЭТ,ассистент,д.н.
Морозов В.И.,ФФ,профессор,д.н.
Новиков З.Т.,ФРТ,ассистент,к.н.
Сидоров М.Ю.,ФПМИ,доцент,д.н.
Петров Д.С.,ФУПМ,профессор,
Морозов Л.О.,ИТМО,профессор,к.н.
Соколов Л.О.,ФЭТ,ассистент,
Волков Е.П.,ФПМИ,профессор,
Алексеев Е.П.,ФМиМ,,
Лебедев Г.Н.,ФУПМ,ассистент,
Лебедев Г.Н.,ФФ,,
Лебедева Е.П.,ФИВТ,,
Морозов В.И.,ФРТ,ассистент,
Смирнов Д.С.,ФУПМ,профессор,к.н.
Петров Д.С.,ФУПМ,профессор,д.н.
Алексеев К.М.,ФИТ,,к.н.
Петров Б.В.,ФФ,доцент,к.н.
Новиков Ж.Р.,ФИВТ,профессор,к.н.
Новиков А.А.,ФМиМ,доцент,к.н.
Сидоров Б.В.,ФПМИ,ассистент,
Петров И.К.,ФМиМ,,к.н.
Новиков К.М.,ИТМО,профессор,
Егоров Б.В.,ФПМИ,доцент,
Егоров В.И.,ФМиЕН,ассистент,к.н.
Волков Е.П.,ФЭТ,доцент,к.н.
Сидоров З.Т.,ФЭТ,профессор,к.н.
Семенов В.И.,ФПМИ,,к.н.
Смирнов Д.С.,ФУПМ,профессор,к.н.
Смирнов З.Т.,ФЭТ,профессор,к.н.
Волков Ж.Р.,ФФ,,
Семенов М.Ю.,ФФ,профессор,
Лебедев Е.П.,ФУПМ,ассистент,д.н.
Попов Е.П.,ФУПМ,,
Алексеев Г.Н.,ФЭТ,доцент,к.н.
Новиков А.А.,ФЭТ,ассистент,к.н.
Морозов З.Т.,ФПМИ,профессор,д.н.
Новиков И.К.,ФИТ,ассистент,к.н.
Лебедева Д.С.,ФПМИ,,
Морозов И.К.,ФУПМ,ассистент,
Соколов К.М.,ФМиМ,профессор,
Кузнецов М.Ю.,ИТМО,,
Смирнов М.Ю.,ФУПМ,профессор,д.н.
Новиков Е.П.,ФРТ,профессор,
Волков Г.Н.,ФПМИ,профессор,к.н.
Смирнов Ж.Р.,ИТМО,,
Егоров З.Т.,ИТМО,,
Семенов Б.В.,ФИТ,доцент,к.н.
Волков З.Т.,ФФ,ассистент,д.н.
Лебедев Б.В.,ФЭТ,,д.н.
Соколов Б.В.,ФФ,доцент,
Егоров Л.О.,ФМиМ,профессор,
Сидоров Б.В.,ФФ,,
Смирнов А.А.,ФИТ,профессор,к.н.
Волков И.К.,ФЭТ,ассистент,д.н.
Смирнов А.А.,ФИВТ,профессор,к.н.
Новиков Е.П.,ФИТ,профессор,к.н.
Козлов В.И.,ФФ,ассистент,
Алексеев К.М.,ФМиЕН,доцент,д.н.
Лебедева И.К.,ФМиМ,профессор,
Лебедева Л.О.,ФЭТ,профессор,к.н.
Лебедева М.Ю.,ИТМО,доцент,к.н.
Иванов В.И.,ФМиМ,,д.н.
Лебедев А.А.,ФПМИ,доцент,к.н.
Козлов М.Ю.,ФУПМ,ассистент,д.н.
Алексеев И.К.,ФМиМ,доцент,к.н.
Попов И.К.,ФМиМ,ассистент,
Алексеев Е.П.,ИТМО,доцент,
Морозов Д.С.,ФМиМ,,д.н.
Кузнецов З.Т.,ФУПМ,ассистент,
Соколов Г.Н.,ФРТ,профессор,
Алексеев Д.С.,ФМиМ,ассистент,д.н.
Морозов Б.В.,ФЭТ,ассистент,д.н.
Сидоров В.И.,ФИВТ,,
Сидоров Л.О.,ФИТ,профессор,к.н.
Петров Е.П.,ФРТ,профессор,
Новиков Ж.Р.,ФЭТ,,к.н.
Сидоров Ж.Р.,ИТМО,,
Егоров Г.Н.,ФУПМ,доцент,д.н.
Лебедева Б.В.,ФИТ,ассистент,
Егоров В.И.,ФФ,,д.н.
Волков К.М.,ФФ,ассистент,д.н.
Козлов И.К.,ФИТ,профессор,к.н.
Лебедев В.И.,ФИТ,,д.н.
Соколов М.Ю.,ФИВТ,,
Егоров Б.В.,ФМиМ,профессор,к.н.
Попов Л.О.,ФУПМ,профессор,д.н.
Морозов М.Ю.,ФРТ,ассистент,д.н.
Егоров А.А.,ФФ,доцент,
Егоров Е.П.,ФУПМ,профессор,
Соколов Е.П.,ФФ,доцент,к.н.
Попов М.Ю.,ИТМО,,д.н.
Волков Е.П.,ФФ,,
Егоров К.М.,ФРТ,доцент,д.н.
Кузнецов Л.О.,ИТМО,профессор,к.н.
Козлов Ж.Р.,ФФ,,
Соколов З.Т.,ФЭТ,доцент,
Семенов З.Т.,ФФ,,д.н.
Лебедева Е.П.,ФПМИ,ассистент,
Семенов М.Ю.,ФМиЕН,профессор,
Егоров Е.П.,ФМиЕН,,к.н.
Лебедев И.К.,ИТМО,доцент,к.н.
Алексеев Г.Н.,ФРТ,профессор,д.н.
Кузнецов А.А.,ФУПМ,доцент,д.н.
Алексеев Л.О.,ФРТ,доцент,к.н.
Смирнов З.Т.,ФИТ,ассистент,к.н.
Лебедев Г.Н.,ФМиЕН,профессор,
Соколов К.М.,ФУПМ,,к.н.
Соколов К.М.,ФИВТ,ассистент,
Семенов Ж.Р.,ФРТ,доцент,к.н.
Иванов А.А.,ФРТ,ассистент,к.н.
Сидоров К.М.,ФМиМ,,
Кузнецов И.К.,ФИВТ,ассистент,
Соколов М.Ю.,ФУПМ,доцент,д.н.
Лебедева М.Ю.,ФЭТ,доцент,
Волков Л.О.,ФПМИ,доцент,
Морозов В.И.,ФФ,ассистент,
Волков Б.В.,ФИВТ,профессор,к.н.
Волков Е.П.,ИТМО,,к.н.
Егоров Ж.Р.,ФФ,доцент,д.н.
Кузнецов Ж.Р.,ФЭТ,ассистент,
Лебедев В.И.,ФМиЕН,профессор,
Лебедев К.М.,ФМиМ,профессор,
Попов В.И.,ФРТ,доцент,
Семенов Л.О.,ФИТ,,
Попов К.М.,ФРТ,доцент,к.н.
Козлов А.А.,ФМиЕН,профессор,д.н.
Новиков И.К.,ФРТ,,
Новиков М.Ю.,ФИТ,доцент,
Волков Д.С.,ФПМИ,ассистент,д.н.
Козлов М.Ю.,ФМиМ,доцент,д.н.
Козлов Г.Н.,ФМиЕН,профессор,д.н.
Иванов К.М.,ФИТ,профессор,
Волков Л.О.,ФМиЕН,,
Алексеев Л.О.,ФМиЕН,доцент,д.н.
Иванов А.А.,ФУПМ,ассистент,
Кузнецов Е.П.,ФМиЕН,доцент,д.н.
Соколов Е.П.,ФМиМ,ассистент,д.н.
Лебедев З.Т.,ФМиМ,профессор,
Волков Ж.Р.,ФИТ,доцент,д.н.
Морозов Е.П.,ФИВТ,ассистент,д.н.
Смирнов А.А.,ФИТ,доцент,д.н.
Егоров Б.В.,ИТМО,профессор,к.н.
Новиков К.М.,ФРТ,ассистент,д.н.
Алексеев Л.О.,ФМиЕН,профессор,к.н.
Соколов Д.С.,ФМиМ,ассистент,
Козлов Б.В.,ФИВТ,доцент,
Волков Е.П.,ФФ,ассистент,к.н.
Семенов Г.Н.,ИТМО,,д.н.
Иванов Б.В.,ФФ,доцент,д.н.
Семенов Б.В.,ФМиМ,профессор,
Алексеев З.Т.,ФРТ,доцент,к.н.
Лебедев Ж.Р.,ФМиЕН,доцент,
Лебедев Л.О.,ФИВТ,профессор,
Сидоров И.К.,ФПМИ,,
Волков Д.С.,ФРТ,доцент,д.н.
Соколов З.Т.,ФИВТ,профессор,
Волков В.И.,ФЭТ,доцент,к.н.
Соколов А.А.,ФРТ,ассистент,к.н.
Иванов И.К.,ФМиМ,доцент,
Алексеев Г.Н.,ФИВТ,,к.н.
Кузнецов А.А.,ФМиЕН,,д.н.
Алексеев Г.Н.,ИТМО,,к.н.
Петров Е.П.,ФМиМ,ассистент,
Егоров М.Ю.,ФМиМ,ассистент,д.н.
Соколов И.К.,ИТМО,доцент,
Морозов Б.В.,ФМиЕН,,д.н.
Сидоров А.А.,ФИТ,профессор,к.н.
Кузнецов А.А.,ФМиМ,доцент,
Сидоров Б.В.,ФИТ,доцент,
Козлов Е.П.,ФФ,,к.н.
Новиков Г.Н.,ИТМО,доцент,к.н.
Семенов В.И.,ФМиЕН,,
Смирнов Е.П.,ФЭТ,доцент,д.н.
Смирнов А.А.,ФМиМ,профессор,д.н.
Иванов Д.С.,ФУПМ,ассистент,
Алексеев Ж.Р.,ФФ,профессор,д.н.
Смирнов Г.Н.,ФРТ,доцент,к.н.
Лебедева Ж.Р.,ФУПМ,ассистент,к.н.
Новиков В.И.,ИТМО,ассистент,д.н.
Лебедева Г.Н.,ФЭТ,,д.н.
Лебедева З.Т.,ФФ,ассистент,д.н.
Лебедев И.К.,ФИВТ,профессор,
Егоров Л.О.,ФМиЕН,профессор,к.н.
Сидоров И.К.,ФМиЕН,,
Козлов Б.В.,ФИВТ,профессор,
Петров В.И.,ФИВТ,ассистент,д.н.
Семенов А.А.,ФМиЕН,профессор,д.н.
Новиков З.Т.,ФЭТ,,
Попов В.И.,ФРТ,доцент,д.н.
Новиков А.А.,ФПМИ,профессор,к.н.
Семенов А.А.,ФУПМ,,к.н.
Кузнецов Г.Н.,ФИТ,доцент,
Петров Г.Н.,ФМиЕН,ассистент,
Семенов Л.О.,ФИТ,профессор,
Кузнецов Ж.Р.,ФЭТ,ассистент,д.н.
Иванов Б.В.,ФМиЕН,доцент,д.н.
Лебедев Г.Н.,ФЭТ,доцент,
Сидоров Ж.Р.,ФУПМ,,
Попов К.М.,ФИВТ,,д.н.
Егоров Е.П.,ФИТ,,д.н.
Смирнов К.М.,ФМиМ,,к.н.
Петров Б.В.,ФИВТ,профессор,к.н.
Козлов Ж.Р.,ФУПМ,доцент,
Смирнов З.Т.,ФМиМ,,
Соколов В.И.,ФИВТ,,к.н.
Морозов Д.С.,ИТМО,профессор,к.н.
Лебедева В.И.,ФЭТ,ассистент,
Иванов И.К.,ФИВТ,профессор,д.н.
Иванов И.К.,ФИТ,,
Семенов А.А.,ФПМИ,профессор,
Иванов М.Ю.,ФИТ,профессор,д.н.
Козлов Е.П.,ФМиМ,доцент,к.н.
Волков Д.С.,ФМиМ,,к.н.
Соколов Г.Н.,ФРТ,,
Попов Д.С.,ИТМО,,д.н.
Козлов К.М.,ФРТ,доцент,д.н.
Козлов З.Т.,ФМиЕН,доцент,к.н.
Сидоров К.М.,ФУПМ,доцент,д.н.
Петров В.И.,ФИТ,доцент,
Семенов Л.О.,ФПМИ,ассистент,д.н.
Иванов Б.В.,ФИТ,доцент,д.н.
Семенов А.А.,ФИТ,доцент,
Лебедев З.Т.,ФРТ,,к.н.
Лебедева М.Ю.,ФМиЕН,доцент,д.н.
Попов М.Ю.,ФФ,профессор,
Сидоров Ж.Р.,ФМиЕН,,д.н.
Волков К.М.,ФИТ,ассистент,
Лебедева И.К.,ФПМИ,доцент,к.н.
Алексеев Л.О.,ФЭТ,профессор,д.н.
Лебедев Д.С.,ФМиМ,профессор,д.н.
Соколов Б.В.,ФИТ,профессор,
Новиков Д.С.,ФФ,ассистент,
Лебедева З.Т.,ФЭТ,доцент,к.н.
Алексеев А.А.,ФУПМ,доцент,
Петров Е.П.,ФУПМ,ассистент,к.н.
Новиков Б.В.,ФМиЕН,доцент,к.н.
Лебедев Д.С.,ИТМО,профессор,к.н.
Соколов З.Т.,ФИТ,доцент,к.н.
Петров Д.С.,ФЭТ,профессор,к.н.
Иванов М.Ю.,ФПМИ,,д.н.
Петров М.Ю.,ФМиМ,,д.н.
Смирнов К.М.,ИТМО,профессор,к.н.
Лебедев Б.В.,ИТМО,доцент,к.н.
Кузнецов Е.П.,ФМиМ,ассистент,д.н.
Лебедев Б.В.,ФУПМ,,д.н.
Кузнецов Е.П.,ФМиЕН,ассистент,к.н.
Лебедева Г.Н.,ФФ,доцент,
Лебедев Б.В.,ФПМИ,доцент,к.н.
Кузнецов В.И.,ФЭТ,ассистент,
Кузнецов М.Ю.,ФПМИ,ассистент,д.н.
Иванов Г.Н.,ФИВТ,профессор,к.н.
Егоров К.М.,ФРТ,,
Семенов Ж.Р.,ФФ,ассистент,к.н.
Петров А.А.,ФПМИ,профессор,к.н.
Кузнецов К.М.,ФФ,профессор,к.н.
Морозов Б.В.,ФПМИ,ассистент,
Петров Б.В.,ФМиЕН,,к.н.
Лебедева И.К.,ФУПМ,профессор,к.н.
Волков Д.С.,ФРТ,,к.н.
Морозов Д.С.,ФМиЕН,доцент,к.н.
Сидоров Е.П.,ФМиМ,профессор,к.н.
Петров Б.В.,ФФ,доцент,
Попов А.А.,ФИВТ,профессор,д.н.
Егоров К.М.,ФМиМ,,д.н.
Лебедев Е.П.,ФУПМ,,д.н.
Петров Б.В.,ФИТ,,д.н.
Соколов М.Ю.,ФЭТ,доцент,д.н.
Волков З.Т.,ФПМИ,доцент,д.н.
Лебедева И.К.,ФУПМ,,
Петров Г.Н.,ФЭТ,,д.н.
Петров В.И.,ФМиЕН,ассистент,
Семенов Д.С.,ФУПМ,доцент,
Сидоров Л.О.,ФЭТ,,к.н.
Егоров Д.С.,ФФ,ассистент,д.н.
Морозов Д.С.,ФРТ,ассистент,д.н.
Иванов К.М.,ФФ,доцент,к.н.
Попов Б.В.,ФИТ,профессор,
Новиков З.Т.,ФРТ,ассистент,к.н.
Иванов М.Ю.,ФИТ,ассистент,
Смирнов И.К.,ФЭТ,,к.н.
Кузнецов Д.С.,ФРТ,,д.н.
Алексеев Б.В.,ФУПМ,,к.н.
Попов Д.С.,ФИТ,доцент,
Лебедев З.Т.,ФЭТ,ассистент,д.н.
Попов Б.В.,ФПМИ,,к.н.
Егоров К.М.,ФИВТ,ассистент,к.н.
Петров И.К.,ФРТ,,
Соколов Д.С.,ФФ,ассистент,д.н.
Козлов Л.О.,ФИТ,профессор,
Семенов Л.О.,ФЭТ,,
Смирнов Б.В.,ФФ,профессор,
Алексеев К.М.,ФМиМ,профессор,д.н.
Козлов А.А.,ФУПМ,доцент,
Иванов И.К.,ФМиЕН,,
Волков Л.О.,ФПМИ,,к.н.
Волков З.Т.,ФИВТ,профессор,д.н.
Сидоров И.К.,ФМиЕН,доцент,
Алексеев Ж.Р.,ФРТ,доцент,к.н.
Петров Б.В.,ФИВТ,доцент,
Лебедев В.И.,ФМиМ,профессор,к.н.
Волков Л.О.,ФУПМ,ассистент,
Кузнецов Д.С.,ФМиМ,профессор,к.н.
Сидоров М.Ю.,ФМиЕН,ассистент,д.н.
Смирнов Д.С.,ФЭТ,ассистент,д.н.
Волков К.М.,ФИТ,,к.н.
Попов Л.О.,ФЭТ,ассистент,
Кузнецов И.К.,ФФ,профессор,д.н.
Морозов И.К.,ФФ,,к.н.
Козлов Б.В.,ФРТ,профессор,
Алексеев М.Ю.,ФМиМ,доцент,к.н.
Новиков Ж.Р.,ФМиМ,профессор,
Кузнецов Д.С.,ФИТ,ассистент,д.н.
Волков Г.Н.,ФФ,доцент,д.н.
Смирнов Г.Н.,ФЭТ,профессор,
Петров Г.Н.,ФУПМ,ассистент,д.н.
Иванов В.И.,ИТМО,ассистент,к.н.
Лебедев Е.П.,ФМиМ,ассистент,к.н.
Егоров Б.В.,ФИТ,ассистент,
Петров М.Ю.,ФПМИ,профессор,
Егоров В.И.,ФРТ,доцент,д.н.
Иванов А.А.,ФМиЕН,доцент,д.н.
Кузнецов Л.О.,ФУПМ,,
Кузнецов М.Ю.,ФПМИ,,д.н.
Сидоров А.А.,ФФ,профессор,к.н.
Козлов В.И.,ФМиЕН,ассистент,д.н.
Морозов К.М.,ФМиМ,,к.н.
Новиков Г.Н.,ФЭТ,профессор,
Соколов Е.П.,ФФ,профессор,д.н.
Алексеев И.К.,ФЭТ,доцент,д.н.
Морозов Ж.Р.,ФПМИ,доцент,к.н.
Соколов К.М.,ФЭТ,профессор,д.н.
Смирнов В.И.,ФУПМ,профессор,д.н.
Новиков Д.С.,ФИВТ,профессор,д.н.
Смирнов К.М.,ФМиМ,профессор,к.н.
Попов Д.С.,ФИТ,профессор,д.н.
Семенов М.Ю.,ИТМО,ассистент,д.н.
Морозов Б.В.,ФРТ,ассистент,д.н.
Кузнецов А.А.,ФРТ,профессор,к.н.
Семенов Л.О.,ФУПМ,доцент,
Попов К.М.,ФИТ,ассистент,к.н.
Волков Л.О.,ФУПМ,,к.н.
Смирнов К.М.,ФМиЕН,доцент,к.н.
Смирнов В.И.,ФПМИ,ассистент,
Козлов М.Ю.,ФПМИ,профессор,д.н.
Сидоров Ж.Р.,ФМиЕН,профессор,д.н.
Волков З.Т.,ФРТ,,к.н.
Петров В.И.,ФПМИ,,д.н.
Соколов Б.В.,ФИВТ,профессор,д.н.
Лебедев З.Т.,ФПМИ,профессор,к.н.
Петров Ж.Р.,ФПМИ,доцент,к.н.
Сидоров З.Т.,ФЭТ,доцент,д.н.
Лебедев И.К.,ФМиМ,,к.н.
Попов И.К.,ФПМИ,профессор,д.н.
Соколов Б.В.,ФМиЕН,,к.н.
Семенов Г.Н.,ФРТ,доцент,к.н.
Волков Ж.Р.,ФРТ,доцент,
Попов Г.Н.,ФФ,доцент,
Семенов И.К.,ИТМО,,к.н.
Волков Л.О.,ФРТ,доцент,
Козлов Г.Н.,ФПМИ,,
Кузнецов А.А.,ФИВТ,профессор,к.н.
Егоров М.Ю.,ФФ,ассистент,
Егоров Б.В.,ФУПМ,профессор,
Козлов Л.О.,ФРТ,профессор,
Смирнов Л.О.,ФМиЕН,,д.н.
Лебедев И.К.,ФМиЕН,профессор,
Семенов К.М.,ФМиМ,доцент,
Иванов Б.В.,ФУПМ,профессор,
Алексеев М.Ю.,ФМиЕН,профессор,д.н.
Иванов А.А.,ФМиМ,ассистент,д.н.
Иванов Е.П.,ФИВТ,профессор,к.н.
Алексеев Б.В.,ФЭТ,,д.н.
Морозов К.М.,ФУПМ,,д.н.
Попов Д.С.,ФЭТ,профессор,д.н.
Новиков А.А.,ФМиЕН,доцент,к.н.
Соколов А.А.,ФПМИ,профессор,к.н.
Егоров К.М.,ФМиЕН,ассистент,к.н.
Егоров Е.П.,ФЭТ,доцент,д.н.
Лебедев З.Т.,ФФ,профессор,к.н.
Кузнецов Е.П.,ФУПМ,,д.н.
Алексеев К.М.,ФИТ,профессор,
Лебедев Г.Н.,ИТМО,доцент,д.н.
Петров И.К.,ФРТ,ассистент,д.н.
Иванов К.М.,ФИВТ,,к.н.
Семенов М.Ю.,ФФ,профессор,к.н.
Алексеев Л.О.,ФЭТ,доцент,
Волков А.А.,ИТМО,ассистент,д.н.
Лебедева Г.Н.,ФИВТ,профессор,
Новиков М.Ю.,ФПМИ,,д.н.
Волков Л.О.,ФИВТ,профессор,д.н.
Смирнов Б.В.,ФИВТ,,д.н.
Лебедев Д.С.,ФПМИ,,д.н.
Иванов Ж.Р.,ФИТ,ассистент,д.н.
Алексеев Е.П.,ФФ,ассистент,д.н.
Волков М.Ю.,ФМиМ,доцент,д.н.
Сидоров Д.С.,ФПМИ,доцент,
Петров Л.О.,ФФ,доцент,
Егоров Л.О.,ФФ,,
Лебедев Ж.Р.,ФИТ,,к.н.
Семенов Ж.Р.,ИТМО,доцент,к.н.
Алексеев К.М.,ФИВТ,,
Егоров И.К.,ИТМО,ассистент,
Семенов А.А.,ФРТ,ассистент,
Алексеев К.М.,ИТМО,профессор,к.н.
Иванов Л.О.,ФИТ,профессор,
Лебедев Л.О.,ФИТ,,д.н.
Новиков Г.Н.,ФМиЕН,профессор,
Егоров А.А.,ФИТ,доцент,д.н.
Иванов М.Ю.,ФЭТ,ассистент,д.н.
Алексеев В.И.,ФУПМ,профессор,д.н.
Морозов Д.С.,ФИВТ,ассистент,
Соколов Б.В.,ИТМО,ассистент,д.н.
Смирнов К.М.,ФМиМ,профессор,к.н.
Лебедев Л.О.,ФУПМ,,д.н.
Егоров Б.В.,ФИТ,профессор,
Козлов Л.О.,ИТМО,доцент,д.н.
Семенов Ж.Р.,ФПМИ,доцент,д.н.
Семенов Г.Н.,ФМиЕН,ассистент,д.н.
Козлов И.К.,ФРТ,доцент,
Новиков Д.С.,ФРТ,ассистент,д.н.
Кузнецов И.К.,ФМиЕН,профессор,
Лебедев Г.Н.,ФЭТ,профессор,к.н.
Петров Л.О.,ФМиЕН,доцент,
Петров К.М.,ФИВТ,доцент,к.н.
Козлов И.К.,ИТМО,ассистент,
Петров Д.С.,ФИТ,,
Соколов Ж.Р.,ФИТ,доцент,к.н.
Лебедев М.Ю.,ФУПМ,профессор,д.н.
Иванов М.Ю.,ИТМО,,д.н.
Лебедев Л.О.,ФИТ,профессор,д.н.
Лебедева Ж.Р.,ИТМО,,
Попов К.М.,ФМиЕН,ассистент,к.н.
Егоров Б.В.,ФФ,,д.н.
Иванов Е.П.,ФУПМ,,к.н.
Кузнецов В.И.,ИТМО,,д.н.
Кузнецов Ж.Р.,ФФ,профессор,д.н.
Морозов В.И.,ФЭТ,,к.н.
Лебедев Ж.Р.,ФРТ,доцент,
Егоров Д.С.,ФИТ,доцент,
Волков М.Ю.,ФРТ,профессор,д.н.
Кузнецов Б.В.,ФМиЕН,доцент,д.н.
Смирнов З.Т.,ФИВТ,доцент,к.н.
Новиков Д.С.,ФИВТ,ассистент,к.н.
Кузнецов Б.В.,ФИВТ,ассистент,
Петров Д.С.,ФМиЕН,доцент,к.н.
Кузнецов З.Т.,ФПМИ,доцент,
Семенов М.Ю.,ФРТ,ассистент,д.н.
Иванов Л.О.,ФУПМ,ассистент,к.н.
Алексеев З.Т.,ФИТ,доцент,
Петров Г.Н.,ФИТ,,к.н.
Новиков Л.О.,ФУПМ,ассистент,к.н.
Иванов Б.В.,ИТМО,,к.н.
Алексеев К.М.,ФИВТ,ассистент,к.н.
Алексеев Л.О.,ИТМО,,к.н.
Лебедева В.И.,ИТМО,профессор,к.н.
Попов Б.В.,ФПМИ,ассистент,д.н.
Соколов Е.П.,ФМиЕН,,к.н.
Лебедев А.А.,ФМиМ,профессор,д.н.
Попов Г.Н.,ФПМИ,профессор,
Морозов Б.В.,ФРТ,доцент,к.н.
Иванов Ж.Р.,ИТМО,,к.н.
Козлов Ж.Р.,ФУПМ,доцент,
Попов Ж.Р.,ФУПМ,ассистент,д.н.
Морозов М.Ю.,ИТМО,профессор,д.н.
Иванов Д.С.,ФИВТ,профессор,к.н.
Новиков Д.С.,ФИТ,доцент,к.н.
Морозов Д.С.,ФЭТ,ассистент,д.н.
Козлов Ж.Р.,ФИТ,,к.н.
Алексеев М.Ю.,ФФ,,
Кузнецов В.И.,ФПМИ,ассистент,к.н.
Попов З.Т.,ФПМИ,профессор,
Лебедев Е.П.,ФЭТ,,к.н.
Морозов Г.Н.,ФИВТ,профессор,
Смирнов М.Ю.,ИТМО,профессор,
Козлов Б.В.,ФФ,,
Кузнецов А.А.,ФФ,доцент,д.н.
Егоров И.К.,ФИТ,,
Смирнов Г.Н.,ФМиМ,ассистент,
Смирнов К.М.,ФУПМ,,к.н.
Лебедева М.Ю.,ФФ,,
Соколов Е.П.,ФУПМ,ассистент,д.н.
Лебедев Г.Н.,ФФ,ассистент,
Кузнецов К.М.,ФУПМ,доцент,д.н.
Егоров Д.С.,ФФ,,
Семенов Л.О.,ФРТ,доцент,д.н.
Лебедева К.М.,ФИТ,доцент,
Смирнов Д.С.,ФУПМ,,
Соколов Б.В.,ИТМО,доцент,д.н.
Морозов В.И.,ФРТ,,к.н.
Кузнецов Л.О.,ФЭТ,,к.н.
Петров Л.О.,ИТМО,профессор,
Егоров Е.П.,ФУПМ,,д.н.
Алексеев Д.С.,ФИВТ,ассистент,д.н.
Морозов В.И.,ФФ,доцент,к.н.
Морозов З.Т.,ФПМИ,доцент,
Соколов Е.П.,ИТМО,,к.н.
Сидоров К.М.,ИТМО,профессор,д.н.
Лебедева К.М.,ФМиЕН,профессор,
Кузнецов К.М.,ФИВТ,доцент,д.н.
Морозов А.А.,ФИВТ,доцент,д.н.
Кузнецов Е.П.,ФРТ,ассистент,д.н.
Иванов И.К.,ФЭТ,профессор,к.н.
Семенов Д.С.,ФИТ,,
Попов Г.Н.,ФИВТ,ассистент,
Лебедева И.К.,ФРТ,ассистент,д.н.
Смирнов Л.О.,ФРТ,доцент,
Егоров В.И.,ФМиЕН,доцент,д.н.
Егоров Ж.Р.,ФРТ,ассистент,к.н.
Алексеев Д.С.,ФМиМ,ассистент,к.н.
Алексеев Е.П.,ФМиМ,ассистент,д.н.
Соколов А.А.,ФФ,доцент,д.н.
Морозов Ж.Р.,ФИТ,,
Иванов З.Т.,ФФ,ассистент,к.н.
Егоров В.И.,ФМиМ,ассистент,к.н.
Смирнов К.М.,ФРТ,,д.н.
Кузнецов В.И.,ФМиЕН,,к.н.
Петров Б.В.,ФПМИ,профессор,к.н.
Сидоров Л.О.,ФИТ,доцент,к.н.
Лебедева Ж.Р.,ФМиЕН,,
Соколов Е.П.,ФЭТ,ассистент,
Морозов Л.О.,ФМиМ,профессор,д.н.
Лебедев Г.Н.,ФПМИ,,к.н.
Смирнов Г.Н.,ФМиМ,профессор,
Попов З.Т.,ФИВТ,доцент,
Морозов Б.В.,ФУПМ,доцент,д.н.
Семенов Б.В.,ФИВТ,ассистент,
Морозов М.Ю.,ФИВТ,,д.н.
Егоров Д.С.,ФРТ,ассистент,к.н.
Кузнецов Е.П.,ФЭТ,ассистент,
Лебедев Л.О.,ИТМО,ассистент,к.н.
Козлов В.И.,ФМиМ,доцент,к.н.
Лебедев Е.П.,ФУПМ,профессор,
Волков Д.С.,ФРТ,,
Лебедев З.Т.,ФМиМ,профессор,
Семенов К.М.,ФМиМ,профессор,
Алексеев Д.С.,ИТМО,профессор,д.н.
Смирнов Д.С.,ФРТ,профессор,д.н.
Лебедева В.И.,ФЭТ,доцент,
Петров В.И.,ФИВТ,доцент,к.н.
Морозов А.А.,ФРТ,доцент,к.н.
Волков В.И.,ФЭТ,ассистент,д.н.
Козлов В.И.,ФУПМ,ассистент,
Семенов Д.С.,ФМиМ,доцент,
Лебедев Г.Н.,ФМиМ,ассистент,д.н.
Волков Л.О.,ФПМИ,доцент,д.н.
Смирнов К.М.,ФИВТ,доцент,
Новиков Д.С.,ФИТ,ассистент,д.н.
Лебедев В.И.,ФИВТ,доцент,д.н.
Новиков К.М.,ФУПМ,профессор,к.н.
Алексеев Б.В.,ФИТ,,
Попов Ж.Р.,ФУПМ,ассистент,
Новиков К.М.,ИТМО,ассистент,д.н.
Егоров К.М.,ФМиЕН,доцент,к.н.
Волков Д.С.,ФРТ,профессор,к.н.
Лебедев М.Ю.,ФИВТ,,
Козлов Е.П.,ФИТ,,
Егоров А.А.,ФРТ,профессор,д.н.
Соколов И.К.,ФМиЕН,ассистент,д.н.
Алексеев Б.В.,ИТМО,профессор,
Лебедев Л.О.,ФИТ,ассистент,
Козлов К.М.,ФИВТ,профессор,д.н.
Сидоров В.И.,ФФ,профессор,д.н.
Лебедев Г.Н.,ИТМО,ассистент,к.н.
Волков Г.Н.,ФИТ,доцент,
Лебедева Д.С.,ФМиЕН,,к.н.
Егоров Б.В.,ФМиЕН,ассистент,к.н.
Кузнецов Б.В.,ФМиМ,,д.н.
Лебедев Л.О.,ФМиЕН,доцент,
Морозов Д.С.,ФИВТ,профессор,
Лебедева И.К.,ФЭТ,доцент,д.н.
Семенов Г.Н.,ИТМО,ассистент,к.н.
Лебедева З.Т.,ИТМО,,д.н.
Волков Б.В.,ФФ,профессор,
Морозов А.А.,ФЭТ,,к.н.
Новиков М.Ю.,ФПМИ,профессор,к.н.
Соколов Ж.Р.,ФЭТ,,к.н.
Егоров З.Т.,ИТМО,,к.н.
Волков М.Ю.,ФИТ,,к.н.
Петров Г.Н.,ФЭТ,профессор,
Егоров В.И.,ФФ,профессор,д.н.
Егоров Г.Н.,ФРТ,доцент,д.н.
Лебедев Л.О.,ФПМИ,профессор,
Семенов Ж.Р.,ФИТ,ассистент,д.н.
Алексеев А.А.,ФФ,доцент,д.н.
Сидоров Е.П.,ФЭТ,профессор,
Петров З.Т.,ФИВТ,доцент,
Лебедев И.К.,ФРТ,,д.н.
Смирнов Б.В.,ФФ,,к.н.
Кузнецов Е.П.,ФФ,ассистент,д.н.
Лебедева Б.В.,ФЭТ,профессор,
Соколов М.Ю.,ФМиМ,ассистент,
Волков З.Т.,ФИТ,доцент,
Попов Б.В.,ФФ,,д.н.
Волков М.Ю.,ФИТ,доцент,
Семенов Л.О.,ФРТ,профессор,к.н.
Петров Ж.Р.,ФИТ,ассистент,д.н.
Алексеев З.Т.,ФЭТ,профессор,д.н.
Сидоров Ж.Р.,ИТМО,ассистент,к.н.
Попов Д.С.,ФФ,профессор,
Петров Л.О.,ФРТ,доцент,
Попов М.Ю.,ФИТ,доцент,д.н.
Новиков М.Ю.,ФМиМ,доцент,д.н.
Новиков В.И.,ФМиЕН,доцент,к.н.
Алексеев В.И.,ФФ,,
Волков Е.П.,ФМиЕН,доцент,
Лебедева М.Ю.,ФИВТ,ассистент,д.н.
Лебедева Б.В.,ФЭТ,ассистент,
Иванов В.И.,ФИТ,ассистент,д.н.
Семенов В.И.,ИТМО,доцент,к.н.
Смирнов К.М.,ИТМО,доцент,к.н.
Смирнов Е.П.,ФМиЕН,доцент,д.н.
Кузнецов А.А.,ФМиЕН,,
Лебедев В.И.,ИТМО,ассистент,к.н.
Егоров Г.Н.,ФУПМ,ассистент,
Семенов Д.С.,ФПМИ,,
Егоров И.К.,ФРТ,ассистент,д.н.
Морозов Г.Н.,ФИТ,доцент,
Попов Л.О.,ФИТ,,д.н.
Егоров В.И.,ФИВТ,ассистент,к.н.
Соколов Ж.Р.,ФПМИ,профессор,
Смирнов Д.С.,ФИТ,доцент,
Лебедева К.М.,ИТМО,ассистент,
Новиков И.К.,ФЭТ,,
Попов Д.С.,ФПМИ,,к.н.
Иванов Г.Н.,ФМиЕН,доцент,к.н.
Лебедева Е.П.,ФПМИ,профессор,к.н.
Семенов Г.Н.,ФУПМ,профессор,к.н.
Петров М.Ю.,ФФ,профессор,к.н.
Смирнов И.К.,ФИТ,доцент,к.н.
Козлов М.Ю.,ФУПМ,доцент,к.н.
Иванов А.А.,ФМиМ,доцент,д.н.
Лебедев А.А.,ФИВТ,ассистент,к.н.
Смирнов Б.В.,ФМиЕН,,
Лебедева Г.Н.,ФРТ,доцент,к.н.
Попов Б.В.,ФРТ,доцент,
Сидоров З.Т.,ФМиЕН,профессор,д.н.
Козлов Ж.Р.,ФФ,ассистент,
Лебедева Г.Н.,ИТМО,доцент,д.н.
Попов Г.Н.,ФЭТ,доцент,
Семенов И.К.,ИТМО,доцент,к.н.
Кузнецов Е.П.,ФПМИ,доцент,
Козлов М.Ю.,ФИТ,,
Сидоров А.А.,ФМиМ,доцент,д.н.
Попов Ж.Р.,ФМиЕН,,к.н.
Волков В.И.,ФИТ,профессор,к.н.
Алексеев Ж.Р.,ИТМО,профессор,
Попов М.Ю.,ФЭТ,профессор,
Соколов А.А.,ФИТ,,
Волков В.И.,ФПМИ,профессор,д.н.
Лебедев В.И.,ФУПМ,доцент,к.н.
Егоров Д.С.,ФИВТ,ассистент,д.н.
Иванов М.Ю.,ИТМО,профессор,к.н.
Соколов Д.С.,ФИВТ,ассистент,д.н.
Алексеев В.И.,ИТМО,доцент,к.н.
Петров Л.О.,ФПМИ,профессор,д.н.
Волков Б.В.,ФМиЕН,профессор,
Попов З.Т.,ФЭТ,профессор,к.н.
Семенов И.К.,ФУПМ,,к.н.
Волков Ж.Р.,ФУПМ,профессор,
Волков Г.Н.,ФПМИ,ассистент,д.н.
Смирнов Г.Н.,ФМиМ,доцент,
Сидоров Б.В.,ФИВТ,доцент,д.н.
Волков К.М.,ФЭТ,доцент,к.н.
Сидоров Г.Н.,ФЭТ,ассистент,к.н.
Сидоров В.И.,ИТМО,профессор,к.н.
Семенов Д.С.,ФПМИ,ассистент,
Кузнецов М.Ю.,ФМиМ,,
Соколов Б.В.,ФФ,доцент,к.н.
Волков В.И.,ФРТ,доцент,
Соколов И.К.,ФМиМ,доцент,
Попов К.М.,ИТМО,профессор,
Иванов А.А.,ФРТ,ассистент,к.н.
Морозов Г.Н.,ФИТ,доцент,к.н.
Сидоров А.А.,ФУПМ,профессор,
Алексеев Ж.Р.,ФРТ,доцент,
Кузнецов М.Ю.,ФЭТ,доцент,д.н.
Кузнецов К.М.,ФПМИ,ассистент,к.н.
Новиков Г.Н.,ФЭТ,ассистент,к.н.
Козлов М.Ю.,ФПМИ,профессор,д.н.
Соколов М.Ю.,ФЭТ,профессор,к.н.
Смирнов Е.П.,ФПМИ,,к.н.
Новиков Ж.Р.,ИТМО,ассистент,д.н.
Лебедева Л.О.,ФИВТ,доцент,
Новиков Е.П.,ФИВТ,,
Алексеев З.Т.,ФПМИ,доцент,к.н.
Кузнецов Л.О.,ФРТ,,
Алексеев Д.С.,ФУПМ,ассистент,д.н.
Алексеев Г.Н.,ФФ,ассистент,
Попов В.И.,ФПМИ,доцент,к.н.
Иванов Ж.Р.,ФЭТ,,
Волков Д.С.,ФУПМ,,к.н.
Волков Г.Н.,ФЭТ,ассистент,к.н.
Семенов М.Ю.,ФИВТ,,д.н.
Лебедева Б.В.,ФУПМ,профессор,
Смирнов Б.В.,ФИВТ,,к.н.
Лебедева А.А.,ФМиЕН,доцент,
Сидоров Г.Н.,ФИВТ,,д.н.
Иванов А.А.,ФФ,,к.н.
Кузнецов А.А.,ФРТ,профессор,
Алексеев М.Ю.,ФУПМ,,
Попов Л.О.,ФЭТ,,д.н.
Смирнов А.А.,ФМиМ,,к.н.
Кузнецов Ж.Р.,ФРТ,ассистент,
Соколов Б.В.,ИТМО,профессор,
Семенов Б.В.,ИТМО,доцент,
Соколов Б.В.,ФПМИ,,к.н.
Лебедева К.М.,ФПМИ,,
Семенов Б.В.,ФФ,профессор,к.н.
Новиков В.И.,ФМиМ,профессор,д.н.
Волков Д.С.,ФПМИ,,
Новиков Е.П.,ФПМИ,доцент,к.н.
Смирнов М.Ю.,ФИТ,доцент,д.н.
Семенов Е.П.,ФФ,доцент,
Кузнецов И.К.,ФМиМ,профессор,к.н.
Лебедева К.М.,ФФ,профессор,к.н.
Сидоров К.М.,ФПМИ,доцент,
Семенов М.Ю.,ФИТ,профессор,д.н.
Алексеев Е.П.,ФМиЕН,ассистент,д.н.
Кузнецов Л.О.,ФУПМ,,к.н.
Петров Е.П.,ФФ,доцент,д.н.
Иванов К.М.,ФИТ,ассистент,д.н.
Попов К.М.,ФПМИ,профессор,
Кузнецов Л.О.,ФРТ,профессор,к.н.
Волков И.К.,ФФ,профессор,
Новиков Ж.Р.,ФЭТ,ассистент,к.н.
Семенов И.К.,ФПМИ,профессор,
Новиков М.Ю.,ФУПМ,профессор,д.н.
Иванов А.А.,ФУПМ,профессор,д.н.
Новиков А.А.,ФУПМ,доцент,д.н.
Попов З.Т.,ИТМО,доцент,
Смирнов В.И.,ФЭТ,профессор,
Морозов И.К.,ФМиЕН,ассистент,д.н.
Лебедев Е.П.,ФРТ,ассистент,
Лебедева З.Т.,ФМиМ,доцент,д.н.
Попов Д.С.,ФИТ,ассистент,д.н.
Соколов Ж.Р.,ФПМИ,,к.н.
Козлов А.А.,ФМиМ,доцент,
Семенов М.Ю.,ФПМИ,,д.н.
Смирнов И.К.,ФИВТ,доцент,
Иванов Е.П.,ФФ,доцент,к.н.
Попов А.А.,ФЭТ,,
Сидоров К.М.,ФИТ,профессор,
Алексеев Г.Н.,ФУПМ,профессор,к.н.
Егоров Ж.Р.,ФПМИ,профессор,д.н.
Новиков Г.Н.,ИТМО,профессор,к.н.
Семенов Л.О.,ФИТ,,к.н.
Морозов А.А.,ФИТ,,
Иванов И.К.,ФУПМ,ассистент,
Егоров И.К.,ФМиЕН,доцент,к.н.
Морозов Г.Н.,ФМиЕН,доцент,к.н.
Егоров Л.О.,ИТМО,,
Козлов З.Т.,ФМиЕН,доцент,д.н.
Кузнецов Е.П.,ФИВТ,профессор,д.н.
Волков Л.О.,ФМиМ,доцент,д.н.
Новиков А.А.,ФРТ,ассистент,к.н.
Попов И.К.,ФИТ,профессор,д.н.
Попов А.А.,ФМиЕН,профессор,
Иванов Г.Н.,ИТМО,ассистент,к.н.
Козлов Л.О.,ФМиЕН,,
Козлов М.Ю.,ФФ,ассистент,к.н.
Козлов Ж.Р.,ФИТ,профессор,
Морозов З.Т.,ФМиМ,доцент,
Морозов З.Т.,ФИВТ,,
Смирнов А.А.,ФУПМ,ассистент,
Лебедев К.М.,ФМиЕН,ассистент,к.н.
Попов Д.С.,ФРТ,профессор,
Козлов Л.О.,ФМиМ,профессор,к.н.
Кузнецов Г.Н.,ФЭТ,профессор,
Лебедева М.Ю.,ФИТ,,
Кузнецов В.И.,ФФ,,к.н.
Петров З.Т.,ФПМИ,,к.н.
Новиков Г.Н.,ФИВТ,ассистент,к.н.
Сидоров К.М.,ФМиМ,,д.н.
Козлов М.Ю.,ФФ,ассистент,к.н.
Алексеев Ж.Р.,ИТМО,,
Семенов Е.П.,ФРТ,ассистент,д.н.
Лебедева К.М.,ФЭТ,,
Лебедев Б.В.,ФИТ,профессор,
Морозов Л.О.,ФМиЕН,доцент,д.н.
Кузнецов Ж.Р.,ФУПМ,профессор,к.н.
Соколов Е.П.,ИТМО,профессор,
Козлов Б.В.,ФРТ,профессор,к.н.
Кузнецов Б.В.,ИТМО,ассистент,к.н.
Соколов З.Т.,ФЭТ,доцент,
Лебедева К.М.,ФУПМ,,к.н.
Кузнецов Б.В.,ФЭТ,,к.н.
Волков К.М.,ФИВТ,ассистент,
Петров М.Ю.,ФЭТ,доцент,к.н.
Морозов Д.С.,ФИВТ,профессор,
Попов Д.С.,ФРТ,профессор,д.н.
Лебедев Ж.Р.,ФРТ,профессор,к.н.
Петров К.М.,ФПМИ,,
Иванов Г.Н.,ФУПМ,ассистент,к.н.
Петров Д.С.,ФФ,ассистент,д.н.
Морозов В.И.,ФФ,профессор,
Петров З.Т.,ИТМО,ассистент,д.н.
Новиков Е.П.,ФМиМ,профессор,д.н.
Попов В.И.,ФИВТ,доцент,к.н.
Смирнов И.К.,ФПМИ,профессор,к.н.
Соколов А.А.,ФИТ,ассистент,
Смирнов И.К.,ФИВТ,,д.н.
Кузнецов Л.О.,ФМиЕН,ассистент,
Егоров Л.О.,ФИВТ,профессор,д.н.
Семенов М.Ю.,ФИВТ,,к.н.
Алексеев М.Ю.,ФИВТ,ассистент,
Иванов Д.С.,ФЭТ,ассистент,
Смирнов Е.П.,ФФ,профессор,д.н.
Лебедева Л.О.,ФМиМ,,к.н.
Иванов Г.Н.,ФПМИ,,к.н.
Егоров Д.С.,ФЭТ,ассистент,
Морозов Д.С.,ФПМИ,,к.н.
Козлов А.А.,ФУПМ,ассистент,к.н.
Козлов Е.П.,ФУПМ,,д.н.
Попов Ж.Р.,ФИТ,профессор,д.н.
Иванов Ж.Р.,ФУПМ,доцент,
Новиков И.К.,ФРТ,,
Козлов В.И.,ФИВТ,доцент,
Петров З.Т.,ФИВТ,профессор,д.н.
Петров М.Ю.,ФРТ,доцент,к.н.
Волков К.М.,ФИВТ,,
Алексеев Б.В.,ФПМИ,ассистент,д.н.
Семенов Г.Н.,ФМиМ,,к.н.
Соколов М.Ю.,ФИТ,,к.н.
Попов М.Ю.,ФФ,доцент,д.н.
Волков Д.С.,ИТМО,ассистент,д.н.
Сидоров З.Т.,ФМиМ,,
Семенов Ж.Р.,ФУПМ,профессор,
Семенов И.К.,ФРТ,,
Алексеев З.Т.,ИТМО,профессор,к.н.
Новиков Д.С.,ФИТ,ассистент,
Новиков В.И.,ФИТ,ассистент,д.н.
Иванов М.Ю.,ФМиМ,,д.н.
Соколов К.М.,ФФ,доцент,к.н.
Смирнов Е.П.,ФУПМ,ассистент,д.н.
Семенов Е.П.,ФМиЕН,доцент,к.н.
Сидоров В.И.,ФИВТ,ассистент,
Семенов Г.Н.,ФУПМ,доцент,к.н.
Лебедев Ж.Р.,ФРТ,доцент,д.н.
Сидоров Л.О.,ФРТ,ассистент,
Сидоров К.М.,ФЭТ,профессор,
Смирнов Б.В.,ФМиЕН,,д.н.
Семенов Б.В.,ФИТ,профессор,к.н.
Алексеев К.М.,ФИТ,ассистент,д.н.
Волков Ж.Р.,ФИВТ,,
Попов А.А.,ФИВТ,ассистент,д.н.
Петров Д.С.,ФРТ,профессор,д.н.
Козлов Д.С.,ФФ,доцент,к.н.
Новиков Ж.Р.,ФУПМ,профессор,к.н.
Козлов Ж.Р.,ФРТ,ассистент,
Алексеев Ж.Р.,ФЭТ,профессор,д.н.
Алексеев К.М.,ФУПМ,,к.н.
Иванов Д.С.,ФЭТ,профессор,
Волков Л.О.,ФРТ,ассистент,
Морозов Ж.Р.,ФМиЕН,ассистент,д.н.
Кузнецов И.К.,ИТМО,ассистент,
Волков В.И.,ФИТ,ассистент,к.н.
Волков З.Т.,ФМиМ,профессор,
Егоров Л.О.,ФУПМ,ассистент,к.н.
Попов З.Т.,ФИВТ,профессор,к.н.
Волков К.М.,ФФ,ассистент,
Козлов Л.О.,ФЭТ,доцент,к.н.
Морозов Е.П.,ФРТ,доцент,д.н.
Волков М.Ю.,ФЭТ,,д.н.
Егоров Ж.Р.,ФУПМ,профессор,к.н.
Новиков З.Т.,ФФ,доцент,к.н.
Морозов В.И.,ФМиМ,доцент,
Соколов Б.В.,ФФ,,к.н.
Лебедева Ж.Р.,ИТМО,профессор,д.н.
Лебедев В.И.,ФИТ,ассистент,к.н.
Сидоров А.А.,ФМиЕН,профессор,д.н.
Волков И.К.,ФМиМ,ассистент,д.н.
Лебедев Ж.Р.,ФМиМ,,д.н.
Петров З.Т.,ИТМО,,
Козлов Л.О.,ФИТ,,к.н.
Козлов Г.Н.,ФИВТ,доцент,к.н.
Попов И.К.,ФИТ,ассистент,д.н.
Соколов К.М.,ФУПМ,ассистент,к.н.
Иванов К.М.,ИТМО,ассистент,к.н.
Лебедев Г.Н.,ФФ,ассистент,
Кузнецов А.А.,ФРТ,профессор,
Семенов А.А.,ФЭТ,доцент,
Егоров Д.С.,ФПМИ,доцент,к.н.
Лебедева Л.О.,ИТМО,ассистент,д.н.
Лебедева З.Т.,ФПМИ,,
Волков В.И.,ФРТ,ассистент,к.н.
Егоров М.Ю.,ИТМО,доцент,д.н.
Лебедева В.И.,ФЭТ,профессор,к.н.
Иванов Л.О.,ФИТ,ассистент,д.н.
Иванов И.К.,ФЭТ,,к.н.
Сидоров Е.П.,ФФ,доцент,к.н.
Попов В.И.,ФРТ,,к.н.
Козлов З.Т.,ФПМИ,профессор,д.н.
Петров М.Ю.,ФУПМ,ассистент,к.н.
Соколов И.К.,ФЭТ,профессор,к.н.
Алексеев З.Т.,ФМиЕН,доцент,к.н.
Алексеев Д.С.,ФУПМ,доцент,к.н.
Семенов З.Т.,ФЭТ,доцент,к.н.
Алексеев И.К.,ФФ,ассистент,
Петров Б.В.,ФПМИ,ассистент,к.н.
Лебедев И.К.,ФИТ,доцент,
Козлов Ж.Р.,ФМиМ,доцент,д.н.
Лебедева Е.П.,ФЭТ,профессор,д.н.
Новиков Ж.Р.,ФМиЕН,доцент,д.н.
Петров З.Т.,ФРТ,профессор,д.н.
Лебедев К.М.,ФИВТ,профессор,к.н.
Алексеев В.И.,ФМиМ,доцент,д.н.
Сидоров Д.С.,ФРТ,профессор,к.н.
Новиков З.Т.,ФЭТ,ассистент,
Лебедева Л.О.,ФИВТ,ассистент,
Иванов К.М.,ФМиМ,профессор,д.н.
Козлов Г.Н.,ФМиМ,ассистент,к.н.
Кузнецов А.А.,ФФ,доцент,
Козлов Д.С.,ИТМО,,
Кузнецов В.И.,ФФ,,д.н.
Петров Д.С.,ФЭТ,,к.н.
Морозов Д.С.,ФМиЕН,профессор,д.н.
Соколов И.К.,ФПМИ,профессор,
Новиков Е.П.,ИТМО,доцент,к.н.
Егоров И.К.,ФПМИ,доцент,к.н.
Иванов К.М.,ФИТ,,
Лебедев И.К.,ФФ,профессор,д.н.
Соколов В.И.,ФРТ,доцент,к.н.
Иванов Е.П.,ФИВТ,ассистент,д.н.
Морозов М.Ю.,ФИТ,доцент,
Иванов К.М.,ФМиЕН,профессор,
Смирнов З.Т.,ФИВТ,профессор,д.н.
Семенов И.К.,ФУПМ,ассистент,д.н.
Егоров Д.С.,ФФ,ассистент,
Волков И.К.,ФФ,,д.н.
Смирнов И.К.,ИТМО,профессор,
Новиков Ж.Р.,ФПМИ,доцент,к.н.
Иванов Г.Н.,ФМиЕН,,
Егоров Б.В.,ФПМИ,ассистент,к.н.
Иванов Е.П.,ИТМО,ассистент,д.н.
Семенов Л.О.,ФИВТ,,д.н.
Алексеев Л.О.,ФМиЕН,,д.н.
Иванов Г.Н.,ФЭТ,,
Козлов Д.С.,ФИТ,ассистент,
Лебедев А.А.,ФИВТ,ассистент,
Егоров З.Т.,ФПМИ,профессор,к.н.
Лебедев Л.О.,ФМиЕН,доцент,к.н.
Иванов Д.С.,ФФ,ассистент,к.н.
Смирнов Б.В.,ФИВТ,доцент,д.н.
Иванов Д.С.,ФЭТ,,д.н.
Сидоров Д.С.,ФЭТ,профессор,
Егоров Д.С.,ИТМО,ассистент,д.н.
Лебедева К.М.,ФЭТ,профессор,
Волков З.Т.,ФИТ,ассистент,
Морозов Ж.Р.,ФПМИ,,д.н.
Семенов Д.С.,ФИВТ,,к.н.
Козлов Г.Н.,ФРТ,профессор,д.н.
Кузнецов В.И.,ФИТ,доцент,
Лебедев М.Ю.,ФФ,доцент,к.н.
Семенов В.И.,ФИВТ,,к.н.
Семенов А.А.,ФИВТ,ассистент,к.н.
Сидоров Г.Н.,ФУПМ,,к.н.
Петров В.И.,ФЭТ,профессор,
Сидоров Е.П.,ФИВТ,доцент,к.н.
Морозов В.И.,ФМиМ,ассистент,д.н.
Лебедев З.Т.,ФИТ,доцент,
Сидоров К.М.,ФФ,,д.н.
Новиков Б.В.,ФИВТ,профессор,к.н.
Соколов Д.С.,ФФ,профессор,д.н.
Соколов А.А.,ФФ,ассистент,
Попов Г.Н.,ФРТ,профессор,д.н.
Соколов К.М.,ИТМО,доцент,к.н.
Сидоров Б.В.,ФМиМ,ассистент,к.н.
Алексеев Б.В.,ФПМИ,ассистент,
Петров М.Ю.,ФИТ,профессор,к.н.
Кузнецов Ж.Р.,ФФ,доцент,к.н.
Алексеев М.Ю.,ФИВТ,,д.н.
Лебедев Л.О.,ФМиЕН,доцент,д.н.
Егоров Ж.Р.,ФМиЕН,,д.н.
Лебедева Г.Н.,ФУПМ,профессор,д.н.
Иванов Л.О.,ИТМО,ассистент,
Егоров Д.С.,ФМиЕН,ассистент,
Новиков М.Ю.,ФУПМ,ассистент,д.н.
Смирнов М.Ю.,ФМиМ,профессор,д.н.
Лебедев И.К.,ФЭТ,ассистент,д.н.
Смирнов Б.В.,ФФ,ассистент,
Морозов Е.П.,ФМиМ,ассистент,д.н.
Кузнецов Е.П.,ФФ,профессор,
Лебедев Е.П.,ФФ,,д.н.
Семенов Д.С.,ФМиЕН,,
Егоров Г.Н.,ФУПМ,доцент,к.н.
Волков М.Ю.,ФИТ,доцент,к.н.
Петров В.И.,ФЭТ,ассистент,
Лебедев Л.О.,ФУПМ,,к.н.
Семенов В.И.,ФИТ,доцент,
Иванов Д.С.,ФРТ,доцент,
Попов К.М.,ФФ,доцент,
Петров А.А.,ИТМО,ассистент,к.н.
Попов В.И.,ФМиМ,,д.н.
Новиков В.И.,ФМиМ,,к.н.
Иванов А.А.,ФЭТ,профессор,к.н.
Лебедев Б.В.,ФИВТ,доцент,к.н.
Смирнов Л.О.,ФЭТ,,к.н.
Новиков Д.С.,ФПМИ,ассистент,
Соколов А.А.,ФМиЕН,,к.н.
Лебедев Л.О.,ФРТ,доцент,
Егоров Г.Н.,ФРТ,ассистент,к.н.
Егоров К.М.,ФРТ,,к.н.
Егоров Е.П.,ФМиЕН,профессор,
Лебедев Б.В.,ФРТ,профессор,д.н.
Лебедев В.И.,ФФ,,д.н.
Семенов И.К.,ИТМО,ассистент,
Волков Е.П.,ФУПМ,,д.н.
Волков А.А.,ФИВТ,профессор,д.н.
Лебедев Л.О.,ФМиЕН,доцент,д.н.
Кузнецов К.М.,ИТМО,,
Лебедев Е.П.,ФФ,,д.н.
Иванов А.А.,ФРТ,,к.н.
Соколов В.И.,ФМиМ,профессор,
Алексеев Ж.Р.,ФИТ,ассистент,к.н.
Кузнецов В.И.,ИТМО,доцент,д.н.
Иванов Л.О.,ФФ,профессор,к.н.
Петров Е.П.,ИТМО,доцент,
Попов К.М.,ИТМО,,к.н.
Лебедев И.К.,ФЭТ,доцент,
Алексеев Д.С.,ФПМИ,профессор,д.н.
Козлов Б.В.,ФПМИ,профессор,
Попов Л.О.,ФМиЕН,,д.н.
Семенов Б.В.,ФЭТ,ассистент,
Сидоров М.Ю.,ИТМО,,д.н.
Семенов Е.П.,ФФ,профессор,д.н.
Соколов Л.О.,ФЭТ,профессор,д.н.
Волков М.Ю.,ФЭТ,доцент,д.н.
Кузнецов Д.С.,ИТМО,доцент,к.н.
Лебедев Л.О.,ФУПМ,ассистент,
Лебедев В.И.,ФПМИ,ассистент,д.н.
Алексеев Д.С.,ФМиМ,доцент,к.н.
Иванов М.Ю.,ФУПМ,ассистент,д.н.
Новиков И.К.,ИТМО,доцент,к.н.
Петров З.Т.,ФУПМ,профессор,
Лебедева Д.С.,ИТМО,профессор,д.н.
Волков М.Ю.,ФИТ,доцент,д.н.
Кузнецов Г.Н.,ФМиЕН,профессор,
Кузнецов Б.В.,ФМиМ,доцент,
Смирнов Д.С.,ФИВТ,доцент,к.н.
Сидоров З.Т.,ФМиМ,доцент,к.н.
Соколов Д.С.,ФРТ,ассистент,к.н.
Попов А.А.,ФМиМ,доцент,д.н.
Попов М.Ю.,ФПМИ,,к.н.
Соколов И.К.,ФИВТ,доцент,
Козлов Д.С.,ФЭТ,,к.н.
Сидоров Б.В.,ФУПМ,ассистент,к.н.
Петров К.М.,ИТМО,ассистент,
Новиков Ж.Р.,ФИТ,ассистент,
Лебедева Б.В.,ФМиМ,доцент,
Волков Г.Н.,ИТМО,доцент,д.н.
Волков М.Ю.,ФФ,доцент,
Иванов З.Т.,ФЭТ,доцент,д.н.
Семенов И.К.,ФИТ,доцент,д.н.
Козлов Б.В.,ФИТ,профессор,
Алексеев И.К.,ФФ,ассистент,
Волков Л.О.,ФЭТ,,к.н.
Лебедева Ж.Р.,ФПМИ,,
Козлов И.К.,ФЭТ,,к.н.
Егоров В.И.,ФИВТ,,д.н.
Лебедева Б.В.,ФЭТ,,
Соколов Г.Н.,ФУПМ,ассистент,к.н.
Егоров К.М.,ФИТ,ассистент,д.н.
Иванов М.Ю.,ФМиМ,профессор,д.н.
Иванов М.Ю.,ФЭТ,ассистент,д.н.
Петров Б.В.,ФИТ,ассистент,д.н.
Лебедева М.Ю.,ФПМИ,доцент,к.н.
Новиков Б.В.,ФПМИ,профессор,д.н.
Кузнецов Г.Н.,ИТМО,доцент,
Егоров К.М.,ФИВТ,ассистент,к.н.
Сидоров Л.О.,ФЭТ,,
Сидоров Ж.Р.,ФПМИ,доцент,к.н.
Морозов К.М.,ФЭТ,ассистент,д.н.
Попов Е.П.,ФПМИ,профессор,
Соколов Е.П.,ФЭТ,ассистент,к.н.
Козлов Д.С.,ФУПМ,профессор,к.н.
Волков Б.В.,ФЭТ,,д.н.
Смирнов А.А.,ФМиЕН,профессор,д.н.
Иванов Е.П.,ФПМИ,,
Сидоров З.Т.,ИТМО,,д.н.
Лебедев И.К.,ФИТ,профессор,
Алексеев Л.О.,ФУПМ,доцент,
Новиков Л.О.,ФРТ,,д.н.
Попов Л.О.,ФИВТ,доцент,д.н.
Петров З.Т.,ИТМО,,
Новиков Е.П.,ФМиМ,,
Сидоров Ж.Р.,ФМиМ,профессор,к.н.
Иванов Е.П.,ФИВТ,профессор,
Козлов М.Ю.,ФИТ,доцент,к.н.
Кузнецов А.А.,ФМиЕН,профессор,д.н.
Новиков А.А.,ФИТ,ассистент,
Волков Г.Н.,ФУПМ,ассистент,
Семенов Б.В.,ФИТ,,к.н.
Семенов З.Т.,ФУПМ,ассистент,к.н.
Семенов М.Ю.,ФМиЕН,доцент,
Егоров Ж.Р.,ФФ,профессор,к.н.
Егоров К.М.,ФФ,доцент,д.н.
Семенов А.А.,ФЭТ,ассистент,д.н.
Соколов Г.Н.,ФПМИ,,
Козлов Е.П.,ФМиМ,доцент,
Егоров Ж.Р.,ФМиМ,ассистент,д.н.
Сидоров Ж.Р.,ФФ,профессор,д.н.
Семенов Г.Н.,ФИВТ,доцент,к.н.
Морозов Г.Н.,ФФ,профессор,к.н.
Сидоров Л.О.,ФУПМ,профессор,к.н.
Смирнов Д.С.,ФУПМ,профессор,к.н.
Морозов З.Т.,ФПМИ,профессор,к.н.
Алексеев Г.Н.,ФМиЕН,доцент,к.н.
Морозов Г.Н.,ФМиМ,ассистент,к.н.
Смирнов В.И.,ФПМИ,,
Новиков Б.В.,ФРТ,доцент,д.н.
Новиков З.Т.,ФИВТ,,д.н.
Волков Д.С.,ФУПМ,ассистент,
Лебедева К.М.,ФПМИ,,
Морозов Д.С.,ФПМИ,доцент,д.н.
Егоров Ж.Р.,ФУПМ,ассистент,
Морозов В.И.,ФФ,доцент,
Волков Л.О.,ФИВТ,доцент,к.н.
Семенов М.Ю.,ФЭТ,,к.н.
Алексеев Ж.Р.,ФУПМ,,к.н.
Сидоров М.Ю.,ФЭТ,доцент,
Егоров Б.В.,ФУПМ,,д.н.
Морозов Е.П.,ФУПМ,доцент,д.н.
Соколов Д.С.,ФЭТ,профессор,к.н.
Кузнецов Г.Н.,ФЭТ,ассистент,
Семенов Д.С.,ФЭТ,доцент,к.н.
Козлов Ж.Р.,ФИТ,профессор,д.н.
Смирнов Ж.Р.,ФУПМ,,
Смирнов М.Ю.,ФПМИ,ассистент,д.н.
Петров И.К.,ФРТ,ассистент,
Соколов Ж.Р.,ФМиЕН,доцент,
Кузнецов М.Ю.,ФФ,,д.н.
Новиков Е.П.,ФФ,,д.н.
Петров В.И.,ИТМО,ассистент,д.н.
Семенов Л.О.,ФФ,профессор,
Волков В.И.,ФРТ,доцент,к.н.
Попов М.Ю.,ФИВТ,,
Сидоров Ж.Р.,ИТМО,профессор,
Соколов Д.С.,ФМиМ,профессор,
Козлов Ж.Р.,ФИВТ,доцент,
Новиков К.М.,ФРТ,доцент,
Алексеев Д.С.,ФИТ,ассистент,к.н.
Морозов Д.С.,ФУПМ,профессор,
Волков Е.П.,ФЭТ,ассистент,
Морозов Ж.Р.,ФИВТ,доцент,д.н.
Егоров И.К.,ИТМО,,
Иванов Л.О.,ФУПМ,доцент,
Смирнов К.М.,ИТМО,,
Новиков Е.П.,ФРТ,профессор,
Морозов К.М.,ФИВТ,профессор,д.н.
Петров К.М.,ФМиЕН,,к.н.
Волков К.М.,ФРТ,профессор,к.н.
Козлов И.К.,ФМиЕН,,
Лебедев А.А.,ФМиМ,ассистент,д.н.
Соколов А.А.,ФПМИ,профессор,
Новиков Е.П.,ФМиМ,доцент,к.н.
Алексеев Г.Н.,ФЭТ,ассистент,д.н.
Попов Д.С.,ФМиМ,ассистент,к.н.
Иванов Л.О.,ФИТ,,
Волков Л.О.,ФУПМ,доцент,к.н.
Егоров И.К.,ФМиЕН,ассистент,к.н.
Алексеев И.К.,ФИТ,доцент,
Семенов Г.Н.,ИТМО,,
Козлов К.М.,ФИТ,доцент,д.н.
Волков А.А.,ФЭТ,доцент,
Волков И.К.,ФПМИ,ассистент,д.н.
Семенов К.М.,ФМиЕН,профессор,к.н.
Смирнов И.К.,ФМиЕН,профессор,д.н.
Петров Г.Н.,ФМиМ,доцент,
Козлов Л.О.,ФИТ,,
Смирнов И.К.,ФИВТ,доцент,
Петров Л.О.,ФРТ,ассистент,д.н.
Петров И.К.,ФРТ,профессор,д.н.
Морозов В.И.,ФИВТ,доцент,д.н.
Семенов Ж.Р.,ФИТ,,к.н.
Морозов Б.В.,ФЭТ,доцент,д.н.
Семенов Л.О.,ФРТ,ассистент,д.н.
Попов Г.Н.,ФФ,профессор,к.н.
Смирнов Е.П.,ФРТ,ассистент,д.н.
Соколов К.М.,ФМиМ,профессор,д.н.
Соколов Л.О.,ФРТ,профессор,
Волков Г.Н.,ФРТ,ассистент,к.н.
Волков И.К.,ФМиМ,,д.н.
Морозов З.Т.,ФИВТ,,к.н.
Егоров З.Т.,ФЭТ,ассистент,
Сидоров Ж.Р.,ФИТ,профессор,
Волков К.М.,ФМиЕН,профессор,д.н.
Смирнов Б.В.,ФПМИ,профессор,д.н.
Петров Е.П.,ФРТ,ассистент,к.н.
Соколов В.И.,ФМиМ,профессор,
Новиков Ж.Р.,ФУПМ,доцент,д.н.
Алексеев М.Ю.,ИТМО,,д.н.
Лебедев К.М.,ФИВТ,,к.н.
Новиков М.Ю.,ФМиЕН,доцент,к.н.
Сидоров Д.С.,ФПМИ,ассистент,д.н.
Лебедев Л.О.,ФМиМ,профессор,д.н.
Морозов Л.О.,ФУПМ,доцент,к.н.
Егоров К.М.,ИТМО,,д.н.
Новиков М.Ю.,ФУПМ,доцент,д.н.
Алексеев З.Т.,ФРТ,профессор,
Морозов Л.О.,ФИТ,доцент,д.н.
Морозов Д.С.,ФУПМ,профессор,д.н.
Сидоров З.Т.,ФЭТ,доцент,к.н.
Сидоров Б.В.,ФФ,,
Иванов Б.В.,ФПМИ,доцент,
Егоров И.К.,ИТМО,профессор,
Лебедева З.Т.,ФУПМ,профессор,д.н.
Сидоров А.А.,ФУПМ,доцент,к.н.
Смирнов Г.Н.,ФУПМ,доцент,д.н.
Семенов Ж.Р.,ФИТ,,
Волков А.А.,ФУПМ,ассистент,д.н.
Волков К.М.,ФМиМ,профессор,
Семенов Е.П.,ФИТ,ассистент,к.н.
Егоров З.Т.,ФРТ,профессор,д.н.
Лебедева Л.О.,ИТМО,доцент,д.н.
Егоров А.А.,ФФ,ассистент,д.н.
Морозов Л.О.,ФИТ,,к.н.
Алексеев Е.П.,ФИТ,доцент,
Волков В.И.,ФУПМ,,д.н.
Кузнецов Е.П.,ФЭТ,профессор,к.н.
Смирнов М.Ю.,ФЭТ,ассистент,
Волков Ж.Р.,ФИТ,ассистент,
Волков К.М.,ФМиЕН,доцент,д.н.
Петров Г.Н.,ФРТ,профессор,д.н.
Волков Ж.Р.,ФМиЕН,доцент,
Соколов В.И.,ФУПМ,ассистент,
Кузнецов Б.В.,ФИВТ,,к.н.
Алексеев Б.В.,ФРТ,ассистент,
Волков К.М.,ИТМО,профессор,к.н.
Смирнов И.К.,ФЭТ,,д.н.
Семенов Б.В.,ИТМО,,
Волков К.М.,ФМиЕН,,к.н.
Алексеев А.А.,ФМиМ,профессор,
Алексеев В.И.,ФМиМ,доцент,д.н.
Попов М.Ю.,ФИВТ,ассистент,д.н.
Морозов Ж.Р.,ФМиМ,ассистент,
Иванов В.И.,ФЭТ,ассистент,
Алексеев В.И.,ФУПМ,доцент,
Егоров К.М.,ФМиЕН,доцент,
Лебедев Е.П.,ФИТ,профессор,д.н.
Сидоров Г.Н.,ФПМИ,ассистент,д.н.
Соколов Б.В.,ФМиМ,ассистент,д.н.
Новиков В.И.,ФФ,доцент,
Морозов Е.П.,ФРТ,профессор,
Сидоров Ж.Р.,ФИВТ,доцент,д.н.
Смирнов Г.Н.,ФФ,,д.н.
Морозов Л.О.,ФИТ,профессор,д.н.
Лебедева И.К.,ФМиМ,,к.н.
Егоров Г.Н.,ФЭТ,профессор,д.н.
Иванов В.И.,ФФ,ассистент,к.н.
Лебедева Ж.Р.,ФРТ,доцент,д.н.
Смирнов А.А.,ФИВТ,ассистент,к.н.
Новиков Д.С.,ФМиМ,доцент,к.н.
Новиков Е.П.,ФУПМ,профессор,д.н.
Петров А.А.,ФМиЕН,профессор,к.н.
Егоров Л.О.,ФИВТ,профессор,д.н.
Петров Е.П.,ФУПМ,профессор,к.н.
Новиков Б.В.,ФРТ,профессор,д.н.
Смирнов В.И.,ФУПМ,ассистент,к.н.
Иванов В.И.,ФУПМ,,д.н.
Семенов И.К.,ИТМО,,к.н.
Кузнецов М.Ю.,ФУПМ,доцент,д.н.
Соколов Б.В.,ФФ,доцент,к.н.
Алексеев В.И.,ФМиЕН,,
Иванов В.И.,ФПМИ,,
Волков Г.Н.,ФМиМ,доцент,
Егоров А.А.,ФМиЕН,профессор,д.н.
Попов Г.Н.,ФУПМ,профессор,д.н.
Новиков М.Ю.,ФМиМ,ассистент,
Кузнецов Д.С.,ФМиМ,доцент,
Морозов Е.П.,ФРТ,ассистент,д.н.
Сидоров И.К.,ФРТ,профессор,к.н.
Лебедева М.Ю.,ФУПМ,,д.н.
Морозов Б.В.,ФМиМ,ассистент,к.н.
Алексеев Д.С.,ФИВТ,профессор,д.н.
Семенов Е.П.,ФПМИ,доцент,д.н.
Волков К.М.,ФПМИ,,к.н.
Смирнов Ж.Р.,ИТМО,доцент,д.н.
Семенов Ж.Р.,ФМиЕН,профессор,к.н.
Морозов Д.С.,ФУПМ,ассистент,к.н.
Попов З.Т.,ФПМИ,профессор,д.н.
Соколов Б.В.,ФИВТ,доцент,
Иванов Г.Н.,ФФ,доцент,
Петров Д.С.,ФИТ,доцент,д.н.
Кузнецов Ж.Р.,ФУПМ,профессор,
Козлов Л.О.,ФИТ,,к.н.
Лебедева Д.С.,ФИТ,ассистент,д.н.
Егоров Д.С.,ФМиЕН,профессор,к.н.
Новиков Л.О.,ФИТ,,к.н.
Попов Ж.Р.,ФУПМ,профессор,к.н.
Егоров М.Ю.,ФМиМ,ассистент,
Новиков М.Ю.,ИТМО,ассистент,к.н.
Лебедева З.Т.,ФФ,,д.н.
Сидоров К.М.,ФИТ,,д.н.
Петров М.Ю.,ФФ,,д.н.
Козлов З.Т.,ФЭТ,ассистент,к.н.
Лебедев Б.В.,ФРТ,ассистент,д.н.
Козлов Ж.Р.,ФФ,профессор,к.н.
Волков Д.С.,ФУПМ,доцент,
Алексеев Е.П.,ФЭТ,доцент,д.н.
Сидоров Б.В.,ФЭТ,профессор,
Козлов И.К.,ФИВТ,доцент,
Сидоров Л.О.,ФМиМ,,д.н.
Новиков Е.П.,ФУПМ,доцент,д.н.
Егоров К.М.,ФМиЕН,,к.н.
Петров Е.П.,ФЭТ,профессор,д.н.
Соколов А.А.,ФУПМ,,
Кузнецов Е.П.,ФМиМ,доцент,к.н.
Сидоров М.Ю.,ФМиЕН,ассистент,д.н.
Алексеев Г.Н.,ФЭТ,профессор,д.н.
Попов И.К.,ФРТ,,к.н.
Смирнов З.Т.,ФФ,ассистент,д.н.
Сидоров К.М.,ИТМО,,д.н.
Лебедева В.И.,ФУПМ,профессор,
Сидоров Г.Н.,ИТМО,профессор,к.н.
Попов З.Т.,ФРТ,доцент,к.н.
Егоров Д.С.,ФФ,доцент,д.н.
Лебедева Л.О.,ИТМО,ассистент,
Семенов Е.П.,ФУПМ,,к.н.
Соколов Г.Н.,ФФ,профессор,
Петров Г.Н.,ФМиМ,доцент,к.н.
Сидоров Е.П.,ИТМО,ассистент,к.н.
Попов Л.О.,ФПМИ,,д.н.
Соколов Г.Н.,ФФ,профессор,д.н.
Иванов Г.Н.,ФУПМ,,д.н.
Козлов Ж.Р.,ФФ,,
Козлов В.И.,ФФ,доцент,к.н.
Соколов Ж.Р.,ФМиМ,доцент,
Петров К.М.,ФИТ,,д.н.
Соколов К.М.,ФМиМ,доцент,к.н.
Сидоров З.Т.,ФПМИ,профессор,д.н.
Новиков Е.П.,ФРТ,,к.н.
Егоров И.К.,ФЭТ,доцент,д.н.
Попов Л.О.,ФПМИ,ассистент,к.н.
Кузнецов К.М.,ИТМО,,д.н.
Семенов Л.О.,ИТМО,,
Лебедева А.А.,ФИВТ,,д.н.
Соколов А.А.,ФУПМ,профессор,д.н.
Кузнецов Л.О.,ФИВТ,профессор,к.н.
Смирнов Д.С.,ИТМО,,д.н.
Лебедева И.К.,ФИВТ,ассистент,
Кузнецов К.М.,ФУПМ,доцент,
Новиков А.А.,ФРТ,профессор,
Соколов Б.В.,ФМиМ,ассистент,д.н.
Петров В.И.,ФМиЕН,,д.н.
Петров И.К.,ФФ,доцент,д.н.
Смирнов М.Ю.,ИТМО,доцент,д.н.
Волков К.М.,ФМиМ,доцент,д.н.
Козлов Г.Н.,ФИТ,,к.н.
Лебедева Д.С.,ФМиМ,профессор,д.н.
Семенов Л.О.,ФПМИ,профессор,к.н.
Семенов А.А.,ФРТ,,д.н.
Семенов А.А.,ФМиЕН,,д.н.
Алексеев А.А.,ИТМО,,д.н.
Сидоров М.Ю.,ФИВТ,ассистент,д.н.
Кузнецов И.К.,ФМиЕН,доцент,к.н.
Волков Л.О.,ФФ,доцент,
Семенов Д.С.,ФМиЕН,профессор,
Соколов М.Ю.,ФРТ,доцент,к.н.
Иванов Д.С.,ФРТ,доцент,
Семенов А.А.,ФМиЕН,профессор,д.н.
Семенов Г.Н.,ИТМО,,
Лебедев Л.О.,ФУПМ,доцент,д.н.
Лебедева Д.С.,ФМиМ,ассистент,к.н.
Попов Д.С.,ФИВТ,ассистент,к.н.
Алексеев И.К.,ФУПМ,профессор,к.н.
Иванов Д.С.,ФИВТ,профессор,к.н.
Сидоров К.М.,ФИВТ,доцент,
Лебедев З.Т.,ФПМИ,,д.н.
Кузнецов К.М.,ФИВТ,,к.н.
Морозов А.А.,ФФ,профессор,
Семенов И.К.,ФРТ,ассистент,д.н.
Егоров З.Т.,ФЭТ,,к.н.
Сидоров Б.В.,ФМиМ,доцент,к.н.
Егоров В.И.,ФМиЕН,ассистент,
Лебедева А.А.,ФИТ,,к.н.
Лебедева Ж.Р.,ФУПМ,ассистент,д.н.
Попов Ж.Р.,ФИВТ,,
Новиков В.И.,ФПМИ,профессор,к.н.
Морозов А.А.,ФМиЕН,профессор,д.н.
Алексеев З.Т.,ФФ,,д.н.
Козлов В.И.,ФИТ,доцент,к.н.
Попов Г.Н.,ФФ,,
Новиков М.Ю.,ФРТ,,д.н.
Лебедев З.Т.,ФУПМ,ассистент,к.н.
Алексеев И.К.,ФМиЕН,ассистент,д.н.
Волков К.М.,ФПМИ,,к.н.
Сидоров Л.О.,ФПМИ,,д.н.
Сидоров И.К.,ФМиЕН,профессор,
Волков Е.П.,ФУПМ,доцент,
Козлов В.И.,ФИВТ,,к.н.
Новиков К.М.,ФПМИ,ассистент,д.н.
Сидоров М.Ю.,ИТМО,ассистент,д.н.
Сидоров К.М.,ФРТ,профессор,к.н.
Егоров И.К.,ФРТ,ассистент,
Семенов Д.С.,ФРТ,доцент,к.н.
Волков Ж.Р.,ФИТ,доцент,к.н.
Лебедев Ж.Р.,ФПМИ,профессор,
Новиков Е.П.,ФПМИ,ассистент,
Соколов А.А.,ФМиМ,доцент,к.н.
Иванов Г.Н.,ФИТ,доцент,
Волков Д.С.,ФМиМ,,к.н.
Сидоров Б.В.,ФУПМ,профессор,д.н.
Иванов Г.Н.,ФПМИ,ассистент,д.н.
Кузнецов Л.О.,ФЭТ,доцент,д.н.
Егоров Е.П.,ФУПМ,ассистент,к.н.
Попов А.А.,ФЭТ,профессор,д.н.
Лебедев А.А.,ФПМИ,профессор,
Соколов Б.В.,ФМиМ,профессор,к.н.
Алексеев И.К.,ИТМО,ассистент,к.н.
Егоров З.Т.,ФИВТ,профессор,
Морозов З.Т.,ИТМО,ассистент,д.н.
Кузнецов З.Т.,ФФ,,к.н.
Морозов И.К.,ФМиЕН,,к.н.
Лебедев А.А.,ФМиЕН,,
Лебедев Л.О.,ФМиЕН,,д.н.
Козлов Г.Н.,ИТМО,ассистент,
Лебедева Л.О.,ФРТ,,
Новиков И.К.,ФИВТ,,д.н.
Волков Е.П.,ФМиЕН,профессор,
Егоров Ж.Р.,ИТМО,,
Петров Е.П.,ФИТ,профессор,
Новиков И.К.,ФПМИ,доцент,
Соколов К.М.,ФЭТ,доцент,д.н.
Алексеев М.Ю.,ФИВТ,ассистент,
Кузнецов З.Т.,ФЭТ,ассистент,к.н.
Иванов Б.В.,ИТМО,,
Лебедева А.А.,ФУПМ,,к.н.
Козлов Л.О.,ФУПМ,ассистент,к.н.
Козлов Б.В.,ФМиЕН,ассистент,
Попов К.М.,ИТМО,ассистент,д.н.
Петров А.А.,ФУПМ,профессор,к.н.
Новиков К.М.,ФМиМ,,к.н.
Семенов Л.О.,ФПМИ,,
Кузнецов Л.О.,ФФ,доцент,к.н.
Волков К.М.,ФЭТ,доцент,
Новиков К.М.,ФРТ,ассистент,
Смирнов Г.Н.,ФМиМ,,
Морозов Л.О.,ФИТ,профессор,к.н.
Егоров З.Т.,ИТМО,,к.н.
Алексеев Г.Н.,ФЭТ,,к.н.
Попов Л.О.,ФИТ,ассистент,д.н.
Морозов М.Ю.,ФФ,профессор,
Лебедев З.Т.,ФЭТ,,
Лебедева И.К.,ФМиЕН,,к.н.
Смирнов Д.С.,ФРТ,ассистент,
Соколов Ж.Р.,ФФ,доцент,
Сидоров Г.Н.,ИТМО,,
Лебедев И.К.,ФЭТ,профессор,
Смирнов В.И.,ФМиМ,,д.н.
Алексеев В.И.,ФИТ,ассистент,к.н.
Волков М.Ю.,ФИТ,доцент,к.н.
Егоров Б.В.,ФПМИ,профессор,д.н.
Семенов К.М.,ИТМО,,к.н.
Кузнецов К.М.,ФМиМ,ассистент,
Соколов Ж.Р.,ФИВТ,,к.н.
Новиков З.Т.,ФЭТ,доцент,д.н.
Лебедев Ж.Р.,ИТМО,,
Кузнецов В.И.,ФИВТ,ассистент,д.н.
Алексеев М.Ю.,ФРТ,,
Морозов М.Ю.,ФИТ,,
Соколов Ж.Р.,ФИВТ,доцент,
Лебедев К.М.,ИТМО,доцент,д.н.
Алексеев Б.В.,ФУПМ,доцент,
Алексеев Г.Н.,ФУПМ,профессор,д.н.
Кузнецов М.Ю.,ФИТ,ассистент,
Соколов Л.О.,ФИВТ,,
Соколов З.Т.,ФРТ,профессор,
Алексеев К.М.,ФРТ,профессор,д.н.
Сидоров Б.В.,ФПМИ,профессор,д.н.
Смирнов Д.С.,ФФ,профессор,д.н.
Кузнецов Л.О.,ФИТ,ассистент,д.н.
Кузнецов З.Т.,ФЭТ,доцент,к.н.
Соколов Б.В.,ФИТ,ассистент,к.н.
Волков Г.Н.,ФУПМ,профессор,
Смирнов К.М.,ФМиМ,доцент,к.н.
Петров Д.С.,ФУПМ,профессор,д.н.
Семенов Е.П.,ФРТ,ассистент,к.н.
Егоров Б.В.,ИТМО,ассистент,
Морозов З.Т.,ФФ,доцент,к.н.
Лебедева З.Т.,ФИТ,,к.н.
Новиков Е.П.,ФПМИ,профессор,
Смирнов З.Т.,ФУПМ,доцент,
Волков Д.С.,ФФ,ассистент,
Кузнецов Л.О.,ФИТ,профессор,к.н.
Морозов А.А.,ФЭТ,профессор,д.н.
Петров А.А.,ФМиМ,ассистент,к.н.
Лебедева Ж.Р.,ФПМИ,профессор,к.н.
Соколов И.К.,ФУПМ,профессор,д.н.
Попов Б.В.,ФЭТ,доцент,
Сидоров К.М.,ФУПМ,,к.н.
Лебедев Л.О.,ФУПМ,ассистент,к.н.
Семенов Г.Н.,ФПМИ,ассистент,к.н.
Егоров И.К.,ФУПМ,ассистент,
Петров Ж.Р.,ФРТ,,д.н.
Смирнов Л.О.,ФИВТ,профессор,д.н.
Алексеев Ж.Р.,ФРТ,ассистент,к.н.
Козлов А.А.,ФУПМ,,
Лебедев Ж.Р.,ФРТ,доцент,к.н.
Кузнецов Л.О.,ФМиЕН,,к.н.
Лебедева Г.Н.,ИТМО,доцент,
Сидоров Е.П.,ФРТ,профессор,д.н.
Егоров З.Т.,ФМиЕН,ассистент,к.н.
Новиков Ж.Р.,ФЭТ,профессор,к.н.
Лебедева Б.В.,ФФ,ассистент,
Петров Ж.Р.,ФРТ,ассистент,к.н.
Егоров Б.В.,ФЭТ,,
Соколов Л.О.,ИТМО,ассистент,
Лебедев Л.О.,ФМиМ,ассистент,д.н.
Новиков В.И.,ФРТ,,
Егоров Г.Н.,ФМиЕН,профессор,д.н.
Семенов З.Т.,ФРТ,,
Морозов М.Ю.,ФЭТ,ассистент,д.н.
Семенов А.А.,ИТМО,доцент,
Волков В.И.,ФИТ,доцент,к.н.
Алексеев З.Т.,ФМиМ,ассистент,
Новиков К.М.,ИТМО,профессор,к.н.
Сидоров Л.О.,ФПМИ,,к.н.
Иванов В.И.,ФФ,профессор,к.н.
Волков Б.В.,ФЭТ,профессор,д.н.
Лебедева Д.С.,ИТМО,доцент,
Сидоров Д.С.,ФПМИ,доцент,
Соколов Г.Н.,ФМиМ,доцент,д.н.
Петров Е.П.,ФФ,доцент,
Кузнецов Ж.Р.,ИТМО,профессор,к.н.
Сидоров Е.П.,ФИТ,доцент,
Алексеев Г.Н.,ФИТ,доцент,д.н.
Лебедев В.И.,ФФ,доцент,д.н.
Сидоров А.А.,ФИТ,доцент,
Смирнов Г.Н.,ФРТ,ассистент,к.н.
Волков М.Ю.,ФМиМ,доцент,
Соколов А.А.,ФИВТ,ассистент,
Кузнецов К.М.,ФИВТ,,к.н.
Волков Е.П.,ФИВТ,,д.н.
Алексеев Л.О.,ИТМО,ассистент,к.н.
Иванов А.А.,ФЭТ,ассистент,к.н.
Егоров Ж.Р.,ФРТ,профессор,д.н.
Петров Д.С.,ФЭТ,,
Егоров К.М.,ИТМО,,
Смирнов В.И.,ФПМИ,,
Козлов М.Ю.,ФИТ,ассистент,к.н.
Семенов В.И.,ФУПМ,профессор,к.н.
Лебедева А.А.,ФРТ,ассистент,
Морозов И.К.,ФМиЕН,,
Новиков З.Т.,ИТМО,профессор,
Алексеев К.М.,ФИТ,доцент,к.н.
Соколов Д.С.,ФРТ,доцент,к.н.
Егоров Ж.Р.,ФИТ,профессор,к.н.
Козлов К.М.,ФМиЕН,,к.н.
Соколов Ж.Р.,ФИТ,доцент,д.н.
Попов К.М.,ФПМИ,ассистент,д.н.
Соколов М.Ю.,ФПМИ,доцент,д.н.
Новиков В.И.,ФРТ,профессор,к.н.
Попов А.А.,ФУПМ,ассистент,д.н.
Соколов Ж.Р.,ФПМИ,профессор,к.н.
Петров Ж.Р.,ФМиЕН,профессор,д.н.
Козлов Е.П.,ФМиМ,ассистент,
Семенов Ж.Р.,ФПМИ,доцент,д.н.
Сидоров Е.П.,ФМиМ,ассистент,к.н.
Семенов Л.О.,ФИТ,ассистент,
Волков Л.О.,ФМиЕН,профессор,к.н.
Козлов Л.О.,ФРТ,,к.н.
Морозов Л.О.,ФРТ,,д.н.
Кузнецов И.К.,ФИВТ,профессор,к.н.
Новиков В.И.,ИТМО,,к.н.
Волков Ж.Р.,ФИВТ,профессор,к.н.
Иванов М.Ю.,ФИТ,ассистент,д.н.
Алексеев И.К.,ИТМО,профессор,
Кузнецов И.К.,ФЭТ,,
Иванов Д.С.,ФПМИ,профессор,к.н.
Лебедева А.А.,ФЭТ,ассистент,
Алексеев Г.Н.,ФИТ,профессор,
Кузнецов Б.В.,ФИТ,ассистент,к.н.
Петров Е.П.,ФРТ,ассистент,к.н.
Иванов Б.В.,ФЭТ,профессор,д.н.
Новиков И.К.,ФРТ,,д.н.
Кузнецов М.Ю.,ФМиМ,доцент,
Лебедев Б.В.,ФИВТ,,
Сидоров Д.С.,ФИТ,,к.н.
Алексеев Г.Н.,ФРТ,доцент,д.н.
Волков Е.П.,ФУПМ,доцент,д.н.
Алексеев И.К.,ФМиМ,ассистент,д.н.
Морозов Б.В.,ФЭТ,профессор,к.н.
Алексеев З.Т.,ФРТ,профессор,к.н.
Соколов Д.С.,ФИТ,доцент,к.н.
Соколов И.К.,ФЭТ,доцент,к.н.
Волков Б.В.,ФПМИ,ассистент,
Соколов А.А.,ФУПМ,профессор,к.н.
Новиков Д.С.,ФУПМ,,к.н.
Иванов И.К.,ФМиМ,ассистент,д.н.
Сидоров М.Ю.,ФМиЕН,ассистент,д.н.
Егоров И.К.,ФИВТ,доцент,
Смирнов Г.Н.,ФМиМ,профессор,д.н.
Сидоров Б.В.,ФИТ,профессор,д.н.
Соколов Г.Н.,ФПМИ,ассистент,
Петров Д.С.,ФУПМ,ассистент,
Козлов М.Ю.,ФПМИ,,д.н.
Новиков Б.В.,ФУПМ,доцент,
Егоров В.И.,ФИВТ,доцент,к.н.
Егоров И.К.,ФМиЕН,доцент,
Егоров З.Т.,ФМиЕН,доцент,
Попов М.Ю.,ФМиЕН,доцент,к.н.
Иванов И.К.,ИТМО,ассистент,
Сидоров В.И.,ФИВТ,профессор,
Егоров Г.Н.,ФИТ,,
Волков В.И.,ФИТ,,к.н.
Алексеев М.Ю.,ФРТ,доцент,
Егоров Б.В.,ФИВТ,,
Петров Л.О.,ФУПМ,профессор,
Волков М.Ю.,ФИВТ,ассистент,к.н.
Попов Г.Н.,ФИВТ,доцент,д.н.
Волков Г.Н.,ФЭТ,профессор,
Сидоров Е.П.,ФИТ,доцент,
Попов Е.П.,ИТМО,,д.н.
Семенов И.К.,ФРТ,доцент,к.н.
Волков Е.П.,ФПМИ,,
Егоров Г.Н.,ФУПМ,ассистент,д.н.
Волков Г.Н.,ФФ,доцент,к.н.
Новиков М.Ю.,ФФ,профессор,д.н.
Лебедева Д.С.,ФМиЕН,профессор,к.н.
Козлов А.А.,ФРТ,ассистент,к.н.
Лебедев З.Т.,ФРТ,профессор,
Лебедев Д.С.,ФУПМ,профессор,д.н.
Соколов А.А.,ФФ,доцент,к.н.
Лебедева Ж.Р.,ФЭТ,доцент,к.н.
Кузнецов Б.В.,ФЭТ,доцент,
Сидоров К.М.,ФМиМ,,д.н.
Новиков Б.В.,ФИТ,ассистент,д.н.
Морозов К.М.,ФУПМ,доцент,
Иванов Д.С.,ФФ,профессор,к.н.
Егоров А.А.,ФМиЕН,доцент,к.н.
Алексеев А.А.,ФФ,,к.н.
Козлов Е.П.,ФЭТ,ассистент,
Петров Ж.Р.,ФМиЕН,,к.н.
Козлов И.К.,ФМиМ,доцент,
Кузнецов Ж.Р.,ФИВТ,доцент,
Козлов Г.Н.,ФМиМ,доцент,к.н.
Семенов Б.В.,ФФ,профессор,
Кузнецов Е.П.,ФЭТ,доцент,д.н.
Новиков А.А.,ФФ,профессор,д.н.
Соколов А.А.,ФРТ,доцент,д.н.
Морозов И.К.,ФМиЕН,профессор,
Сидоров З.Т.,ИТМО,ассистент,к.н.
Алексеев К.М.,ФУПМ,ассистент,к.н.
Смирнов А.А.,ФПМИ,профессор,д.н.
Новиков Г.Н.,ФИТ,ассистент,
Сидоров З.Т.,ФЭТ,доцент,
Алексеев В.И.,ФУПМ,ассистент,д.н.
Новиков Д.С.,ФФ,профессор,
Петров В.И.,ФФ,,к.н.
Сидоров З.Т.,ФУПМ,,к.н.
Петров Г.Н.,ИТМО,профессор,к.н.
Лебедев Д.С.,ФМиМ,доцент,
Волков К.М.,ИТМО,,
Волков А.А.,ФФ,ассистент,к.н.
Попов И.К.,ФПМИ,доцент,д.н.
Волков В.И.,ФУПМ,профессор,д.н.
Алексеев М.Ю.,ФУПМ,профессор,
Морозов В.И.,ФУПМ,доцент,
Попов В.И.,ФИВТ,доцент,
Егоров Л.О.,ФУПМ,доцент,д.н.
Петров Л.О.,ФИВТ,доцент,д.н.
Соколов А.А.,ФМиМ,,к.н.
Иванов Ж.Р.,ФРТ,ассистент,
Егоров З.Т.,ФМиМ,профессор,к.н.
Новиков Л.О.,ИТМО,,
Волков И.К.,ФИВТ,ассистент,
Сидоров И.К.,ФУПМ,доцент,к.н.
Семенов Г.Н.,ФУПМ,профессор,к.н.
Иванов З.Т.,ФРТ,,
Смирнов Д.С.,ФМиМ,профессор,к.н.
Кузнецов И.К.,ФМиМ,профессор,д.н.
Соколов Г.Н.,ФУПМ,,к.н.
Соколов Г.Н.,ФМиЕН,,
Волков Е.П.,ФУПМ,доцент,к.н.
Смирнов Е.П.,ИТМО,профессор,д.н.
Лебедев Е.П.,ИТМО,профессор,к.н.
Иванов Л.О.,ФФ,профессор,
Алексеев К.М.,ФМиЕН,доцент,д.н.
Новиков К.М.,ФИТ,,
Сидоров И.К.,ИТМО,доцент,
Кузнецов К.М.,ФФ,доцент,к.н.
Кузнецов Л.О.,ФИТ,,к.н.
Лебедев Ж.Р.,ФРТ,профессор,к.н.
Соколов И.К.,ФЭТ,,к.н.
Попов Г.Н.,ФФ,,д.н.
Петров Г.Н.,ИТМО,доцент,к.н.
Волков Д.С.,ИТМО,ассистент,
Петров В.И.,ФУПМ,ассистент,к.н.
Алексеев Л.О.,ФРТ,ассистент,к.н.
Лебедева В.И.,ФМиМ,профессор,д.н.
Морозов З.Т.,ФМиМ,,
Иванов А.А.,ФИТ,доцент,
Семенов Г.Н.,ИТМО,,к.н.
Иванов И.К.,ФМиЕН,ассистент,
Попов З.Т.,ФМиМ,,к.н.
Лебедев А.А.,ФМиЕН,ассистент,
Лебедев К.М.,ФПМИ,доцент,
Сидоров Б.В.,ФИВТ,,
Петров Е.П.,ФИВТ,ассистент,д.н.
Лебедева И.К.,ИТМО,ассистент,к.н.
Смирнов Б.В.,ФМиМ,,
Попов Е.П.,ФРТ,доцент,д.н.
Смирнов З.Т.,ФПМИ,ассистент,к.н.
Лебедева Е.П.,ФРТ,доцент,д.н.
Алексеев Г.Н.,ФРТ,,д.н.
Волков А.А.,ФУПМ,ассистент,к.н.
Алексеев Ж.Р.,ФЭТ,доцент,д.н.
Лебедев И.К.,ФФ,ассистент,д.н.
Семенов Г.Н.,ФЭТ,профессор,
Лебедев Б.В.,ФРТ,доцент,д.н.
Лебедева Д.С.,ФПМИ,,к.н.
Морозов З.Т.,ФМиЕН,доцент,к.н.
Козлов И.К.,ИТМО,профессор,д.н.
Егоров Л.О.,ФФ,доцент,
Иванов Г.Н.,ИТМО,ассистент,к.н.
Козлов Б.В.,ФУПМ,профессор,д.н.
Лебедева Л.О.,ФМиЕН,,д.н.
Сидоров Л.О.,ФПМИ,профессор,
Новиков З.Т.,ФФ,профессор,к.н.
Сидоров М.Ю.,ФИВТ,,д.н.
Лебедева К.М.,ФИТ,,к.н.
Сидоров А.А.,ФРТ,профессор,д.н.
Козлов И.К.,ФИВТ,доцент,д.н.
Новиков А.А.,ФМиЕН,доцент,к.н.
Соколов Г.Н.,ФУПМ,,д.н.
Егоров Б.В.,ФПМИ,,к.н.
Морозов Е.П.,ИТМО,ассистент,к.н.
Егоров Л.О.,ФПМИ,,д.н.
Иванов Е.П.,ФИТ,ассистент,д.н.
Петров И.К.,ФЭТ,профессор,
Петров А.А.,ИТМО,профессор,
Алексеев Д.С.,ФМиМ,ассистент,д.н.
Петров Л.О.,ФИВТ,,к.н.
Лебедева К.М.,ФМиМ,доцент,д.н.
Лебедева М.Ю.,ФРТ,,д.н.
Иванов В.И.,ФРТ,профессор,к.н.
Семенов Г.Н.,ФЭТ,,к.н.
Семенов Е.П.,ФУПМ,доцент,к.н.
Кузнецов Л.О.,ФПМИ,ассистент,к.н.
Алексеев А.А.,ФМиМ,ассистент,
Лебедева В.И.,ФМиМ,доцент,д.н.
Семенов К.М.,ФУПМ,ассистент,к.н.
Соколов В.И.,ФМиЕН,ассистент,
Новиков З.Т.,ФРТ,профессор,
Сидоров Л.О.,ФПМИ,профессор,к.н.
Петров З.Т.,ФИВТ,,
Попов Г.Н.,ИТМО,,д.н.
Попов Б.В.,ФФ,,
Семенов Б.В.,ФФ,ассистент,д.н.
Соколов М.Ю.,ФУПМ,ассистент,д.н.
Кузнецов Л.О.,ФИТ,доцент,
Волков М.Ю.,ФУПМ,доцент,к.н.
Иванов И.К.,ФЭТ,доцент,к.н.
Соколов Л.О.,ФРТ,доцент,д.н.
Смирнов Б.В.,ФЭТ,профессор,к.н.
Алексеев Д.С.,ФМиЕН,ассистент,к.н.
Смирнов З.Т.,ФПМИ,,к.н.
Козлов Г.Н.,ФИТ,,к.н.
Козлов З.Т.,ФРТ,,к.н.
Петров К.М.,ФПМИ,профессор,
Соколов А.А.,ФЭТ,доцент,д.н.
Алексеев И.К.,ФМиЕН,профессор,к.н.
Смирнов Д.С.,ФМиМ,профессор,к.н.
Новиков В.И.,ФИВТ,,
Кузнецов Д.С.,ФПМИ,доцент,д.н.
Кузнецов В.И.,ФФ,ассистент,
Алексеев К.М.,ФРТ,профессор,
Егоров Л.О.,ФФ,ассистент,
Кузнецов Е.П.,ФПМИ,доцент,д.н.
Егоров Е.П.,ФИВТ,,
Лебедев М.Ю.,ФУПМ,доцент,д.н.
Попов В.И.,ФФ,доцент,к.н.
Новиков Г.Н.,ФЭТ,ассистент,
Петров З.Т.,ФМиЕН,профессор,к.н.
Соколов Л.О.,ФМиЕН,ассистент,
Морозов Г.Н.,ФИТ,профессор,
Соколов З.Т.,ФФ,,к.н.
Алексеев И.К.,ФУПМ,ассистент,
Попов В.И.,ФИВТ,,к.н.
Иванов Д.С.,ФИТ,доцент,к.н.
Морозов М.Ю.,ФЭТ,профессор,к.н.
Лебедев Е.П.,ФУПМ,профессор,д.н.
Алексеев Ж.Р.,ФЭТ,профессор,к.н.
Алексеев Е.П.,ФПМИ,ассистент,
Алексеев Б.В.,ФУПМ,ассистент,
Иванов Б.В.,ФУПМ,ассистент,д.н.
Алексеев И.К.,ФУПМ,доцент,д.н.
Алексеев М.Ю.,ФМиЕН,ассистент,
Лебедев К.М.,ФИВТ,ассистент,д.н.
Новиков Е.П.,ФИВТ,,д.н.
Лебедева Д.С.,ФМиМ,,к.н.
Егоров И.К.,ФФ,профессор,д.н.
Петров И.К.,ИТМО,профессор,к.н.
Петров Б.В.,ФПМИ,,
Семенов Г.Н.,ФУПМ,доцент,
Петров В.И.,ФМиЕН,,к.н.
Морозов Г.Н.,ФРТ,профессор,
Смирнов К.М.,ФПМИ,ассистент,д.н.
Смирнов Е.П.,ФМиЕН,профессор,к.н.
Иванов З.Т.,ФУПМ,ассистент,
Егоров В.И.,ИТМО,ассистент,д.н.
Петров К.М.,ФФ,,к.н.
Иванов В.И.,ИТМО,,д.н.
Козлов Е.П.,ФПМИ,профессор,д.н.
Морозов Б.В.,ФЭТ,доцент,к.н.
Семенов Д.С.,ФРТ,доцент,д.н.
Волков Б.В.,ФЭТ,доцент,
Смирнов Д.С.,ФРТ,ассистент,к.н.
Козлов Л.О.,ФУПМ,ассистент,к.н.
Егоров М.Ю.,ФИВТ,ассистент,
Семенов З.Т.,ФМиМ,ассистент,
Сидоров И.К.,ФИВТ,профессор,к.н.
Лебедева И.К.,ФУПМ,доцент,к.н.
Морозов Д.С.,ФРТ,профессор,д.н.
Алексеев Ж.Р.,ФФ,доцент,д.н.
Иванов Е.П.,ФМиЕН,,к.н.
Кузнецов Г.Н.,ФМиЕН,доцент,д.н.
Новиков Б.В.,ФМиЕН,,
Новиков Е.П.,ФМиЕН,,к.н.
Козлов Ж.Р.,ФЭТ,профессор,к.н.
Лебедев Ж.Р.,ФУПМ,ассистент,д.н.
Морозов Г.Н.,ФПМИ,доцент,к.н.
Семенов Г.Н.,ФМиМ,,к.н.
Попов М.Ю.,ФПМИ,профессор,д.н.
Смирнов Л.О.,ИТМО,ассистент,д.н.
Алексеев З.Т.,ФИТ,профессор,
Лебедева Ж.Р.,ФУПМ,ассистент,к.н.
Смирнов М.Ю.,ФМиЕН,доцент,
Иванов И.К.,ФИВТ,профессор,
Алексеев В.И.,ФПМИ,профессор,к.н.
Смирнов Г.Н.,ФИВТ,профессор,
Сидоров З.Т.,ФМиЕН,ассистент,
Алексеев И.К.,ИТМО,доцент,к.н.
Новиков Б.В.,ФЭТ,доцент,к.н.
Иванов И.К.,ФУПМ,ассистент,к.н.
Иванов Ж.Р.,ФРТ,,
Алексеев Ж.Р.,ФФ,ассистент,д.н.
Волков В.И.,ФИТ,,к.н.
Новиков К.М.,ФЭТ,доцент,к.н.
Морозов З.Т.,ФУПМ,профессор,
Петров В.И.,ФПМИ,доцент,к.н.
Сидоров Ж.Р.,ФПМИ,ассистент,к.н.
Смирнов Ж.Р.,ФФ,профессор,д.н.
Новиков И.К.,ИТМО,,д.н.
Алексеев В.И.,ФИТ,профессор,к.н.
Морозов Г.Н.,ФУПМ,профессор,д.н.
Егоров З.Т.,ФПМИ,,
Кузнецов Ж.Р.,ФУПМ,профессор,д.н.
Морозов Л.О.,ФМиМ,ассистент,к.н.
Лебедева К.М.,ФРТ,ассистент,к.н.
Волков В.И.,ФМиЕН,доцент,
Новиков К.М.,ФИВТ,ассистент,
Кузнецов И.К.,ФЭТ,профессор,к.н.
Сидоров В.И.,ФФ,доцент,к.н.
Петров И.К.,ИТМО,ассистент,
Семенов К.М.,ФРТ,доцент,к.н.
Алексеев В.И.,ФУПМ,,д.н.
Алексеев В.И.,ФИТ,,
Сидоров В.И.,ФМиЕН,ассистент,д.н.
Волков А.А.,ФИТ,,
Сидоров И.К.,ФИТ,профессор,д.н.
Егоров Д.С.,ФИВТ,ассистент,д.н.
Волков Ж.Р.,ФУПМ,доцент,д.н.
Волков И.К.,ФМиМ,доцент,к.н.
Лебедев К.М.,ИТМО,,д.н.
Егоров А.А.,ИТМО,доцент,
Соколов М.Ю.,ФМиЕН,доцент,к.н.
Иванов Г.Н.,ФРТ,доцент,к.н.
Лебедева Ж.Р.,ИТМО,доцент,д.н.
Семенов В.И.,ФФ,доцент,
Иванов Г.Н.,ФМиМ,доцент,к.н.
Петров В.И.,ФМиЕН,доцент,к.н.
Петров Д.С.,ФРТ,,к.н.
Сидоров Б.В.,ФМиМ,,д.н.
Новиков А.А.,ФФ,,к.н.
Лебедев В.И.,ФИВТ,,д.н.
Козлов Ж.Р.,ИТМО,профессор,
Волков Ж.Р.,ФИТ,,к.н.
Егоров Д.С.,ФФ,ассистент,
Сидоров М.Ю.,ФРТ,,д.н.
Егоров Л.О.,ФИВТ,доцент,д.н.
Попов Д.С.,ФМиМ,профессор,к.н.
Козлов В.И.,ИТМО,профессор,
Егоров Г.Н.,ФИВТ,ассистент,к.н.
Петров В.И.,ФИВТ,ассистент,д.н.
Лебедева Ж.Р.,ФРТ,ассистент,д.н.
Семенов И.К.,ФПМИ,доцент,к.н.
Алексеев Ж.Р.,ФИВТ,профессор,к.н.
Егоров М.Ю.,ФМиМ,доцент,к.н.
Волков К.М.,ФИВТ,доцент,
Петров Ж.Р.,ФРТ,профессор,
Петров Е.П.,ФМиМ,доцент,к.н.
Петров И.К.,ФФ,,к.н.
Алексеев Г.Н.,ФПМИ,,д.н.
Петров З.Т.,ФПМИ,доцент,д.н.
Алексеев Л.О.,ФИВТ,доцент,д.н.
Новиков К.М.,ФФ,,
Иванов Ж.Р.,ФФ,,д.н.
Егоров И.К.,ИТМО,профессор,к.н.
Лебедев Б.В.,ФМиЕН,ассистент,
Лебедева Л.О.,ФИВТ,профессор,
Новиков Д.С.,ФИТ,профессор,к.н.
Кузнецов А.А.,ФПМИ,доцент,к.н.
Волков К.М.,ФРТ,доцент,
Лебедева Д.С.,ФМиЕН,профессор,д.н.
Волков Г.Н.,ФМиЕН,,к.н.
Петров Л.О.,ФЭТ,профессор,к.н.
Козлов К.М.,ФФ,профессор,
Смирнов И.К.,ИТМО,ассистент,д.н.
Семенов З.Т.,ФРТ,ассистент,д.н.
Попов В.И.,ФИТ,ассистент,к.н.
Егоров Г.Н.,ФМиМ,,
Кузнецов К.М.,ФМиЕН,ассистент,д.н.
Морозов Д.С.,ФФ,профессор,
Иванов Е.П.,ИТМО,,к.н.
Иванов Б.В.,ФРТ,,
Морозов Е.П.,ФЭТ,,к.н.
Иванов З.Т.,ФРТ,,д.н.
Лебедева И.К.,ФИВТ,,
Петров Ж.Р.,ФФ,ассистент,к.н.
Алексеев В.И.,ФУПМ,ассистент,д.н.
Попов Л.О.,ФМиЕН,,к.н.
Алексеев Е.П.,ФФ,,д.н.
Соколов Б.В.,ФИВТ,доцент,
Попов Ж.Р.,ИТМО,профессор,к.н.
Егоров З.Т.,ФПМИ,,д.н.
Козлов Ж.Р.,ФМиМ,ассистент,
Егоров З.Т.,ФЭТ,профессор,
Морозов М.Ю.,ФИВТ,доцент,к.н.
Лебедев Ж.Р.,ФЭТ,ассистент,
Козлов Е.П.,ФФ,профессор,д.н.
Петров В.И.,ФПМИ,профессор,
Иванов Б.В.,ФМиМ,профессор,
Новиков Б.В.,ФМиЕН,ассистент,к.н.
Иванов Л.О.,ФМиМ,ассистент,
Лебедев М.Ю.,ФПМИ,профессор,д.н.
Смирнов К.М.,ФФ,доцент,к.н.
Егоров И.К.,ФИВТ,ассистент,к.н.
Сидоров А.А.,ФПМИ,,к.н.
Иванов А.А.,ФЭТ,профессор,
Алексеев И.К.,ФИВТ,ассистент,к.н.
Егоров Б.В.,ИТМО,,д.н.
Новиков Б.В.,ФМиЕН,ассистент,
Сидоров Ж.Р.,ФЭТ,профессор,к.н.
Петров А.А.,ФМиМ,доцент,
Попов В.И.,ФИВТ,профессор,к.н.
Егоров Д.С.,ФИТ,профессор,д.н.
Морозов Г.Н.,ФМиЕН,профессор,к.н.
Новиков Е.П.,ФПМИ,профессор,к.н.
Алексеев К.М.,ФИВТ,ассистент,
Лебедева Г.Н.,ФПМИ,профессор,д.н.
Волков В.И.,ИТМО,профессор,к.н.
Лебедева К.М.,ФФ,профессор,д.н.
Петров Б.В.,ФМиМ,,к.н.
Сидоров З.Т.,ФУПМ,,к.н.
Петров З.Т.,ФИТ,,к.н.
Семенов Л.О.,ФФ,ассистент,к.н.
Козлов Ж.Р.,ФФ,доцент,к.н.
Кузнецов Г.Н.,ФФ,ассистент,д.н.
Попов М.Ю.,ФЭТ,профессор,
Лебедева М.Ю.,ФИТ,,
Попов З.Т.,ФРТ,ассистент,д.н.
Егоров А.А.,ФЭТ,доцент,
Егоров Ж.Р.,ФМиМ,ассистент,
Алексеев К.М.,ФРТ,доцент,к.н.
Алексеев Е.П.,ИТМО,,д.н.
Попов Д.С.,ФЭТ,доцент,к.н.
Лебедев Ж.Р.,ФУПМ,,
Лебедев Л.О.,ФУПМ,профессор,
Морозов Ж.Р.,ФРТ,профессор,к.н.
Петров Е.П.,ФИВТ,ассистент,д.н.
Новиков В.И.,ФИВТ,профессор,
Егоров Д.С.,ФПМИ,профессор,к.н.
Козлов Е.П.,ФРТ,профессор,д.н.
Петров Д.С.,ФИТ,профессор,
Петров М.Ю.,ИТМО,,д.н.
Козлов И.К.,ФИТ,ассистент,д.н.
Кузнецов Ж.Р.,ФИВТ,доцент,
Алексеев Б.В.,ФПМИ,,
Кузнецов Д.С.,ФПМИ,доцент,
Иванов Д.С.,ФУПМ,профессор,к.н.
Морозов Е.П.,ФИТ,доцент,к.н.
Козлов Б.В.,ИТМО,профессор,
Лебедева А.А.,ФРТ,ассистент,д.н.
Новиков З.Т.,ФЭТ,ассистент,к.н.
Кузнецов Г.Н.,ФПМИ,профессор,к.н.
Попов Е.П.,ФМиМ,,д.н.
Лебедева А.А.,ФПМИ,ассистент,к.н.
Семенов Г.Н.,ФУПМ,профессор,д.н.
Кузнецов Г.Н.,ФМиЕН,ассистент,
Морозов Б.В.,ФМиЕН,доцент,д.н.
Морозов К.М.,ФРТ,профессор,к.н.
Егоров Б.В.,ФМиЕН,ассистент,
Кузнецов К.М.,ФИТ,доцент,д.н.
Иванов Е.П.,ФРТ,профессор,к.н.
Егоров Л.О.,ФУПМ,доцент,д.н.
Иванов К.М.,ФРТ,ассистент,
Алексеев Ж.Р.,ФЭТ,ассистент,д.н.
Соколов Д.С.,ФФ,профессор,
Смирнов Г.Н.,ФПМИ,доцент,
Новиков К.М.,ИТМО,доцент,
Иванов В.И.,ФИТ,профессор,
Морозов Е.П.,ФЭТ,ассистент,
Смирнов Ж.Р.,ФМиМ,ассистент,
Егоров Г.Н.,ФИТ,ассистент,
Новиков В.И.,ФПМИ,ассистент,
Лебедева М.Ю.,ФУПМ,доцент,к.н.
Сидоров И.К.,ФФ,доцент,
Новиков Г.Н.,ФУПМ,ассистент,к.н.
Кузнецов А.А.,ФИВТ,доцент,д.н.
Смирнов И.К.,ФМиЕН,доцент,к.н.
Семенов Д.С.,ФФ,профессор,к.н.
Иванов Б.В.,ФПМИ,ассистент,
Соколов И.К.,ФУПМ,,д.н.
Алексеев И.К.,ФИТ,ассистент,д.н.
Волков А.А.,ИТМО,профессор,к.н.
Соколов Ж.Р.,ФПМИ,ассистент,к.н.
Морозов Г.Н.,ФУПМ,доцент,
Волков Ж.Р.,ФЭТ,ассистент,к.н.
Алексеев Л.О.,ФФ,ассистент,д.н.
Новиков Д.С.,ФРТ,доцент,д.н.
Лебедев И.К.,ФПМИ,ассистент,д.н.
Семенов В.И.,ФЭТ,профессор,
Сидоров З.Т.,ФФ,доцент,к.н.
Смирнов З.Т.,ИТМО,доцент,к.н.
Козлов А.А.,ФПМИ,,
Смирнов Б.В.,ФИТ,доцент,д.н.
Егоров В.И.,ФМиМ,ассистент,д.н.
Волков В.И.,ФФ,ассистент,
Иванов М.Ю.,ИТМО,доцент,д.н.
Козлов В.И.,ФПМИ,,д.н.
Морозов В.И.,ФЭТ,,д.н.
Кузнецов Д.С.,ФПМИ,доцент,д.н.
Морозов Г.Н.,ФИТ,,
Морозов И.К.,ФМиЕН,профессор,
Попов К.М.,ФФ,доцент,д.н.
Лебедева Д.С.,ФЭТ,профессор,к.н.
Козлов З.Т.,ИТМО,,к.н.
Лебедева Г.Н.,ФРТ,доцент,
Новиков З.Т.,ФПМИ,,
Алексеев М.Ю.,ФФ,ассистент,д.н.
Соколов З.Т.,ИТМО,доцент,
Морозов Л.О.,ФМиЕН,ассистент,к.н.
Волков Д.С.,ФМиМ,ассистент,
Козлов Ж.Р.,ФРТ,,к.н.
Морозов Д.С.,ИТМО,профессор,к.н.
Егоров Е.П.,ФМиЕН,доцент,д.н.
Сидоров М.Ю.,ФУПМ,ассистент,к.н.
Лебедева А.А.,ФИВТ,доцент,к.н.
Волков К.М.,ФМиМ,,к.н.
Семенов М.Ю.,ФРТ,,к.н.
Волков В.И.,ФФ,,к.н.
Кузнецов Б.В.,ФИВТ,,
Лебедев Б.В.,ФМиЕН,доцент,д.н.
Новиков Л.О.,ФРТ,доцент,к.н.
Морозов В.И.,ФИТ,ассистент,к.н.
Егоров В.И.,ФЭТ,,
Соколов И.К.,ФМиМ,доцент,
Кузнецов В.И.,ФУПМ,доцент,д.н.
Волков А.А.,ФИВТ,ассистент,д.н.
Кузнецов Д.С.,ИТМО,доцент,к.н.
Сидоров Г.Н.,ФПМИ,,к.н.
Попов В.И.,ИТМО,,к.н.
Иванов И.К.,ФФ,ассистент,к.н.
Сидоров З.Т.,ФИТ,доцент,к.н.
Петров А.А.,ФУПМ,доцент,к.н.
Петров Ж.Р.,ФУПМ,профессор,к.н.
Новиков Б.В.,ФИТ,профессор,
Морозов Е.П.,ФМиМ,,д.н.
Новиков Е.П.,ИТМО,,к.н.
Алексеев З.Т.,ФФ,доцент,
Морозов З.Т.,ФПМИ,доцент,к.н.
Новиков Б.В.,ФМиМ,доцент,д.н.
Волков И.К.,ФМиЕН,профессор,д.н.
Соколов З.Т.,ФПМИ,,
Попов К.М.,ФМиЕН,профессор,к.н.
Морозов Б.В.,ФМиЕН,ассистент,д.н.
Козлов К.М.,ФУПМ,ассистент,д.н.
Морозов З.Т.,ФИТ,ассистент,д.н.
Новиков А.А.,ФИВТ,,к.н.
Лебедева А.А.,ФИВТ,ассистент,
Попов И.К.,ФЭТ,ассистент,к.н.
Егоров Д.С.,ФМиЕН,,д.н.
Иванов К.М.,ФМиМ,доцент,
Кузнецов Е.П.,ФМиЕН,доцент,к.н.
Козлов Е.П.,ИТМО,профессор,д.н.
Лебедев Д.С.,ФПМИ,ассистент,
Петров З.Т.,ФУПМ,,к.н.
Иванов К.М.,ФРТ,профессор,к.н.
Семенов В.И.,ФИВТ,доцент,к.н.
Петров Д.С.,ИТМО,,к.н.
Семенов Г.Н.,ФЭТ,профессор,
Попов Г.Н.,ФУПМ,профессор,
Новиков Д.С.,ИТМО,доцент,к.н.
Иванов М.Ю.,ФФ,,
Сидоров В.И.,ФИТ,ассистент,к.н.
Иванов Ж.Р.,ФИВТ,ассистент,
Кузнецов Л.О.,ФМиЕН,,к.н.
Новиков Д.С.,ФИВТ,доцент,
Козлов В.И.,ФИВТ,доцент,к.н.
Кузнецов А.А.,ФФ,доцент,д.н.
Сидоров М.Ю.,ФИТ,,к.н.
Новиков Д.С.,ФПМИ,,д.н.
Кузнецов З.Т.,ФИВТ,,д.н.
Сидоров А.А.,ФИВТ,,
Иванов К.М.,ФЭТ,,к.н.
Алексеев Ж.Р.,ФПМИ,,к.н.
Алексеев К.М.,ФФ,профессор,к.н.
Алексеев К.М.,ФМиЕН,,
Козлов Д.С.,ФУПМ,профессор,к.н.
Новиков В.И.,ФУПМ,доцент,д.н.
Лебедев А.А.,ИТМО,профессор,д.н.
Иванов Е.П.,ИТМО,,д.н.
Лебедев А.А.,ФМиЕН,,к.н.
Смирнов К.М.,ФПМИ,доцент,к.н.
Сидоров В.И.,ФРТ,ассистент,
Егоров Л.О.,ФИВТ,,д.н.
Егоров К.М.,ФМиЕН,,к.н.
Смирнов Г.Н.,ФПМИ,доцент,к.н.
Лебедев Д.С.,ФМиМ,,д.н.
Петров К.М.,ФМиМ,ассистент,д.н.
Алексеев К.М.,ФИТ,ассистент,
Семенов З.Т.,ФИВТ,ассистент,
Егоров В.И.,ФРТ,,к.н.
Кузнецов И.К.,ФРТ,профессор,
Соколов И.К.,ФРТ,ассистент,д.н.
Лебедев Г.Н.,ФУПМ,профессор,д.н.
Кузнецов М.Ю.,ФФ,доцент,
Кузнецов Г.Н.,ФИТ,профессор,д.н.
Морозов З.Т.,ФМиМ,профессор,к.н.
Козлов В.И.,ФМиМ,доцент,
Волков А.А.,ФИТ,ассистент,
Соколов И.К.,ФМиМ,профессор,к.н.
Козлов В.И.,ФПМИ,ассистент,к.н.
Семенов Ж.Р.,ФМиЕН,ассистент,
Алексеев Ж.Р.,ФМиЕН,ассистент,д.н.
Морозов Д.С.,ФУПМ,,к.н.
Егоров И.К.,ФФ,ассистент,
Морозов Г.Н.,ФЭТ,доцент,к.н.
Лебедев А.А.,ФФ,доцент,д.н.
Соколов Б.В.,ФМиЕН,,
Морозов Е.П.,ФИВТ,профессор,д.н.
Попов Б.В.,ФФ,,
Лебедев З.Т.,ФМиМ,ассистент,к.н.
Сидоров Д.С.,ИТМО,,к.н.
Петров Д.С.,ФУПМ,доцент,к.н.
Сидоров Д.С.,ФМиЕН,доцент,к.н.
Морозов И.К.,ФМиМ,доцент,д.н.
Козлов Е.П.,ФМиЕН,,
Смирнов Л.О.,ФИВТ,доцент,
Смирнов В.И.,ФИВТ,ассистент,к.н.
Волков И.К.,ФИТ,ассистент,д.н.
Попов З.Т.,ФФ,ассистент,к.н.
Сидоров Е.П.,ФПМИ,,д.н.
Морозов Б.В.,ФУПМ,профессор,
Волков Л.О.,ФПМИ,доцент,
Иванов А.А.,ФИТ,,
Сидоров Е.П.,ФМиЕН,ассистент,
Морозов Д.С.,ФФ,профессор,к.н.
Петров И.К.,ФФ,профессор,к.н.
Егоров Б.В.,ФФ,ассистент,д.н.
Егоров З.Т.,ФУПМ,,к.н.
Кузнецов Е.П.,ФИВТ,профессор,к.н.
Козлов М.Ю.,ФМиМ,доцент,к.н.
Сидоров З.Т.,ФМиЕН,ассистент,д.н.
Попов И.К.,ФФ,,к.н.
Смирнов И.К.,ФМиЕН,ассистент,
Морозов А.А.,ИТМО,профессор,д.н.
Новиков М.Ю.,ИТМО,доцент,
Смирнов Ж.Р.,ФУПМ,доцент,
Лебедева М.Ю.,ФМиЕН,,к.н.
Семенов А.А.,ФИВТ,доцент,к.н.
Петров З.Т.,ФЭТ,ассистент,к.н.
Смирнов Г.Н.,ИТМО,ассистент,
Соколов Ж.Р.,ФУПМ,профессор,к.н.
Кузнецов Б.В.,ФИТ,,д.н.
Иванов Г.Н.,ФЭТ,доцент,
Новиков Б.В.,ФЭТ,доцент,
Кузнецов З.Т.,ФИТ,доцент,к.н.
Волков Е.П.,ФУПМ,ассистент,
Иванов Е.П.,ФУПМ,профессор,
Новиков Л.О.,ФИВТ,профессор,д.н.
Семенов И.К.,ФИТ,профессор,к.н.
Волков В.И.,ФЭТ,профессор,к.н.
Волков И.К.,ФЭТ,,
Петров Д.С.,ФМиМ,,д.н.
Попов Л.О.,ФЭТ,профессор,
Лебедев Е.П.,ФИТ,профессор,
Егоров Б.В.,ФРТ,ассистент,
Егоров З.Т.,ФЭТ,ассистент,д.н.
Новиков М.Ю.,ФИВТ,ассистент,к.н.
Петров Б.В.,ФЭТ,,
Алексеев Л.О.,ФФ,доцент,
Семенов Ж.Р.,ФЭТ,доцент,к.н.
Сидоров Д.С.,ФЭТ,,
Козлов К.М.,ФМиЕН,доцент,
Козлов М.Ю.,ФМиМ,,к.н.
Петров Е.П.,ФРТ,доцент,
Алексеев М.Ю.,ФМиМ,профессор,к.н.
Козлов З.Т.,ФФ,,д.н.
Иванов И.К.,ФУПМ,ассистент,к.н.
Морозов Л.О.,ФИВТ,ассистент,д.н.
Волков Г.Н.,ФПМИ,доцент,д.н.
Лебедева Ж.Р.,ИТМО,,к.н.
Петров Е.П.,ФУПМ,ассистент,
Кузнецов К.М.,ФИВТ,доцент,
Смирнов З.Т.,ФФ,ассистент,
Смирнов Л.О.,ФИВТ,,д.н.
Попов Б.В.,ФПМИ,профессор,
Морозов Е.П.,ФПМИ,доцент,д.н.
Волков А.А.,ФФ,ассистент,
Алексеев Д.С.,ФЭТ,профессор,
Козлов Ж.Р.,ФПМИ,профессор,
Егоров М.Ю.,ФИТ,профессор,к.н.
Алексеев А.А.,ФРТ,профессор,д.н.
Алексеев В.И.,ФПМИ,ассистент,д.н.
Смирнов В.И.,ФПМИ,профессор,д.н.
Кузнецов Е.П.,ФРТ,,к.н.
Лебедев В.И.,ФЭТ,ассистент,
Волков Ж.Р.,ИТМО,профессор,
Попов З.Т.,ФРТ,доцент,
Смирнов З.Т.,ФФ,ассистент,к.н.
Козлов З.Т.,ФФ,профессор,к.н.
Сидоров А.А.,ИТМО,ассистент,д.н.
Иванов Е.П.,ФМиЕН,,к.н.
Смирнов Л.О.,ФРТ,доцент,д.н.
Морозов Е.П.,ИТМО,профессор,д.н.
Кузнецов И.К.,ФРТ,,к.н.
Козлов К.М.,ИТМО,доцент,к.н.
Лебедев Д.С.,ФРТ,,
Сидоров К.М.,ФРТ,доцент,д.н.
Егоров Д.С.,ИТМО,,д.н.
Кузнецов Л.О.,ФИВТ,,
Иванов А.А.,ФПМИ,ассистент,к.н.
Егоров Е.П.,ФРТ,доцент,к.н.
Волков Е.П.,ФПМИ,ассистент,д.н.
Попов А.А.,ФИТ,,
Волков К.М.,ФПМИ,профессор,
Козлов Д.С.,ФРТ,ассистент,д.н.
Сидоров М.Ю.,ФИТ,,к.н.
Петров В.И.,ФПМИ,ассистент,
Петров Е.П.,ИТМО,профессор,к.н.
Сидоров З.Т.,ФЭТ,профессор,
Соколов З.Т.,ФЭТ,,
Волков К.М.,ФМиЕН,доцент,д.н.
Иванов М.Ю.,ФИТ,доцент,д.н.
Смирнов В.И.,ФЭТ,профессор,д.н.
Кузнецов И.К.,ФМиМ,профессор,д.н.
Алексеев Ж.Р.,ФИТ,доцент,
Иванов Б.В.,ИТМО,,д.н.
Соколов Г.Н.,ИТМО,ассистент,
Кузнецов З.Т.,ФРТ,ассистент,д.н.
Лебедева Г.Н.,ФМиЕН,доцент,
Алексеев Л.О.,ИТМО,доцент,к.н.
Сидоров Л.О.,ФФ,,
Кузнецов Л.О.,ФПМИ,,к.н.
Егоров Е.П.,ФИТ,профессор,
Иванов И.К.,ФФ,,д.н.
Попов З.Т.,ФПМИ,профессор,к.н.
Смирнов З.Т.,ФРТ,профессор,
Кузнецов Б.В.,ФИТ,профессор,д.н.
Лебедева Л.О.,ФМиЕН,ассистент,к.н.
Алексеев А.А.,ИТМО,профессор,к.н.
Кузнецов К.М.,ФИВТ,доцент,к.н.
Сидоров Д.С.,ФИВТ,профессор,д.н.
Алексеев А.А.,ИТМО,доцент,к.н.
Смирнов Ж.Р.,ФУПМ,,к.н.
Алексеев З.Т.,ФЭТ,,
Морозов И.К.,ФМиЕН,доцент,к.н.
Алексеев З.Т.,ФФ,профессор,к.н.
Морозов И.К.,ФУПМ,доцент,д.н.
Егоров И.К.,ФИТ,профессор,
Морозов И.К.,ФЭТ,,
Иванов Г.Н.,ФРТ,ассистент,
Соколов М.Ю.,ФИВТ,ассистент,д.н.
Семенов Ж.Р.,ФУПМ,ассистент,д.н.
Попов Л.О.,ФУПМ,ассистент,
Волков Л.О.,ФРТ,,к.н.
Алексеев Г.Н.,ФРТ,ассистент,д.н.
Лебедев В.И.,ИТМО,,д.н.
Сидоров В.И.,ФЭТ,доцент,д.н.
Попов М.Ю.,ИТМО,профессор,к.н.
Морозов Л.О.,ФИТ,ассистент,д.н.
Кузнецов В.И.,ФЭТ,ассистент,д.н.
Морозов Д.С.,ФМиЕН,доцент,
Соколов В.И.,ФПМИ,доцент,
Семенов А.А.,ИТМО,ассистент,д.н.
Кузнецов З.Т.,ФРТ,,
Петров Е.П.,ФМиЕН,,
Новиков Д.С.,ФПМИ,доцент,
Лебедева Ж.Р.,ИТМО,доцент,
Егоров В.И.,ФИВТ,профессор,д.н.
Лебедева Г.Н.,ФФ,ассистент,д.н.
Петров Б.В.,ФМиЕН,профессор,
Петров В.И.,ФИВТ,доцент,к.н.
Морозов З.Т.,ИТМО,профессор,к.н.
Сидоров Д.С.,ИТМО,доцент,
Соколов И.К.,ФРТ,,
Морозов З.Т.,ФМиЕН,ассистент,к.н.
